artist,plays,first_played,last_played,tracks,loved_tracks,years
Taylor Swift,1939,2008-08-03,2026-09-06,249,0,2008:8|2010:17|2011:6|2012:4|2013:12|2019:4|2020:126|2021:323|2022:67|2023:140|2024:555|2025:498|2026:179
Red Hot Chili Peppers,1198,2006-02-28,2026-07-15,139,0,2006:148|2007:92|2008:90|2009:156|2010:212|2011:55|2012:115|2013:77|2014:16|2015:4|2017:60|2018:4|2019:24|2020:1|2021:13|2022:17|2023:14|2024:57|2025:38|2026:5
The Beatles,1136,2006-02-28,2026-05-13,179,0,2006:247|2007:206|2008:137|2009:164|2010:219|2011:17|2012:11|2013:79|2019:5|2021:12|2022:1|2024:14|2025:2|2026:22
Thievery Corporation,946,2006-02-28,2026-05-25,225,0,2006:142|2007:78|2008:113|2009:96|2010:116|2011:1|2012:162|2013:107|2014:18|2015:12|2017:61|2018:4|2019:5|2021:8|2023:1|2024:8|2025:1|2026:13
Weezer,845,2006-03-18,2026-07-20,132,0,2006:11|2007:7|2008:22|2009:105|2010:441|2011:34|2012:16|2013:21|2014:4|2015:53|2017:57|2018:3|2019:1|2020:17|2021:37|2022:1|2023:5|2025:7|2026:3
Manu Chao,756,2006-03-01,2026-07-28,129,0,2006:183|2007:89|2008:40|2009:106|2010:211|2012:42|2013:48|2015:28|2023:2|2024:1|2025:5|2026:1
Dave Matthews Band,676,2006-02-28,2026-05-10,129,0,2006:85|2007:66|2008:38|2009:156|2010:175|2011:5|2012:52|2013:45|2014:3|2015:1|2017:1|2019:15|2020:5|2022:6|2023:19|2025:3|2026:1
Stéphane Pompougnac,633,2006-03-01,2025-07-17,141,0,2006:189|2007:70|2008:34|2009:42|2010:70|2011:6|2012:149|2013:25|2014:1|2015:6|2019:33|2021:6|2025:2
Green Day,631,2006-03-02,2026-07-15,158,0,2006:6|2007:6|2008:6|2009:156|2010:118|2011:22|2012:25|2013:32|2014:33|2015:125|2017:51|2018:1|2020:1|2021:5|2022:2|2023:18|2024:2|2025:6|2026:16
Dimitri from Paris,608,2006-03-01,2012-09-17,195,0,2006:237|2007:116|2008:118|2009:50|2010:62|2011:4|2012:21
Pink Floyd,583,2006-03-01,2026-01-12,112,0,2006:26|2007:12|2008:33|2009:204|2010:126|2011:29|2012:21|2014:5|2015:1|2021:49|2022:17|2023:1|2024:22|2025:36|2026:1
The Killers,506,2006-10-26,2026-06-01,76,0,2006:8|2007:29|2008:130|2009:128|2010:83|2011:58|2012:20|2013:22|2015:1|2020:2|2022:5|2023:2|2024:3|2025:3|2026:12
Daft Punk,489,2006-03-02,2026-08-28,101,0,2006:45|2007:31|2008:6|2009:43|2010:8|2011:19|2012:31|2013:100|2014:30|2015:2|2016:1|2017:10|2018:1|2020:4|2021:10|2022:15|2023:21|2024:6|2025:53|2026:53
blink-182,455,2006-03-03,2026-07-19,113,0,2006:6|2007:4|2008:5|2009:3|2010:43|2011:135|2012:3|2013:40|2014:1|2015:38|2017:3|2019:13|2020:1|2021:32|2022:3|2023:40|2025:47|2026:38
Tapio Rautavaara,446,2008-08-13,2024-04-29,40,0,2008:10|2009:9|2010:8|2011:1|2020:199|2021:201|2022:16|2024:2
Wyclef Jean,442,2006-03-30,2020-07-10,135,0,2006:134|2007:81|2008:110|2009:25|2010:54|2011:1|2012:2|2017:29|2018:1|2020:5
Tea,426,2020-10-13,2024-04-29,11,0,2020:114|2021:305|2022:4|2024:3
fun.,421,2012-04-24,2026-07-12,33,0,2012:57|2013:262|2014:1|2015:2|2019:9|2021:7|2022:3|2024:3|2025:65|2026:12
Avicii,409,2012-03-31,2025-06-08,75,0,2012:125|2013:14|2014:3|2015:27|2017:13|2019:9|2021:43|2022:17|2023:31|2024:84|2025:43
Goo Goo Dolls,398,2006-04-01,2026-07-12,100,0,2006:4|2007:21|2008:21|2009:50|2010:58|2011:11|2012:47|2013:15|2014:1|2015:22|2017:25|2018:1|2019:27|2020:59|2021:6|2022:5|2023:4|2024:14|2026:7
Basement Jaxx,390,2006-03-30,2026-04-28,119,0,2006:69|2007:50|2008:47|2009:23|2010:22|2011:4|2012:98|2013:52|2014:14|2017:2|2021:8|2026:1
Seu Jorge,381,2006-02-27,2026-05-08,67,0,2006:70|2007:16|2008:64|2009:72|2010:40|2012:43|2013:47|2014:9|2015:4|2017:2|2022:10|2023:1|2026:3
Billie Eilish,373,2019-06-28,2026-09-06,60,0,2019:1|2021:3|2022:2|2023:2|2024:54|2025:50|2026:261
Bruce Springsteen,366,2006-03-02,2026-06-05,109,0,2006:12|2007:18|2008:46|2009:72|2010:68|2011:35|2012:7|2013:2|2014:3|2015:1|2020:3|2021:36|2022:1|2023:54|2024:1|2025:2|2026:5
Matchbox Twenty,344,2006-02-28,2026-05-20,74,0,2006:6|2007:4|2008:13|2009:6|2010:27|2011:13|2012:39|2013:62|2014:8|2015:11|2017:35|2018:1|2020:14|2021:25|2023:7|2025:18|2026:55
Radiohead,329,2006-03-02,2026-07-15,95,0,2006:9|2007:28|2008:12|2009:10|2010:15|2011:5|2012:2|2013:7|2014:1|2015:3|2017:5|2020:8|2021:12|2022:51|2023:73|2024:83|2026:5
Coldplay,327,2006-03-01,2026-07-24,72,0,2006:13|2007:6|2008:23|2009:29|2010:55|2011:11|2012:21|2013:6|2015:4|2017:3|2019:13|2021:5|2022:20|2023:19|2024:40|2025:29|2026:30
Oasis,321,2006-03-31,2026-07-20,61,0,2006:56|2007:33|2008:17|2009:21|2010:33|2011:16|2012:25|2013:14|2014:1|2015:10|2017:3|2019:2|2021:69|2022:5|2023:2|2024:10|2026:4
Gorillaz,317,2006-04-01,2026-04-29,110,0,2006:9|2007:52|2008:10|2009:33|2010:100|2011:6|2012:1|2013:17|2014:1|2015:2|2017:21|2019:1|2020:3|2022:26|2023:9|2025:19|2026:7
Amadou & Mariam,314,2006-03-30,2026-05-18,98,0,2006:43|2007:16|2008:40|2009:87|2010:32|2011:3|2012:26|2013:37|2015:1|2017:12|2019:6|2022:1|2023:8|2025:1|2026:1
Gym Class Heroes,308,2007-08-03,2026-06-01,74,0,2007:22|2008:1|2009:3|2010:172|2011:6|2012:2|2013:20|2017:1|2019:16|2021:21|2022:6|2023:1|2024:11|2025:14|2026:12
Robin,307,2020-10-26,2026-08-04,5,0,2020:86|2021:211|2022:1|2023:4|2024:3|2026:2
Bob Marley & The Wailers,304,2006-04-02,2022-10-21,71,0,2006:13|2007:34|2008:59|2009:31|2010:66|2011:30|2012:54|2013:1|2014:2|2015:7|2017:2|2021:4|2022:1
Avril Lavigne,303,2006-05-10,2026-07-18,85,0,2006:5|2007:11|2008:33|2009:8|2010:33|2011:33|2012:4|2014:1|2017:9|2018:1|2020:32|2021:20|2022:21|2023:24|2024:1|2025:21|2026:46
Vampire Weekend,298,2008-11-24,2026-07-15,63,0,2008:14|2009:40|2010:118|2011:4|2012:20|2013:43|2015:1|2017:1|2019:8|2021:10|2023:14|2024:10|2025:14|2026:1
David Bowie,293,2006-03-01,2026-05-31,83,0,2006:64|2007:32|2008:30|2009:46|2010:50|2011:2|2012:3|2013:20|2014:4|2015:2|2019:1|2021:1|2022:26|2023:2|2024:3|2026:7
The Smashing Pumpkins,293,2006-03-01,2026-07-15,67,0,2006:18|2007:15|2008:32|2009:41|2010:112|2011:11|2012:5|2013:6|2015:1|2017:3|2019:2|2021:1|2022:1|2023:1|2024:3|2025:7|2026:34
Alicia Keys,291,2007-11-03,2026-07-15,74,0,2007:1|2008:85|2009:86|2010:64|2012:35|2013:1|2014:3|2015:5|2017:2|2019:1|2020:1|2021:1|2022:3|2023:1|2025:1|2026:1
Tom Petty and The Heartbreakers,291,2006-03-01,2026-05-18,24,0,2006:18|2007:55|2008:26|2009:47|2010:86|2011:20|2012:5|2013:9|2017:1|2022:2|2023:8|2026:14
Sia,282,2012-04-24,2026-07-19,107,0,2012:4|2013:1|2014:11|2015:6|2017:23|2018:2|2020:121|2021:30|2022:6|2023:11|2024:61|2025:2|2026:4
Imagine Dragons,274,2013-03-04,2026-03-12,110,0,2013:7|2014:26|2015:1|2017:5|2019:6|2020:2|2021:1|2022:17|2023:4|2024:80|2025:93|2026:32
The National,270,2010-09-07,2026-07-15,75,0,2010:126|2011:11|2013:24|2014:34|2017:2|2020:3|2021:1|2023:36|2024:29|2025:3|2026:1
Phish,261,2006-03-02,2026-05-17,76,0,2006:19|2007:29|2008:18|2009:32|2010:95|2011:1|2012:1|2013:20|2014:39|2015:1|2017:2|2019:1|2022:1|2026:2
Of Monsters and Men,259,2012-05-05,2026-03-12,51,0,2012:27|2013:60|2014:2|2015:28|2017:28|2018:4|2019:12|2020:4|2021:26|2023:23|2024:1|2025:16|2026:28
Bob Dylan,256,2006-03-02,2026-03-09,85,0,2006:6|2007:21|2008:11|2009:29|2010:22|2011:17|2012:6|2013:15|2015:5|2017:1|2021:106|2022:2|2024:7|2025:2|2026:6
Sublime,256,2006-12-18,2023-06-15,85,0,2006:1|2007:131|2008:18|2009:27|2010:23|2011:14|2013:1|2019:35|2020:4|2023:2
Pearl Jam,255,2006-11-09,2026-07-16,72,0,2006:2|2007:16|2008:8|2009:9|2010:105|2011:19|2012:9|2013:2|2015:1|2017:25|2019:1|2020:4|2022:7|2023:2|2024:6|2025:38|2026:1
The Rolling Stones,254,2006-03-01,2026-07-21,57,0,2006:21|2007:39|2008:38|2009:43|2010:64|2011:20|2012:1|2013:3|2015:15|2017:1|2021:1|2022:2|2023:1|2024:2|2026:3
Groove Armada,242,2006-02-28,2026-05-25,60,0,2006:24|2007:19|2008:57|2009:32|2010:15|2011:1|2012:48|2013:35|2014:2|2015:2|2017:3|2023:2|2026:2
Antti Tuisku,240,2012-11-30,2024-11-30,28,0,2012:3|2015:1|2019:21|2020:64|2021:136|2022:6|2023:2|2024:7
Lady Gaga,239,2009-07-14,2026-08-21,48,0,2009:12|2010:18|2011:4|2013:1|2017:1|2020:27|2021:101|2022:4|2023:8|2024:16|2025:9|2026:38
"Earth, Wind & Fire",237,2006-04-02,2025-01-02,79,0,2006:41|2007:26|2008:11|2009:18|2010:36|2012:92|2013:9|2014:1|2020:1|2023:1|2025:1
Michael Jackson,233,2006-03-31,2026-05-10,93,0,2006:20|2007:15|2008:5|2009:119|2010:25|2011:5|2012:18|2013:6|2014:3|2015:2|2019:10|2024:1|2025:1|2026:3
Mumford & Sons,230,2009-10-21,2026-03-05,72,0,2009:1|2010:9|2012:43|2013:40|2014:1|2015:35|2016:7|2017:9|2018:1|2019:20|2020:2|2021:11|2022:8|2023:2|2024:3|2025:3|2026:35
Disney,218,2006-03-14,2013-05-05,47,0,2006:74|2007:23|2008:20|2009:30|2010:64|2011:3|2012:3|2013:1
Gilles Peterson,210,2006-02-28,2022-09-14,83,0,2006:29|2007:24|2008:21|2009:63|2010:35|2011:3|2012:34|2022:1
Beck,208,2006-02-28,2026-07-15,77,0,2006:55|2007:28|2008:12|2009:57|2010:19|2012:5|2013:7|2014:3|2015:2|2017:7|2019:2|2020:2|2022:1|2023:2|2024:2|2026:4
Katy Perry,208,2009-07-14,2026-04-12,31,0,2009:1|2010:20|2011:1|2012:3|2013:3|2014:2|2015:2|2018:1|2019:1|2020:30|2021:99|2022:15|2023:7|2024:9|2025:11|2026:3
Chappell Roan,205,2021-05-03,2026-07-24,17,0,2021:1|2022:1|2024:10|2025:161|2026:32
Emeli Sandé,204,2012-06-20,2024-07-16,65,0,2012:94|2013:24|2014:1|2015:2|2017:21|2019:25|2020:1|2021:32|2022:2|2024:2
Incubus,198,2006-03-01,2026-05-31,47,0,2006:5|2007:11|2008:19|2009:41|2010:35|2011:12|2012:5|2013:2|2014:1|2015:1|2017:1|2021:19|2022:13|2023:3|2024:1|2025:27|2026:2
Smash Mouth,198,2006-03-31,2025-03-04,23,0,2006:20|2007:33|2008:5|2009:7|2010:79|2011:46|2012:2|2013:1|2014:2|2015:1|2017:1|2025:1
Easy Star All-Stars,197,2006-03-30,2025-01-02,105,0,2006:12|2007:12|2008:22|2009:23|2010:23|2012:24|2013:1|2014:62|2019:12|2021:4|2022:1|2025:1
David Guetta,194,2009-08-07,2026-09-02,45,0,2009:8|2010:17|2011:1|2012:116|2013:13|2014:2|2015:7|2017:2|2018:1|2020:4|2021:3|2022:4|2023:8|2024:4|2025:3|2026:1
Kings of Leon,193,2009-07-14,2026-06-01,64,0,2009:14|2010:46|2011:42|2012:26|2013:5|2014:1|2017:3|2019:1|2020:12|2023:2|2025:21|2026:20
The Offspring,193,2006-05-10,2026-05-29,97,0,2006:1|2007:4|2008:3|2009:23|2010:48|2011:33|2012:17|2013:25|2015:15|2017:3|2020:1|2022:16|2023:1|2024:1|2026:2
ABBA,189,2006-11-03,2026-08-28,26,0,2006:1|2007:1|2008:13|2009:2|2010:5|2011:3|2012:33|2013:7|2015:2|2020:18|2021:89|2022:5|2023:3|2024:3|2025:1|2026:3
Lissie,189,2010-09-10,2026-06-01,67,0,2010:9|2011:50|2012:36|2013:11|2014:2|2015:2|2019:21|2020:20|2021:3|2023:22|2025:3|2026:10
Fall Out Boy,188,2010-04-20,2026-06-01,62,0,2010:151|2011:3|2012:9|2013:13|2014:3|2017:4|2023:1|2024:1|2025:2|2026:1
Metallica,186,2006-03-03,2024-05-23,67,0,2006:5|2007:11|2008:16|2009:42|2010:69|2011:7|2013:3|2015:1|2017:17|2022:1|2023:11|2024:3
Femi Kuti,185,2006-04-08,2021-02-12,67,0,2006:5|2007:2|2008:42|2009:34|2010:36|2011:1|2012:7|2013:46|2015:1|2017:1|2021:10
E-Type,184,2006-09-19,2023-07-15,67,0,2006:1|2007:2|2009:10|2010:37|2011:2|2012:25|2013:49|2017:27|2019:13|2021:14|2022:2|2023:2
Grateful Dead,182,2006-03-13,2019-06-13,30,0,2006:54|2007:24|2008:18|2009:46|2010:39|2019:1
Calvin Harris,180,2009-10-30,2025-05-30,90,0,2009:2|2010:2|2012:68|2013:39|2014:3|2015:32|2017:2|2019:11|2020:3|2021:1|2022:2|2023:7|2024:3|2025:5
Hans Zimmer,180,2006-02-28,2025-03-18,91,0,2006:62|2007:12|2008:4|2009:25|2010:15|2011:1|2015:4|2017:20|2019:1|2021:13|2022:20|2024:2|2025:1
John Mayer,176,2006-03-03,2025-09-15,80,0,2006:18|2007:6|2008:4|2009:17|2010:5|2011:1|2012:97|2013:6|2014:5|2015:6|2019:2|2020:2|2021:6|2025:1
Maroon 5,168,2006-03-02,2026-05-20,61,0,2006:7|2007:7|2008:10|2009:1|2010:14|2011:4|2012:28|2013:8|2014:2|2015:7|2017:2|2020:1|2021:24|2022:14|2023:1|2024:3|2025:31|2026:4
OutKast,168,2006-03-02,2026-05-10,60,0,2006:44|2007:28|2008:6|2009:24|2010:45|2011:9|2012:1|2014:1|2015:3|2021:4|2023:1|2026:2
Scatman John,168,2006-02-28,2015-04-14,15,0,2006:3|2007:26|2008:15|2009:99|2010:23|2012:1|2015:1
Live,166,2006-09-17,2025-12-09,36,0,2006:10|2007:34|2008:4|2009:9|2010:53|2011:20|2013:20|2015:2|2017:6|2023:4|2025:4
Shawn Mendes,164,2015-08-17,2026-05-26,16,0,2015:3|2020:52|2021:93|2022:2|2023:1|2024:4|2025:8|2026:1
R.E.M.,163,2006-03-03,2026-07-15,43,0,2006:16|2007:14|2008:10|2009:10|2010:58|2011:15|2012:2|2013:4|2015:1|2017:2|2020:1|2021:4|2022:1|2023:3|2024:1|2025:17|2026:4
Foo Fighters,162,2006-03-03,2026-06-01,54,0,2006:8|2007:19|2008:5|2009:23|2010:29|2011:14|2012:9|2013:4|2014:1|2017:13|2020:1|2021:25|2022:2|2023:1|2024:3|2025:4|2026:1
Broken Bells,159,2010-06-02,2025-04-07,32,0,2010:59|2011:11|2012:9|2013:6|2014:44|2015:1|2017:2|2019:1|2020:1|2022:4|2023:2|2024:10|2025:9
Creedence Clearwater Revival,158,2006-12-29,2023-10-11,51,0,2006:10|2007:10|2008:2|2009:39|2010:62|2012:2|2013:29|2022:1|2023:3
Fela Kuti,158,2006-10-23,2017-05-15,69,0,2006:2|2007:37|2008:8|2009:28|2010:21|2011:5|2012:4|2013:9|2014:25|2015:9|2017:10
Florence + the Machine,158,2010-05-31,2026-07-15,65,0,2010:5|2012:6|2013:12|2015:5|2018:1|2019:6|2020:1|2022:53|2023:4|2024:22|2025:2|2026:41
Lykke Li,158,2009-10-21,2026-05-29,68,0,2009:2|2010:4|2012:23|2013:17|2014:2|2015:26|2016:13|2017:14|2019:15|2020:1|2021:1|2022:1|2023:1|2024:10|2025:17|2026:11
Jack Johnson,156,2006-03-03,2021-10-20,73,0,2006:18|2007:14|2008:24|2009:8|2010:6|2011:6|2012:64|2013:3|2014:2|2015:7|2019:3|2021:1
Arcade Fire,155,2010-09-06,2026-07-15,51,0,2010:29|2012:6|2013:30|2014:1|2017:5|2019:2|2020:1|2022:9|2023:14|2024:29|2025:28|2026:1
John Williams,154,2006-05-10,2024-03-20,71,0,2006:9|2007:8|2008:2|2009:1|2010:2|2015:5|2017:18|2019:1|2021:104|2022:1|2024:3
Lana Del Rey,154,2012-04-24,2026-07-31,62,0,2012:98|2013:4|2014:3|2015:2|2017:2|2019:5|2020:7|2021:4|2022:1|2023:12|2024:3|2025:8|2026:5
Slightly Stoopid,154,2007-04-25,2023-11-18,69,0,2007:5|2008:43|2009:51|2010:7|2011:3|2012:12|2019:1|2022:30|2023:2
The Sounds,152,2006-09-19,2012-09-26,48,0,2006:3|2007:2|2008:36|2009:30|2010:43|2011:21|2012:17
Lenka,149,2012-05-04,2024-12-26,36,0,2012:77|2013:70|2015:1|2024:1
The Black Keys,148,2010-08-04,2026-05-07,56,0,2010:51|2011:2|2012:42|2013:9|2014:1|2015:2|2019:3|2020:1|2023:1|2024:25|2025:1|2026:10
Vastarannan Siili,148,2019-05-04,2026-08-04,20,0,2019:4|2020:62|2021:79|2022:1|2024:1|2026:1
George Harrison,147,2006-02-28,2026-05-02,38,0,2006:52|2007:20|2008:30|2009:24|2010:16|2011:1|2012:1|2025:2|2026:1
JVG,147,2020-10-24,2026-05-09,6,0,2020:36|2021:94|2022:2|2023:3|2024:7|2025:1|2026:4
Panic! at the Disco,147,2006-05-13,2025-07-29,41,0,2006:2|2009:4|2010:120|2011:6|2012:1|2013:4|2017:1|2020:2|2022:1|2025:6
Eddie Vedder,146,2007-11-05,2017-09-11,18,0,2007:14|2008:2|2009:7|2010:107|2011:6|2012:3|2013:1|2014:3|2015:2|2017:1
Linkin Park,143,2006-03-30,2026-07-11,40,0,2006:9|2007:8|2008:5|2009:34|2010:26|2011:4|2012:1|2015:1|2017:18|2020:1|2021:1|2022:2|2023:6|2024:1|2025:15|2026:11
Moby,143,2006-04-11,2026-05-25,62,0,2006:5|2007:16|2008:19|2009:22|2010:40|2011:2|2013:6|2015:1|2019:13|2023:3|2025:1|2026:15
Suvi Teräsniska,143,2012-11-30,2024-03-14,8,0,2012:8|2020:38|2021:96|2024:1
Billy Joel,142,2006-04-03,2026-01-12,39,0,2006:21|2007:7|2008:13|2009:32|2010:25|2011:2|2012:1|2013:2|2015:22|2020:14|2024:2|2026:1
MGMT,141,2009-07-14,2025-09-20,48,0,2009:7|2010:6|2011:4|2012:22|2013:14|2014:1|2015:1|2017:2|2019:17|2021:36|2023:1|2024:6|2025:24
Shakira,140,2006-05-10,2026-06-16,21,0,2006:7|2007:2|2008:8|2009:5|2010:48|2011:3|2012:1|2013:3|2014:1|2015:4|2017:7|2018:1|2019:2|2020:2|2021:34|2022:2|2023:3|2024:2|2025:1|2026:4
Aerosmith,139,2006-02-28,2015-11-17,38,0,2006:36|2007:20|2008:26|2009:23|2010:28|2011:1|2012:2|2013:1|2015:2
No Doubt,139,2006-03-02,2026-07-20,31,0,2006:20|2007:21|2008:29|2009:16|2010:28|2011:7|2012:3|2013:3|2015:3|2017:2|2022:1|2023:2|2024:1|2025:2|2026:1
Aqua,138,2006-10-20,2021-12-04,21,0,2006:1|2007:1|2008:1|2010:3|2012:21|2015:2|2020:30|2021:79
Swedish House Mafia,137,2010-11-27,2026-08-28,41,0,2010:2|2012:84|2013:18|2015:1|2017:17|2021:2|2023:4|2025:7|2026:2
Sérgio Mendes & Brasil '66,137,2006-02-27,2017-06-17,22,0,2006:76|2007:19|2008:28|2009:4|2010:5|2013:1|2015:2|2017:2
Santana,134,2006-09-23,2023-02-12,23,0,2006:2|2007:12|2008:67|2009:31|2010:9|2011:3|2012:3|2013:3|2014:1|2015:1|2017:1|2023:1
The Decemberists,134,2010-09-30,2026-06-01,70,0,2010:9|2011:22|2012:21|2013:1|2014:38|2015:24|2016:14|2018:2|2024:1|2025:1|2026:1
Beach House,132,2010-09-12,2026-07-15,57,0,2010:2|2012:6|2013:69|2014:3|2015:29|2017:16|2019:1|2021:1|2024:1|2025:2|2026:2
Eminem,131,2006-09-23,2025-04-18,47,0,2006:5|2007:7|2008:3|2009:22|2010:62|2011:5|2013:4|2015:3|2017:1|2019:6|2022:1|2023:4|2024:4|2025:4
Fröbelin Palikat,130,2020-10-12,2025-01-05,9,0,2020:32|2021:94|2022:3|2025:1
Nirvana,130,2006-06-14,2026-09-06,26,0,2006:2|2007:9|2008:1|2009:7|2010:32|2011:3|2012:3|2013:3|2015:2|2017:11|2020:1|2021:1|2022:2|2023:7|2024:3|2025:2|2026:41
Rihanna,130,2007-11-03,2026-08-01,44,0,2007:3|2008:5|2009:2|2010:16|2011:3|2012:10|2013:10|2014:1|2015:7|2017:1|2020:2|2021:6|2022:3|2023:15|2024:13|2025:10|2026:23
The Cardigans,130,2006-09-18,2026-05-29,48,0,2006:2|2008:77|2009:13|2010:19|2011:13|2013:2|2015:1|2017:1|2023:1|2026:1
Ariana Grande,127,2013-05-24,2026-09-06,90,0,2013:1|2014:6|2015:4|2019:1|2020:4|2021:64|2022:4|2023:1|2024:19|2025:6|2026:17
Britney Spears,127,2006-02-28,2026-03-15,52,0,2006:6|2007:4|2008:4|2009:4|2010:9|2011:29|2012:23|2013:1|2015:3|2017:1|2020:3|2021:25|2022:4|2023:5|2024:3|2025:2|2026:1
Röyksopp,127,2007-02-23,2019-09-10,43,0,2007:28|2008:32|2009:26|2010:7|2012:19|2013:11|2014:2|2019:2
Carlos Santana,126,2006-03-02,2013-08-21,16,0,2006:43|2007:22|2008:32|2009:4|2010:21|2011:3|2013:1
The Shins,126,2006-10-15,2026-07-15,31,0,2006:5|2007:2|2008:14|2009:32|2010:33|2011:5|2012:2|2013:5|2014:1|2015:1|2017:5|2019:5|2021:1|2022:1|2023:12|2024:1|2026:1
Sufjan Stevens,125,2012-05-04,2026-07-15,65,0,2012:2|2013:1|2014:6|2015:12|2017:2|2019:2|2020:1|2021:35|2022:1|2023:26|2024:5|2025:31|2026:1
Good Charlotte,124,2006-04-03,2025-09-23,35,0,2006:1|2007:7|2008:4|2009:1|2010:30|2011:14|2012:2|2013:28|2014:2|2021:13|2022:4|2025:18
Joss Stone,124,2008-12-24,2025-07-15,40,0,2008:4|2009:41|2010:49|2013:14|2015:1|2019:1|2020:1|2025:13
Willie Nelson,124,2007-03-31,2026-02-26,38,0,2007:69|2008:20|2009:19|2010:8|2011:2|2012:4|2014:1|2026:1
Gin Blossoms,122,2006-03-30,2025-07-16,25,0,2006:1|2007:1|2008:18|2009:10|2010:15|2011:5|2012:18|2013:16|2015:1|2017:23|2018:1|2020:6|2022:2|2025:5
Lorde,121,2013-09-21,2026-07-14,40,0,2013:1|2014:3|2017:4|2020:4|2022:18|2023:13|2024:3|2025:39|2026:36
Madonna,121,2006-04-16,2026-05-10,43,0,2006:15|2007:32|2008:7|2009:23|2010:19|2011:4|2012:4|2013:2|2015:3|2019:1|2023:2|2025:5|2026:4
Trevor Jones & Randy Edelman,121,2006-03-02,2011-01-18,15,0,2006:39|2007:18|2008:4|2009:3|2010:56|2011:1
311,119,2006-03-01,2023-10-04,25,0,2006:17|2007:16|2008:10|2009:8|2010:35|2011:11|2012:1|2015:1|2017:3|2019:1|2023:16
Amy Winehouse,119,2007-08-07,2026-09-01,31,0,2007:7|2008:25|2009:46|2010:10|2011:2|2015:4|2019:1|2020:1|2021:1|2023:2|2026:20
Jimi Hendrix,119,2006-03-16,2023-10-11,43,0,2006:37|2007:31|2008:14|2009:10|2010:17|2011:3|2012:4|2014:1|2017:1|2023:1
Aswad,117,2008-02-11,2011-02-08,23,0,2008:57|2009:34|2010:24|2011:2
The Blues Brothers,116,2006-05-10,2011-09-09,23,0,2006:38|2007:28|2008:24|2009:14|2010:10|2011:2
Roger Armstrong,115,2007-10-10,2012-07-25,14,0,2007:40|2008:44|2009:3|2010:17|2011:2|2012:9
James Horner & The London Symphony Orchestra,114,2006-03-03,2010-12-07,18,0,2006:74|2007:4|2008:3|2009:19|2010:14
MC Solaar,114,2006-03-01,2025-11-14,59,0,2006:27|2007:15|2008:42|2009:4|2010:1|2025:25
U2,114,2006-03-03,2026-02-26,35,0,2006:12|2007:40|2008:9|2009:8|2010:11|2011:9|2012:4|2013:2|2014:1|2015:1|2020:1|2022:1|2023:2|2025:1|2026:12
Scissor Sisters,113,2008-07-25,2013-09-23,39,0,2008:50|2009:20|2010:34|2011:8|2013:1
Jefferson Airplane,112,2006-11-30,2013-04-19,33,0,2006:1|2007:18|2008:13|2009:25|2010:49|2011:3|2012:2|2013:1
Third Eye Blind,112,2006-09-08,2026-04-30,22,0,2006:2|2007:9|2008:4|2009:3|2010:22|2011:18|2012:18|2013:8|2015:3|2017:19|2018:1|2020:2|2024:2|2026:1
Bon Jovi,111,2006-03-03,2026-08-28,48,0,2006:13|2007:9|2008:1|2009:4|2010:15|2011:4|2013:1|2014:1|2021:36|2022:1|2023:17|2024:3|2025:4|2026:2
The Strokes,111,2006-03-02,2026-07-15,27,0,2006:10|2007:10|2008:5|2009:6|2010:35|2011:9|2012:8|2013:3|2014:1|2017:1|2019:3|2021:3|2022:2|2023:14|2026:1
John Legend,110,2007-07-25,2026-05-17,67,0,2007:15|2008:9|2009:5|2010:8|2011:1|2012:24|2013:1|2014:4|2015:1|2017:18|2020:3|2021:2|2022:15|2026:4
Robbie Williams,110,2006-03-01,2022-10-19,29,0,2006:22|2007:12|2008:40|2009:12|2010:8|2011:7|2014:1|2020:1|2021:6|2022:1
Eagles,109,2006-04-01,2025-04-07,24,0,2006:29|2007:13|2008:12|2009:27|2010:16|2011:2|2012:1|2013:2|2020:1|2021:1|2022:1|2024:2|2025:2
Ed Sheeran,108,2012-05-07,2026-08-03,48,0,2012:17|2013:5|2014:5|2015:19|2017:4|2019:1|2020:10|2021:9|2022:14|2023:5|2024:4|2025:13|2026:2
EVE 6,108,2006-03-31,2025-12-23,25,0,2006:4|2007:3|2008:5|2009:5|2010:29|2011:21|2012:6|2013:3|2015:24|2017:1|2022:3|2025:4
Ali Farka Touré,107,2007-10-14,2017-06-18,34,0,2007:17|2008:42|2009:4|2010:21|2013:6|2017:17
Bon Iver,107,2010-06-03,2026-07-16,40,0,2010:1|2012:9|2013:3|2014:6|2015:9|2017:4|2019:4|2020:2|2022:3|2023:11|2024:37|2025:16|2026:2
Bush,107,2006-03-31,2026-04-30,21,0,2006:5|2007:11|2008:5|2009:7|2010:40|2011:2|2012:5|2013:3|2017:6|2020:1|2022:3|2023:1|2024:1|2025:16|2026:1
Blur,106,2006-04-01,2026-07-16,35,0,2006:3|2007:31|2008:9|2009:8|2010:14|2011:4|2012:5|2013:4|2015:3|2017:4|2021:1|2023:16|2026:4
Elvis Presley,106,2006-06-30,2026-02-26,37,0,2006:5|2007:4|2008:40|2009:2|2010:43|2012:1|2013:2|2015:1|2018:1|2020:1|2021:2|2022:2|2026:2
Jamiroquai,106,2006-03-24,2026-05-25,40,0,2006:19|2007:18|2008:7|2009:5|2010:18|2011:17|2012:4|2014:1|2017:13|2025:3|2026:1
deadmau5,105,2012-03-31,2025-12-30,53,0,2012:24|2013:6|2015:1|2016:4|2017:33|2018:2|2019:1|2021:2|2022:9|2023:8|2024:4|2025:11
Flo Rida,105,2009-07-14,2024-02-24,19,0,2009:14|2010:5|2012:75|2013:5|2015:4|2021:1|2024:1
My Chemical Romance,105,2007-08-03,2026-06-07,53,0,2007:11|2008:4|2009:7|2010:35|2011:3|2017:1|2021:19|2022:1|2025:2|2026:22
Klaus Badelt,103,2006-12-15,2022-07-05,24,0,2006:1|2008:22|2009:6|2010:64|2013:1|2015:1|2017:7|2022:1
Astrud Gilberto,102,2006-04-11,2026-03-02,20,0,2006:4|2007:9|2008:33|2009:26|2010:22|2011:1|2012:1|2015:1|2017:4|2026:1
John Lennon,102,2006-05-19,2024-07-18,24,0,2006:3|2007:3|2008:3|2009:4|2010:36|2011:28|2012:3|2013:1|2014:3|2020:2|2021:1|2022:1|2024:14
Johnny Cash,102,2006-02-27,2026-02-26,43,0,2006:28|2007:14|2008:4|2009:24|2010:6|2012:2|2013:5|2015:1|2023:2|2026:16
Jorge Ben,102,2006-04-11,2021-11-20,61,0,2006:4|2007:2|2008:1|2009:1|2012:4|2013:71|2014:2|2015:1|2017:14|2018:1|2021:1
Little Dragon,102,2012-05-05,2025-01-13,55,0,2012:24|2013:3|2014:18|2015:1|2017:5|2019:31|2020:14|2021:2|2023:3|2025:1
Everclear,101,2006-05-10,2025-10-29,22,0,2006:2|2007:2|2009:11|2010:20|2011:13|2012:45|2013:1|2015:1|2017:1|2019:2|2022:2|2025:1
Henry Mancini,101,2006-11-01,2021-11-20,19,0,2006:20|2007:28|2008:21|2009:6|2010:23|2011:1|2021:2
Louane,101,2025-04-07,2026-07-13,44,0,2025:85|2026:16
Simon & Garfunkel,101,2006-03-01,2022-04-18,13,0,2006:5|2007:11|2008:36|2009:13|2010:16|2011:1|2012:3|2013:3|2014:1|2015:5|2017:2|2021:4|2022:1
Vuokko Hovatta,101,2020-11-11,2024-04-06,1,0,2020:22|2021:78|2024:1
The Flaming Lips,100,2006-04-01,2026-07-20,22,0,2006:4|2007:17|2008:2|2009:12|2010:40|2011:2|2012:1|2013:2|2015:1|2017:2|2020:1|2022:1|2025:12|2026:3
Bright Eyes,99,2007-07-24,2026-07-24,49,0,2007:1|2008:20|2009:22|2010:13|2011:6|2012:2|2013:1|2015:6|2017:1|2020:12|2022:1|2024:10|2026:4
Olivia Rodrigo,99,2021-06-23,2026-07-09,38,0,2021:2|2022:4|2023:7|2024:15|2025:42|2026:29
Vertical Horizon,99,2006-09-23,2022-10-20,36,0,2006:1|2007:1|2009:2|2012:27|2013:52|2014:2|2017:12|2018:1|2022:1
Hercules and Love Affair,98,2008-08-14,2012-05-14,14,0,2008:21|2009:15|2010:34|2011:16|2012:12
Mark Mothersbaugh,97,2006-03-02,2015-03-20,17,0,2006:12|2007:6|2008:19|2009:25|2010:21|2011:2|2012:5|2013:3|2015:4
Modest Mouse,97,2006-05-13,2026-06-05,49,0,2006:2|2007:6|2008:1|2009:60|2010:15|2012:3|2013:4|2014:2|2015:3|2026:1
FKA twigs,95,2015-09-04,2026-08-10,36,0,2015:1|2017:1|2022:1|2023:9|2024:1|2025:27|2026:55
Käärijä,95,2023-03-25,2026-03-15,17,0,2023:28|2024:50|2025:14|2026:3
Pickin' On Series,95,2012-11-11,2015-11-16,83,0,2012:1|2014:86|2015:8
Frank Sinatra,94,2006-11-30,2023-12-20,48,0,2006:2|2007:28|2008:40|2010:6|2012:2|2013:1|2015:4|2017:6|2022:3|2023:2
Muse,94,2007-10-26,2026-07-16,53,0,2007:1|2009:12|2010:37|2012:17|2013:6|2014:1|2015:1|2017:1|2019:2|2023:12|2025:2|2026:2
Pitbull,94,2009-10-30,2024-06-17,18,0,2009:3|2010:6|2011:1|2012:75|2013:3|2015:5|2024:1
Erykah Badu,93,2006-02-28,2026-09-01,42,0,2006:5|2007:24|2008:6|2009:28|2010:11|2013:1|2017:1|2026:17
Suede,92,2007-03-30,2026-07-15,44,0,2007:10|2008:3|2009:54|2010:14|2011:1|2023:9|2026:1
The Roots,92,2006-03-01,2026-07-06,47,0,2006:18|2007:9|2008:36|2009:11|2010:12|2011:3|2015:1|2026:2
Jamie Cullum,91,2008-08-03,2013-12-06,39,0,2008:25|2009:62|2012:2|2013:2
Kanye West,91,2006-05-13,2024-06-17,56,0,2006:1|2007:12|2008:19|2009:6|2010:9|2011:1|2013:3|2014:2|2015:4|2017:2|2019:1|2021:27|2023:3|2024:1
Mark Farina,91,2006-03-02,2012-12-09,72,0,2006:4|2007:2|2009:5|2010:73|2011:1|2012:6
Alice in Chains,90,2006-04-03,2025-11-06,14,0,2006:8|2007:7|2008:11|2009:5|2010:36|2011:7|2012:5|2013:1|2015:1|2017:3|2022:3|2023:2|2025:1
Simple Plan,90,2006-03-02,2026-06-01,19,0,2006:2|2007:2|2008:7|2009:6|2010:22|2011:13|2012:21|2013:5|2015:1|2019:1|2021:2|2022:1|2023:3|2024:2|2025:1|2026:1
Sister Hazel,90,2006-12-14,2023-06-10,53,0,2006:1|2007:5|2008:2|2009:6|2010:7|2011:2|2012:34|2013:30|2017:1|2020:1|2023:1
Ace of Base,89,2006-03-03,2025-04-19,18,0,2006:13|2007:17|2008:18|2009:7|2010:11|2012:21|2014:1|2025:1
Dire Straits,89,2007-03-08,2026-02-02,23,0,2007:18|2008:14|2009:11|2010:23|2011:1|2012:1|2013:3|2021:7|2023:3|2024:1|2025:5|2026:2
José Padilla,89,2011-04-02,2012-07-09,29,1,2011:79|2012:10
Various Artists,89,2007-11-16,2012-12-09,15,0,2007:15|2008:22|2009:1|2010:35|2011:1|2012:15
Popeda,88,2006-04-01,2023-11-18,41,0,2006:2|2007:1|2008:5|2009:60|2010:16|2011:3|2023:1
Pulp,88,2007-02-23,2026-07-15,28,0,2007:35|2008:13|2009:8|2010:15|2011:4|2021:1|2022:1|2023:1|2024:6|2026:4
Virve Rosti,88,2019-05-16,2024-03-14,1,0,2019:1|2020:34|2021:51|2022:1|2024:1
Lily Allen,87,2007-12-15,2026-03-27,50,0,2007:1|2008:1|2009:56|2010:3|2012:1|2014:1|2015:1|2017:1|2018:1|2019:2|2025:5|2026:14
Alanis Morissette,86,2006-03-23,2026-07-20,26,0,2006:8|2007:13|2008:21|2009:20|2010:8|2011:3|2012:1|2013:1|2015:1|2021:1|2024:1|2025:3|2026:5
Ennio Morricone,86,2007-03-21,2023-02-23,63,0,2007:1|2008:2|2009:17|2010:10|2015:2|2016:2|2017:32|2022:18|2023:2
Fuel,86,2007-09-03,2025-12-23,13,0,2007:4|2008:2|2009:4|2010:21|2011:22|2012:10|2017:4|2020:1|2023:3|2025:15
Martin Solveig,86,2006-02-28,2017-09-18,24,0,2006:36|2007:12|2008:22|2009:4|2010:2|2012:2|2013:3|2017:5
Masters at Work,86,2008-06-15,2010-04-09,59,0,2008:65|2009:11|2010:10
PJ Masks,86,2021-09-26,2021-12-12,11,0,2021:86
Roots Manuva,86,2008-07-07,2013-03-20,47,0,2008:45|2009:31|2010:7|2011:2|2013:1
Adele,85,2009-01-07,2026-08-28,34,0,2009:2|2011:9|2012:16|2013:7|2015:4|2017:1|2021:6|2022:3|2023:6|2024:11|2025:4|2026:16
UB40,85,2006-06-14,2015-12-08,33,0,2006:4|2007:12|2008:20|2009:21|2010:22|2011:2|2012:1|2015:3
Céline Dion,84,2008-12-24,2026-05-09,21,0,2008:19|2009:2|2010:54|2012:4|2014:3|2022:1|2026:1
Jackson Browne,84,2006-03-02,2021-05-25,27,0,2006:30|2007:14|2008:3|2009:15|2010:7|2011:2|2014:10|2015:2|2021:1
Jarabe de Palo,84,2006-03-02,2011-02-08,15,0,2006:44|2007:7|2008:21|2009:6|2010:5|2011:1
Katja Sirkiä,83,2020-10-12,2024-04-29,3,0,2020:24|2021:57|2022:1|2024:1
The Doors,83,2006-04-11,2026-01-22,31,0,2006:21|2007:24|2008:4|2009:4|2010:10|2011:1|2012:3|2024:11|2025:3|2026:2
Train,83,2006-11-18,2026-04-30,35,0,2006:1|2007:1|2008:1|2009:2|2010:28|2011:3|2012:13|2013:10|2015:2|2017:12|2020:2|2023:5|2025:1|2026:2
Fun Lovin' Criminals,82,2006-03-02,2022-11-05,21,0,2006:23|2007:13|2008:15|2009:12|2010:14|2011:1|2015:1|2017:1|2022:2
Roy Hargrove,82,2007-09-15,2010-11-22,38,0,2007:8|2008:30|2009:41|2010:3
The Byrds,82,2007-03-19,2017-05-03,31,0,2007:20|2008:29|2009:9|2010:11|2011:1|2012:1|2015:1|2017:10
Ellie Goulding,80,2010-03-24,2026-09-06,32,0,2010:9|2012:34|2013:4|2014:1|2015:3|2017:1|2020:7|2024:1|2025:18|2026:2
Arrested Development,79,2006-03-02,2010-12-27,28,0,2006:41|2007:20|2008:4|2009:7|2010:7
Charli xcx,78,2013-09-05,2026-08-21,54,0,2013:1|2015:1|2017:3|2018:1|2019:3|2020:6|2023:1|2024:3|2025:10|2026:49
Gracie Abrams,78,2019-11-27,2026-07-19,28,0,2019:1|2021:1|2024:41|2025:20|2026:15
P!nk,78,2007-09-14,2026-08-21,57,0,2007:1|2008:2|2010:1|2011:1|2012:1|2013:10|2015:1|2017:1|2019:9|2020:1|2021:18|2022:3|2023:1|2024:1|2025:25|2026:2
Queens of the Stone Age,78,2006-03-02,2025-10-09,31,0,2006:15|2007:10|2008:14|2009:16|2010:2|2011:3|2012:1|2013:2|2014:2|2017:4|2025:9
The Weeknd,78,2014-12-30,2026-05-06,45,0,2014:1|2015:7|2021:5|2022:2|2023:4|2024:9|2025:6|2026:44
Apulanta,77,2006-03-30,2022-08-13,17,0,2006:13|2007:12|2008:2|2009:19|2010:21|2011:9|2022:1
Guns N' Roses,77,2006-04-22,2024-10-14,23,0,2006:8|2007:13|2008:6|2009:8|2010:31|2011:2|2012:5|2013:2|2014:1|2024:1
Miley Cyrus,77,2009-07-14,2026-03-15,28,0,2009:2|2013:1|2015:1|2017:4|2020:7|2022:4|2023:2|2024:10|2025:44|2026:2
OneRepublic,77,2009-12-06,2026-07-07,44,0,2009:1|2012:32|2013:6|2014:3|2020:2|2022:7|2023:1|2024:5|2025:19|2026:1
Stroke 9,77,2006-03-02,2022-06-16,23,0,2006:1|2007:2|2008:1|2009:4|2010:41|2011:11|2012:3|2013:9|2017:1|2022:4
Friendly Fires,76,2012-06-18,2019-09-09,17,0,2012:32|2013:43|2019:1
Mombasa Roots,76,2007-08-07,2011-09-09,14,0,2007:6|2008:14|2009:23|2010:31|2011:2
Rascal Flatts,76,2007-12-09,2021-07-25,48,0,2007:2|2008:49|2009:20|2012:3|2014:1|2021:1
Supertramp,76,2008-02-10,2025-03-27,18,0,2008:17|2009:38|2010:14|2011:1|2020:1|2023:4|2025:1
De-Phazz,75,2009-12-09,2023-07-27,53,0,2009:1|2012:1|2013:68|2015:1|2019:1|2021:2|2023:1
Foster the People,75,2012-05-05,2025-07-29,29,0,2012:15|2013:35|2014:3|2015:4|2017:6|2019:3|2020:3|2021:1|2022:2|2025:3
Psy,75,2013-02-22,2024-04-06,7,0,2013:3|2021:71|2024:1
Thelonious Monk,75,2007-03-31,2025-12-18,22,0,2007:12|2008:27|2009:25|2010:7|2017:3|2025:1
Fugees,74,2006-10-20,2013-11-26,30,0,2006:17|2007:14|2008:19|2009:7|2010:15|2013:2
Twenty One Pilots,74,2022-02-17,2026-06-01,47,0,2022:11|2024:1|2025:58|2026:4
Eiffel 65,73,2006-11-01,2024-05-12,44,0,2006:21|2007:22|2008:5|2009:13|2010:3|2013:1|2015:2|2017:1|2022:3|2024:2
Sérgio Mendes,73,2006-02-27,2014-01-21,18,0,2006:32|2007:13|2008:18|2009:2|2010:5|2011:1|2013:1|2014:1
Counting Crows,72,2006-03-03,2026-05-31,13,0,2006:5|2007:3|2008:1|2009:11|2010:9|2011:5|2012:7|2013:10|2015:2|2017:7|2020:3|2021:1|2022:2|2023:1|2025:3|2026:2
Hallelujah Chicken Run Band,72,2007-04-16,2010-10-12,18,0,2007:54|2008:1|2009:6|2010:11
Luis Fonsi,72,2017-04-18,2021-12-12,10,0,2017:11|2020:6|2021:55
Soul Asylum,72,2007-04-11,2025-06-25,22,0,2007:12|2008:23|2009:10|2010:8|2011:10|2013:3|2017:4|2023:1|2025:1
Massive Attack,71,2006-09-23,2026-05-25,22,0,2006:14|2007:3|2008:12|2009:5|2010:2|2012:10|2013:7|2015:6|2017:7|2019:1|2021:2|2025:1|2026:1
Sabrina Carpenter,71,2017-03-28,2026-04-01,31,0,2017:1|2021:3|2023:2|2024:28|2025:34|2026:3
The Pretenders,71,2006-02-28,2020-03-23,25,0,2006:15|2007:9|2008:8|2009:20|2010:13|2011:2|2012:2|2014:1|2020:1
Thom Yorke,71,2009-10-21,2025-09-27,34,0,2009:2|2010:6|2019:1|2024:44|2025:18
Arlo Parks,70,2019-11-24,2026-04-23,38,0,2019:1|2020:5|2021:2|2022:14|2023:13|2024:3|2026:32
Beyoncé,70,2007-07-24,2026-05-02,35,0,2007:2|2009:18|2010:7|2012:1|2014:5|2015:4|2017:1|2021:2|2022:1|2023:1|2024:15|2025:12|2026:1
Hot Chip,70,2012-06-18,2026-09-04,28,0,2012:46|2013:11|2017:4|2019:7|2020:1|2026:1
Jean Sibelius,70,2007-03-07,2021-12-24,22,0,2007:49|2008:2|2009:8|2010:9|2011:1|2021:1
Jurassic 5,70,2006-06-30,2021-08-24,34,0,2006:1|2007:20|2008:20|2009:4|2010:4|2011:1|2013:1|2017:18|2021:1
Little Simz,70,2019-09-27,2026-04-13,48,0,2019:1|2022:20|2025:3|2026:46
The Goo Goo Dolls,70,2017-06-14,2025-10-31,47,0,2017:3|2019:8|2020:54|2021:1|2022:1|2024:1|2025:2
The Nightwatchman,70,2008-11-13,2010-12-03,11,0,2008:27|2009:18|2010:25
Buddha-Bar,69,2006-03-13,2014-08-18,26,0,2006:34|2007:7|2008:1|2009:4|2010:8|2011:1|2014:14
Keith Urban,69,2009-08-22,2021-03-04,31,0,2009:61|2010:2|2012:1|2013:1|2014:3|2021:1
Nelly Furtado,69,2006-12-01,2026-05-10,17,0,2006:2|2007:9|2008:22|2009:6|2010:19|2013:2|2015:2|2020:1|2023:2|2024:3|2026:1
Villagers,69,2014-12-07,2026-07-24,50,0,2014:1|2015:9|2017:1|2019:6|2020:1|2026:51
O.A.R.,68,2009-06-24,2021-07-25,41,0,2009:44|2012:12|2013:1|2014:1|2015:3|2017:1|2020:2|2021:4
Black Eyed Peas,67,2006-03-02,2026-06-01,19,0,2006:9|2007:4|2008:3|2009:14|2010:17|2012:1|2013:3|2015:1|2017:2|2021:1|2022:2|2023:5|2024:1|2026:4
Fleetwood Mac,67,2009-12-12,2026-07-05,47,0,2009:1|2010:1|2013:3|2014:1|2017:18|2021:1|2022:7|2023:5|2024:8|2025:2|2026:20
Lupe Fiasco,67,2009-10-21,2026-03-03,56,0,2009:1|2010:4|2014:1|2019:1|2022:46|2024:13|2026:1
Roxette,67,2006-03-30,2025-07-09,16,0,2006:11|2007:11|2008:29|2009:12|2010:2|2025:2
Townhall,67,2008-10-07,2011-02-08,12,0,2008:22|2009:22|2010:22|2011:1
Nappy Roots,66,2007-07-26,2011-01-17,32,0,2007:19|2008:25|2009:14|2010:7|2011:1
RAYE,66,2023-01-08,2026-05-12,24,0,2023:4|2024:8|2025:1|2026:53
Roma Sinfonietta/Yo-Yo Ma,66,2009-10-05,2010-11-21,19,0,2009:4|2010:62
The Ark,66,2006-09-08,2026-05-29,14,0,2006:2|2007:33|2008:4|2009:2|2010:18|2011:4|2012:1|2026:2
Wax Poetic,66,2007-03-31,2010-11-29,22,0,2007:28|2008:17|2009:9|2010:12
Bryan Adams,65,2006-03-01,2025-03-30,18,0,2006:9|2007:5|2008:1|2010:9|2011:10|2013:3|2021:12|2022:12|2023:3|2025:1
Childish Gambino,65,2012-05-14,2026-07-11,42,0,2012:1|2014:1|2020:27|2021:9|2022:1|2023:1|2024:15|2025:1|2026:9
LCD Soundsystem,65,2010-08-18,2025-01-22,19,0,2010:1|2012:38|2013:12|2015:1|2017:5|2019:3|2020:3|2023:1|2025:1
Talib Kweli,65,2008-01-12,2011-01-15,26,0,2008:9|2009:42|2010:12|2011:2
A Tribe Called Quest,64,2007-09-28,2026-06-05,28,0,2007:45|2008:4|2009:5|2010:3|2012:2|2013:1|2014:1|2020:1|2024:1|2026:1
Beastie Boys,64,2006-03-03,2026-07-20,41,0,2006:9|2007:45|2009:6|2010:1|2021:2|2026:1
Pinkfong,64,2021-06-11,2024-04-07,2,0,2021:63|2024:1
Stone Temple Pilots,64,2006-03-02,2023-06-15,10,0,2006:2|2007:4|2008:2|2009:3|2010:34|2011:4|2012:2|2015:2|2017:2|2019:2|2020:1|2021:3|2022:1|2023:2
The Kinks,64,2008-02-22,2026-07-22,22,0,2008:31|2009:10|2010:8|2012:1|2021:12|2026:2
Sade,63,2009-10-17,2026-04-20,29,0,2009:1|2010:16|2011:1|2012:15|2013:1|2014:1|2020:1|2024:9|2025:17|2026:1
The Five Corners Quintet,63,2008-12-08,2021-04-23,34,0,2008:26|2009:28|2011:7|2021:2
The Verve,63,2006-04-02,2026-03-04,12,0,2006:11|2007:6|2008:2|2009:3|2010:25|2011:7|2012:3|2017:3|2024:1|2025:1|2026:1
Young the Giant,63,2012-05-13,2023-05-30,20,0,2012:5|2013:41|2014:10|2017:1|2019:5|2023:1
Addison Rae,62,2024-12-27,2026-09-06,12,0,2024:1|2025:58|2026:3
JAY-Z,62,2008-05-28,2026-05-10,30,0,2008:7|2009:15|2010:12|2011:2|2012:1|2013:1|2020:1|2021:8|2022:7|2023:2|2024:4|2025:1|2026:1
Lit,62,2006-03-02,2025-12-23,10,0,2006:6|2007:11|2008:4|2009:3|2010:26|2011:2|2012:4|2015:2|2023:1|2025:3
Sugababes,62,2006-04-15,2019-08-15,21,0,2006:14|2007:12|2008:3|2009:23|2010:6|2011:1|2012:1|2013:1|2019:1
Prince,61,2006-03-01,2026-07-16,30,0,2006:30|2007:14|2008:2|2009:8|2010:2|2013:1|2015:1|2026:3
"Taylor Swift, Post Malone",61,2024-06-21,2025-09-20,1,0,2024:29|2025:32
Barenaked Ladies,60,2006-11-28,2021-08-29,16,0,2006:2|2007:2|2008:4|2009:4|2010:16|2011:1|2012:14|2013:1|2015:1|2017:8|2020:2|2021:5
Brazilian Girls,60,2007-07-24,2010-11-21,22,0,2007:22|2008:6|2009:10|2010:22
Collective Soul,60,2006-06-29,2026-04-30,19,0,2006:1|2008:1|2009:3|2010:5|2011:1|2012:15|2013:8|2014:2|2015:1|2017:5|2020:1|2021:14|2023:1|2025:1|2026:1
Curumin,60,2008-10-09,2017-07-02,14,0,2008:44|2009:8|2010:7|2017:1
First Aid Kit,60,2010-09-09,2023-11-07,29,0,2010:23|2014:22|2015:8|2017:1|2019:2|2020:1|2023:3
Garbage,60,2006-03-03,2026-05-31,22,0,2006:11|2007:10|2008:5|2009:10|2010:9|2017:1|2020:2|2022:1|2023:2|2025:1|2026:8
Soundtrack,60,2006-03-02,2011-02-10,19,0,2006:4|2007:6|2008:34|2009:4|2010:11|2011:1
The Lumineers,60,2012-11-20,2026-07-28,23,0,2012:27|2013:5|2014:1|2015:3|2017:5|2019:4|2022:5|2023:3|2024:2|2025:4|2026:1
The Script,60,2010-11-28,2025-01-17,45,0,2010:1|2011:20|2012:4|2013:23|2014:2|2015:5|2020:1|2023:3|2025:1
3 Doors Down,59,2006-04-01,2025-10-27,14,0,2006:1|2007:2|2008:2|2009:17|2010:22|2011:4|2013:5|2014:1|2017:2|2020:1|2022:1|2025:1
Alice Deejay,59,2006-03-02,2025-03-14,14,0,2006:24|2007:4|2008:16|2009:6|2010:5|2011:1|2022:2|2025:1
Andrea Bocelli,59,2008-03-02,2024-11-23,15,0,2008:15|2009:22|2010:16|2017:1|2019:1|2021:1|2024:3
O-Zone,59,2006-10-15,2024-03-14,2,0,2006:2|2007:1|2008:1|2009:1|2010:2|2011:1|2021:46|2022:3|2023:1|2024:1
Stan Getz,59,2007-02-23,2026-06-05,25,0,2007:3|2008:6|2009:5|2010:3|2013:5|2015:8|2017:22|2018:1|2021:5|2026:1
Tate McRae,59,2023-01-08,2026-04-12,27,0,2023:5|2024:4|2025:47|2026:3
Crowded House,58,2006-10-15,2024-06-24,17,0,2006:2|2008:28|2009:17|2010:6|2011:1|2013:3|2024:1
Finneas O'Connell,58,2026-04-21,2026-07-11,34,0,2026:58
Yaya Bey,58,2025-05-26,2026-06-05,18,0,2025:43|2026:15
Marina & the Diamonds,57,2010-05-31,2018-01-07,32,0,2010:9|2012:40|2013:5|2015:1|2018:2
The Cure,57,2006-04-03,2026-07-15,23,0,2006:3|2007:4|2008:3|2010:2|2011:1|2012:1|2013:4|2014:1|2015:1|2017:2|2019:1|2021:3|2022:2|2023:1|2024:1|2025:3|2026:24
Animal Collective,56,2010-09-06,2026-07-16,18,0,2010:37|2011:2|2013:2|2015:1|2019:1|2020:5|2022:3|2023:2|2024:1|2025:1|2026:1
Bonobo,56,2009-10-09,2026-09-04,32,0,2009:1|2012:1|2013:16|2014:7|2015:7|2016:2|2017:17|2020:1|2023:2|2026:2
Dope Lemon,56,2017-07-06,2026-07-28,22,0,2017:1|2019:1|2021:2|2022:3|2023:45|2024:1|2025:2|2026:1
Howard Shore,56,2006-02-28,2021-08-26,34,0,2006:20|2007:1|2008:1|2009:3|2010:10|2015:1|2016:3|2017:3|2020:1|2021:13
New Found Glory,56,2007-08-09,2025-09-20,6,0,2007:1|2008:1|2009:1|2010:25|2011:23|2012:3|2025:2
Self Esteem,56,2026-01-28,2026-03-06,25,0,2026:56
The Replacements,56,2006-03-02,2026-07-15,14,0,2006:1|2007:9|2008:14|2009:16|2010:9|2011:1|2012:1|2025:1|2026:4
The Who,56,2006-09-17,2026-07-08,21,0,2006:1|2007:12|2008:8|2009:6|2010:19|2012:2|2013:1|2021:2|2026:5
Two Door Cinema Club,56,2012-05-05,2024-08-09,37,0,2012:3|2013:7|2014:31|2017:5|2018:2|2019:1|2020:1|2023:2|2024:4
Giorgio Moroder,55,2013-06-15,2026-06-05,47,0,2013:11|2015:35|2017:8|2026:1
Kensuke Ushio,55,2026-03-12,2026-04-28,30,0,2026:55
Lenny Kravitz,55,2006-09-17,2026-07-20,28,0,2006:1|2007:1|2009:7|2010:10|2011:18|2012:1|2015:1|2021:1|2023:2|2024:1|2026:12
Smurffit,55,2020-11-11,2023-02-25,24,0,2020:2|2021:6|2022:46|2023:1
Soundgarden,55,2006-04-01,2026-05-04,16,0,2006:5|2007:1|2009:1|2010:17|2011:3|2012:1|2013:1|2015:2|2017:6|2020:2|2023:2|2025:13|2026:1
Danger Mouse,54,2006-09-24,2011-01-17,13,0,2006:5|2007:7|2008:16|2009:20|2010:4|2011:2
Hozier,54,2014-11-30,2024-11-30,18,0,2014:3|2015:13|2017:7|2019:2|2020:1|2021:1|2022:8|2023:9|2024:10
India.Arie,54,2008-12-29,2013-07-01,52,0,2008:1|2013:53
Kelly Clarkson,54,2007-08-03,2026-09-06,20,0,2007:1|2008:2|2009:1|2010:2|2012:24|2013:3|2015:1|2020:4|2021:4|2022:5|2023:1|2024:1|2026:5
Magdalena Bay,54,2023-12-20,2026-02-23,17,0,2023:1|2024:12|2026:41
Speedometer,54,2013-04-11,2013-04-21,46,0,2013:54
Windows95Man,54,2024-02-18,2025-12-13,2,0,2024:14|2025:40
Apollo 440,53,2006-05-11,2013-08-21,22,0,2006:2|2007:7|2008:1|2009:35|2010:6|2012:1|2013:1
Macka B,53,2008-02-09,2010-04-30,39,0,2008:34|2009:14|2010:5
ROSALÍA,53,2020-11-11,2026-08-21,33,0,2020:1|2021:1|2022:6|2026:45
Salif Keita,53,2007-02-23,2013-06-29,14,0,2007:7|2008:17|2009:15|2010:10|2012:1|2013:3
Social Distortion,53,2008-04-08,2026-05-11,13,0,2008:4|2009:2|2010:44|2011:1|2012:1|2026:1
Travis,53,2006-06-29,2025-07-21,22,0,2006:2|2007:17|2008:1|2009:6|2010:9|2011:2|2012:2|2021:1|2025:13
HAIM,52,2013-04-07,2026-09-06,23,0,2013:9|2014:2|2015:3|2017:3|2018:1|2019:6|2020:1|2021:9|2022:7|2023:3|2025:6|2026:2
Marina,52,2020-12-01,2026-08-21,27,0,2020:1|2021:3|2022:2|2023:2|2024:9|2025:34|2026:1
Morcheeba,52,2007-12-18,2026-05-25,28,0,2007:2|2008:2|2009:12|2010:4|2012:1|2013:12|2015:3|2017:14|2026:2
Spin Doctors,52,2006-05-10,2026-04-30,22,0,2006:3|2007:4|2008:5|2009:23|2010:3|2011:2|2012:2|2013:2|2017:6|2025:1|2026:1
Doves,51,2009-10-17,2025-03-14,32,0,2009:1|2010:34|2011:8|2012:2|2020:1|2025:5
James Brown,51,2006-03-01,2024-07-31,19,0,2006:34|2007:6|2008:2|2010:4|2014:1|2015:2|2017:1|2024:1
Jimmy Eat World,51,2007-10-27,2024-03-15,35,0,2007:1|2011:37|2012:1|2013:4|2014:2|2015:2|2017:2|2023:1|2024:1
Michelle Branch,51,2006-06-11,2017-04-24,24,0,2006:1|2010:6|2011:3|2013:40|2017:1
Mitski,51,2022-04-12,2026-04-06,30,0,2022:2|2023:5|2024:4|2025:4|2026:36
Banda Caio Rodriguez,50,2012-07-30,2012-07-30,16,0,2012:50
Boards of Canada,50,2013-05-16,2026-08-21,21,0,2013:3|2015:1|2026:46
Dubtribe Sound System,50,2006-03-02,2012-10-24,19,0,2006:19|2007:8|2008:12|2009:3|2010:1|2012:7
LMFAO,50,2012-04-28,2013-08-27,7,0,2012:44|2013:6
Morning Brunch Music,50,2021-03-21,2021-03-21,50,0,2021:50
Nickelback,50,2006-05-10,2023-07-18,13,0,2006:1|2007:5|2008:2|2009:8|2010:15|2017:11|2021:6|2022:1|2023:1
Supergrass,50,2006-02-28,2026-07-20,11,0,2006:8|2007:8|2008:9|2009:12|2010:7|2011:3|2021:1|2026:2
The Real Live Show,50,2007-09-30,2012-04-26,17,0,2007:16|2008:22|2009:2|2010:7|2011:2|2012:1
Vince Guaraldi Trio,50,2007-12-23,2012-12-23,14,0,2007:32|2008:14|2009:1|2010:2|2012:1
"Dance Music, La Mejor Música Electrónica, EDM",49,2025-03-06,2025-04-23,23,0,2025:49
Demi Lovato,49,2013-04-04,2026-05-31,24,0,2013:7|2014:1|2019:1|2020:1|2021:1|2022:3|2024:1|2025:5|2026:29
Havana Social Club,49,2014-11-17,2014-11-17,43,0,2014:49
Reel Big Fish,49,2006-03-02,2011-02-02,15,0,2006:10|2007:7|2008:18|2009:5|2010:7|2011:2
Staind,49,2006-10-15,2025-10-29,9,0,2006:3|2007:1|2008:5|2009:4|2010:18|2011:4|2015:1|2020:1|2023:2|2025:10
Bee Gees,48,2007-04-25,2024-01-17,15,0,2007:8|2008:18|2009:7|2010:5|2011:4|2012:3|2013:1|2024:2
Frank Ocean,48,2013-05-24,2026-08-01,20,0,2013:2|2014:2|2017:5|2020:28|2023:4|2026:7
Stevie Wonder,48,2006-03-30,2024-07-31,24,0,2006:8|2007:12|2008:8|2009:5|2010:2|2013:2|2015:4|2017:2|2020:1|2021:1|2022:2|2024:1
The Beach Boys,48,2007-04-23,2026-07-22,20,0,2007:9|2008:15|2009:3|2010:10|2012:3|2013:1|2015:1|2021:2|2022:2|2025:1|2026:1
Григорий Лепс,48,2020-11-03,2022-02-24,2,0,2020:3|2021:44|2022:1
B.O.P,47,2006-03-02,2010-12-27,10,0,2006:30|2007:6|2008:4|2009:4|2010:3
Boney M.,47,2006-03-01,2023-11-07,17,0,2006:24|2007:4|2009:10|2010:4|2012:2|2015:1|2021:1|2023:1
Carrie Underwood,47,2008-08-03,2021-12-24,30,0,2008:9|2009:1|2010:7|2011:5|2012:20|2013:2|2015:1|2020:1|2021:1
Disco Ensemble,47,2009-10-15,2017-06-11,30,0,2009:3|2010:39|2011:2|2012:1|2017:2
DJ Antoine,47,2012-04-29,2017-02-17,5,0,2012:45|2013:1|2017:1
Grace Ives,47,2024-01-02,2026-05-12,21,0,2024:1|2026:46
Imogen Heap,47,2012-07-28,2026-04-04,20,0,2012:1|2025:2|2026:44
Jennifer Lopez,47,2008-12-29,2024-07-17,12,0,2008:1|2012:30|2013:1|2015:2|2021:2|2022:4|2023:2|2024:5
Neon Trees,47,2012-07-12,2025-09-12,33,0,2012:3|2013:5|2014:1|2017:1|2022:3|2023:2|2025:32
Perfume Genius,47,2012-04-24,2026-08-03,22,0,2012:2|2013:1|2014:3|2015:1|2019:1|2020:2|2021:2|2025:2|2026:33
Pomppulinnan Kreivi,47,2021-01-16,2021-12-04,15,0,2021:47
Queen,47,2006-06-29,2026-02-20,23,0,2006:2|2007:9|2008:10|2009:5|2010:3|2011:1|2012:1|2013:1|2014:2|2015:1|2020:4|2022:3|2023:1|2024:1|2026:3
Sugarcult,47,2006-03-03,2025-10-24,4,0,2006:3|2007:1|2008:1|2009:4|2010:28|2011:7|2012:2|2025:1
Yeasayer,47,2008-11-24,2016-02-03,22,0,2008:2|2009:1|2010:33|2011:3|2012:5|2013:2|2016:1
Angélique Kidjo,46,2006-10-27,2026-08-26,35,0,2006:2|2009:2|2010:1|2026:41
Fleet Foxes,46,2012-05-31,2026-07-28,20,0,2012:3|2014:3|2015:7|2017:10|2019:5|2020:8|2021:4|2023:2|2025:1|2026:3
Niila,46,2021-06-18,2024-05-12,1,0,2021:39|2022:2|2023:2|2024:3
Nilüfer Yanya,46,2019-08-15,2026-01-12,17,0,2019:7|2020:1|2024:2|2025:34|2026:2
Radical Face,46,2012-12-02,2015-08-27,34,0,2012:1|2013:1|2014:41|2015:3
AC/DC,45,2009-01-07,2026-02-02,19,0,2009:2|2010:36|2011:4|2023:2|2026:1
Ben Watt,45,2008-08-06,2010-05-19,34,0,2008:7|2009:35|2010:3
Maceo Parker,45,2006-04-11,2025-07-16,12,0,2006:15|2007:7|2008:10|2009:3|2010:6|2011:2|2025:2
Michael Bublé,45,2008-08-03,2025-07-09,33,0,2008:19|2010:6|2012:8|2020:5|2021:2|2022:4|2025:1
Our Lady Peace,45,2006-10-15,2025-10-27,14,0,2006:1|2007:4|2009:1|2010:14|2011:4|2012:8|2013:10|2017:1|2022:1|2025:1
The Smile,45,2024-02-02,2025-06-19,25,0,2024:17|2025:28
Tonic,45,2007-03-31,2020-03-26,7,0,2007:2|2008:2|2009:8|2010:10|2011:3|2012:17|2014:2|2020:1
Eppu Normaali,44,2006-04-02,2026-05-01,11,0,2006:16|2007:3|2008:2|2009:7|2010:4|2011:1|2026:11
Guru,44,2008-03-15,2014-12-22,26,0,2008:31|2009:3|2010:2|2014:8
James Blake,44,2012-05-27,2026-08-01,36,0,2012:2|2013:1|2014:4|2015:1|2018:1|2019:1|2020:5|2021:2|2024:6|2025:2|2026:19
Journey,44,2006-03-02,2014-12-22,8,0,2006:8|2007:5|2008:3|2009:7|2010:18|2011:1|2012:1|2014:1
M83,44,2012-04-26,2020-12-18,12,0,2012:28|2013:11|2014:1|2017:2|2019:1|2020:1
malik djoudi,44,2022-08-06,2025-11-30,39,0,2022:37|2023:1|2025:6
SBTRKT,44,2012-05-05,2019-05-10,30,0,2012:5|2013:3|2014:32|2015:1|2017:1|2018:1|2019:1
Snoop Dogg,44,2006-04-03,2024-06-21,12,0,2006:4|2007:3|2008:8|2009:2|2010:2|2011:2|2012:20|2013:1|2024:2
Tame Impala,44,2013-02-15,2026-01-30,20,0,2013:4|2014:3|2016:1|2017:3|2019:13|2020:2|2021:2|2022:1|2023:8|2025:6|2026:1
The Future Sound of London,44,2007-03-20,2013-03-04,26,0,2007:23|2008:6|2009:6|2010:2|2012:6|2013:1
Vance Joy,44,2014-11-04,2024-01-16,13,0,2014:8|2015:8|2017:7|2019:4|2021:2|2022:5|2023:8|2024:2
Bad Bunny,43,2021-01-19,2026-08-09,21,0,2021:1|2022:1|2025:7|2026:34
Better Than Ezra,43,2006-05-19,2026-04-30,18,0,2006:2|2007:1|2009:9|2011:1|2012:16|2013:6|2017:3|2020:1|2023:2|2026:2
Caetano Veloso,43,2006-03-03,2017-10-22,36,0,2006:1|2010:11|2014:1|2015:3|2017:27
David Lyndon Huff,43,2007-08-15,2010-10-23,10,0,2007:3|2008:13|2009:13|2010:14
Dinosaur Jr.,43,2010-09-14,2026-02-26,18,0,2010:27|2011:6|2015:1|2017:8|2026:1
DJ Chicken George,43,2008-12-16,2011-02-10,27,0,2008:1|2009:8|2010:33|2011:1
Elton John,43,2006-06-30,2026-01-12,25,0,2006:3|2007:3|2008:2|2009:1|2010:2|2012:3|2013:3|2014:3|2015:1|2021:7|2022:4|2023:2|2024:7|2026:2
Emma Gun,43,2023-10-15,2026-07-12,6,0,2023:5|2024:34|2025:2|2026:2
Future Islands,43,2014-01-16,2026-03-03,23,0,2014:1|2017:29|2018:4|2020:2|2023:3|2024:1|2025:2|2026:1
J. Karjalainen,43,2006-10-23,2026-06-24,22,0,2006:1|2008:1|2009:1|2010:9|2011:19|2013:1|2020:1|2021:1|2022:1|2023:2|2026:6
Kipparikvartetti,43,2020-12-15,2024-03-14,1,0,2020:4|2021:38|2024:1
St. Vincent,43,2013-02-06,2026-08-03,20,0,2013:5|2014:1|2015:1|2017:2|2020:1|2022:3|2024:1|2026:29
The Vandals,43,2008-07-25,2010-10-30,14,0,2008:13|2009:12|2010:18
Bob Sinclar,42,2006-09-08,2026-09-04,17,0,2006:5|2007:9|2008:3|2009:3|2010:8|2011:2|2012:5|2013:2|2025:1|2026:4
Orchestra Baobab,42,2008-12-29,2017-06-19,34,0,2008:2|2017:40
Vanessa Carlton,42,2011-01-03,2024-06-25,24,0,2011:1|2012:1|2013:12|2014:1|2015:1|2020:3|2021:17|2022:3|2023:2|2024:1
Bruno Mars,41,2011-02-07,2026-01-12,21,0,2011:16|2012:2|2013:7|2014:2|2015:3|2020:1|2021:2|2022:3|2025:4|2026:1
Derek and the Dominos,41,2010-09-06,2010-11-21,13,0,2010:41
Eros Ramazzotti,41,2007-10-06,2012-07-27,40,0,2007:1|2012:40
Faithless,41,2006-04-01,2026-04-28,19,0,2006:17|2007:12|2008:1|2009:3|2010:1|2011:1|2012:3|2025:2|2026:1
Lou Reed,41,2008-02-09,2026-01-12,25,0,2008:17|2009:6|2010:4|2012:3|2013:3|2014:3|2023:2|2026:3
Mos Def,41,2007-09-15,2017-09-26,38,0,2007:6|2008:2|2009:28|2010:1|2013:1|2014:2|2017:1
Overmono,41,2024-07-10,2026-08-28,25,0,2024:1|2026:40
Sonzeira,41,2017-02-15,2023-02-12,20,0,2017:36|2018:3|2022:1|2023:1
Sun Ra,41,2015-12-14,2021-05-25,38,0,2015:1|2017:37|2019:2|2021:1
Édith Piaf,41,2012-09-30,2025-12-11,39,0,2012:16|2013:1|2021:23|2025:1
Dalindéo,40,2013-04-07,2023-12-02,28,0,2013:37|2017:1|2023:2
Eagle-Eye Cherry,40,2006-04-01,2017-10-03,9,0,2006:8|2007:6|2008:1|2009:6|2010:6|2011:4|2013:5|2014:1|2017:3
Hoobastank,40,2006-09-19,2025-10-27,5,0,2006:1|2007:1|2008:1|2009:2|2010:14|2011:13|2022:3|2023:2|2025:3
Miike Snow,40,2012-07-14,2025-06-09,18,0,2012:9|2013:15|2015:12|2016:1|2019:1|2020:1|2025:1
Nicki Minaj,40,2012-04-26,2023-12-28,14,0,2012:24|2013:1|2014:5|2015:1|2017:1|2019:1|2021:2|2022:1|2023:4
Paul McCartney,40,2008-12-24,2026-06-08,25,0,2008:1|2009:1|2010:5|2013:1|2015:1|2020:1|2021:10|2022:10|2024:1|2026:9
Sébastien Tellier,40,2012-04-14,2025-07-24,24,0,2012:31|2013:4|2015:1|2020:2|2025:2
Van Halen,40,2007-10-04,2013-03-06,11,0,2007:7|2008:5|2009:12|2010:13|2011:1|2013:2
Waxahatchee,40,2020-12-04,2026-08-15,20,0,2020:3|2021:26|2022:2|2024:1|2025:4|2026:4
久石譲,40,2013-08-20,2023-12-16,26,0,2013:3|2017:1|2022:23|2023:13
Amplive,39,2013-03-12,2013-03-17,17,0,2013:39
Aphex Twin,39,2006-04-01,2026-08-13,22,0,2006:2|2007:2|2009:4|2012:1|2013:1|2015:4|2017:1|2019:1|2021:1|2023:1|2024:3|2025:1|2026:17
Beirut,39,2012-04-16,2026-07-16,17,0,2012:27|2013:3|2015:2|2016:1|2017:1|2022:2|2024:1|2025:1|2026:1
Geese,39,2023-08-30,2026-03-10,12,0,2023:1|2025:2|2026:36
Half Moon Run,39,2013-03-22,2026-03-23,22,0,2013:4|2015:3|2019:2|2020:1|2023:24|2024:3|2025:1|2026:1
Jessie J,39,2012-04-28,2023-03-05,10,0,2012:21|2013:2|2014:4|2015:4|2017:1|2020:3|2021:2|2022:1|2023:1
Joan Baez,39,2007-04-21,2021-04-25,14,0,2007:2|2008:1|2009:3|2010:25|2012:4|2013:1|2015:1|2021:2
Mary J. Blige,39,2006-11-03,2015-11-18,18,0,2006:4|2007:4|2008:10|2009:8|2010:9|2012:2|2014:1|2015:1
Natalie Imbruglia,39,2006-03-02,2026-05-29,14,0,2006:3|2007:1|2008:8|2009:3|2010:4|2011:1|2012:1|2013:1|2015:2|2017:11|2018:1|2026:3
Nine Inch Nails,39,2008-09-20,2026-07-16,20,0,2008:9|2009:1|2010:4|2011:1|2025:6|2026:18
Sister Sledge,39,2006-03-01,2022-10-21,16,0,2006:7|2007:1|2008:18|2010:8|2019:1|2021:1|2022:3
Steppenwolf,39,2006-03-02,2011-02-08,14,0,2006:3|2007:5|2008:6|2009:4|2010:20|2011:1
Us3,39,2007-10-27,2010-12-10,10,0,2007:6|2008:10|2009:11|2010:12
All That Jazz,38,2017-10-17,2023-11-18,24,0,2017:18|2018:14|2023:6
Arctic Monkeys,38,2007-07-24,2026-07-15,21,0,2007:2|2010:2|2012:5|2013:6|2017:1|2019:1|2021:3|2022:11|2023:3|2024:2|2026:2
Bob Marley,38,2006-04-02,2011-02-02,5,0,2006:2|2007:4|2008:6|2009:8|2010:12|2011:6
Dua Lipa,38,2017-12-20,2026-05-15,22,0,2017:1|2020:1|2021:18|2022:2|2023:3|2024:3|2025:6|2026:4
Fatboy Slim,38,2006-03-03,2021-04-18,9,0,2006:3|2007:4|2008:1|2009:4|2010:16|2012:4|2013:1|2017:1|2021:4
Five for Fighting,38,2008-10-15,2020-11-07,14,0,2008:1|2009:3|2010:8|2011:5|2012:11|2013:8|2017:1|2020:1
Loreen,38,2012-04-24,2025-10-31,3,0,2012:31|2015:1|2023:2|2024:2|2025:2
Maceo And All The King's Men,38,2006-03-30,2011-07-06,10,0,2006:21|2007:8|2008:2|2009:4|2010:2|2011:1
Mika,38,2013-03-24,2023-06-17,13,0,2013:2|2019:2|2022:32|2023:2
of Montreal,38,2010-09-07,2022-09-04,15,0,2010:31|2011:1|2013:1|2021:1|2022:4
OK Go,38,2007-04-02,2020-12-18,23,0,2007:1|2008:1|2009:1|2010:30|2012:1|2013:1|2014:1|2015:1|2020:1
Shad,38,2010-09-23,2012-04-25,13,0,2010:37|2012:1
Sophie,38,2026-08-02,2026-08-06,24,0,2026:38
The Postal Service,38,2006-03-01,2020-04-21,10,0,2006:14|2007:2|2008:2|2009:13|2010:2|2011:1|2012:1|2013:2|2020:1
Tosca,38,2006-04-08,2026-05-25,12,0,2006:3|2007:3|2008:3|2009:5|2010:3|2011:1|2012:6|2013:5|2014:2|2015:1|2017:4|2019:1|2026:1
10cc,37,2008-02-09,2015-12-08,14,0,2008:36|2015:1
Buffalo Springfield,37,2006-11-30,2025-07-28,11,0,2006:1|2007:7|2008:3|2009:10|2010:9|2011:1|2012:1|2014:1|2023:2|2024:1|2025:1
Deep Roots,37,2007-07-25,2011-09-09,10,0,2007:6|2008:12|2009:4|2010:14|2011:1
Jamie Lidell,37,2008-08-12,2010-11-16,15,0,2008:12|2009:20|2010:5
João Gilberto,37,2007-04-21,2021-11-20,20,0,2007:2|2010:1|2013:2|2015:10|2017:21|2021:1
Kendrick Lamar,37,2014-12-30,2026-08-07,30,0,2014:1|2015:1|2018:1|2020:1|2022:1|2024:4|2025:3|2026:25
London Philharmonic Orchestra & David Parry,37,2011-06-15,2013-03-20,25,0,2011:24|2012:1|2013:12
Melody Man,37,2008-06-16,2011-01-17,24,0,2008:21|2009:6|2010:9|2011:1
Moloko,37,2006-12-05,2026-05-25,19,0,2006:1|2007:2|2010:2|2012:28|2013:1|2017:2|2026:1
Placebo,37,2006-12-14,2015-09-03,23,0,2006:2|2007:1|2009:3|2010:13|2011:13|2012:1|2013:1|2015:3
Reamonn,37,2012-12-02,2012-12-05,30,0,2012:37
Rednex,37,2006-03-03,2025-01-02,15,0,2006:4|2007:2|2008:5|2009:3|2010:7|2012:15|2025:1
Reef,37,2006-04-01,2011-01-19,9,0,2006:7|2007:4|2008:18|2009:4|2010:2|2011:2
Sharon Van Etten,37,2012-05-04,2026-08-14,22,0,2012:2|2014:2|2015:3|2017:2|2019:5|2020:1|2022:1|2023:2|2024:4|2025:12|2026:3
Teflon Brothers,37,2015-11-20,2024-05-12,5,0,2015:1|2021:28|2023:1|2024:7
The Cab,37,2010-04-20,2012-05-14,13,0,2010:35|2011:1|2012:1
The Cinematic Orchestra,37,2008-10-09,2019-11-26,15,0,2008:20|2009:5|2010:3|2012:1|2013:4|2015:2|2017:1|2019:1
The Last Dinner Party,37,2023-09-12,2026-04-18,20,0,2023:5|2024:11|2025:5|2026:16
Tones and I,37,2020-11-28,2025-07-09,26,0,2020:2|2021:1|2024:29|2025:5
War Child Records,37,2026-03-09,2026-03-12,22,0,2026:37
Hugh Masekela,36,2007-09-22,2013-06-29,20,0,2007:2|2008:22|2009:3|2010:5|2011:2|2013:2
Laleh,36,2012-07-21,2015-01-11,34,0,2012:1|2013:1|2014:33|2015:1
Tapani Kansa,36,2006-04-02,2021-04-09,23,0,2006:1|2009:30|2010:1|2021:4
Antônio Carlos Jobim,35,2006-04-11,2024-07-13,14,0,2006:9|2009:2|2015:8|2017:14|2021:1|2024:1
Backstreet Boys,35,2009-10-17,2026-05-10,22,0,2009:1|2012:2|2015:4|2017:1|2020:1|2021:19|2022:3|2023:2|2026:2
Big Brovaz,35,2006-03-03,2010-10-31,14,0,2006:6|2007:12|2008:4|2009:9|2010:4
Bombay Bicycle Club,35,2012-07-09,2024-02-04,14,0,2012:5|2013:4|2015:3|2017:1|2019:7|2023:8|2024:7
Duffy,35,2008-08-09,2026-07-14,19,0,2008:6|2009:1|2010:1|2012:4|2019:21|2026:2
Far East Movement,35,2010-11-27,2013-03-24,6,0,2010:1|2011:1|2012:31|2013:2
Les Musiciens du Louvre,35,2026-02-12,2026-02-12,35,0,2026:35
Lin-Manuel Miranda,35,2019-06-08,2026-07-11,6,0,2019:4|2021:1|2022:29|2026:1
Neil Diamond,35,2006-04-01,2013-11-25,11,0,2006:7|2007:3|2008:2|2009:6|2010:10|2013:7
Neil Young,35,2007-04-17,2026-07-28,22,0,2007:1|2008:7|2009:10|2010:3|2013:3|2014:1|2021:6|2023:1|2025:1|2026:2
Reneé Rapp,35,2023-01-08,2025-12-05,22,0,2023:5|2024:1|2025:29
Ruusut,35,2021-01-08,2026-08-03,23,0,2021:1|2026:34
Tears for Fears,35,2006-10-15,2026-02-02,6,0,2006:1|2007:2|2008:2|2009:5|2010:12|2011:1|2012:2|2013:2|2017:2|2022:2|2023:3|2026:1
The Jayhawks,35,2011-01-23,2025-10-03,18,0,2011:29|2012:3|2013:1|2025:2
Tom Jones,35,2006-03-02,2022-10-20,16,0,2006:4|2007:9|2008:3|2009:6|2010:10|2012:1|2014:1|2022:1
¡Cubanismo!,35,2007-03-07,2010-07-28,13,0,2007:24|2008:3|2009:7|2010:1
Balkan Beat Box,34,2006-10-24,2009-12-01,11,0,2006:23|2007:6|2008:1|2009:4
Bill Ryder-Jones,34,2019-11-26,2026-03-12,15,0,2019:1|2025:2|2026:31
Cut Copy,34,2012-04-14,2019-09-09,18,0,2012:22|2013:6|2015:1|2017:1|2019:4
Drake,34,2012-04-29,2026-02-03,26,0,2012:6|2014:1|2015:2|2017:1|2019:16|2020:5|2022:1|2023:1|2026:1
Grimes,34,2012-05-13,2021-11-02,21,0,2012:1|2013:9|2015:1|2017:6|2019:1|2020:1|2021:15
Jessie Ware,34,2015-01-24,2026-08-21,24,0,2015:2|2017:1|2019:3|2021:2|2023:1|2024:9|2026:16
KAROL G,34,2023-11-30,2026-08-09,21,0,2023:1|2024:1|2025:6|2026:26
KATSEYE,34,2025-05-21,2026-05-10,9,0,2025:18|2026:16
King Krule,34,2015-12-16,2025-01-13,27,0,2015:1|2017:1|2018:25|2019:1|2023:3|2024:1|2025:2
Labrinth,34,2012-11-10,2024-11-19,16,0,2012:3|2013:4|2014:1|2017:1|2019:2|2021:2|2022:2|2023:4|2024:15
Lizzy McAlpine,34,2021-08-22,2025-11-26,25,0,2021:1|2022:6|2023:5|2025:22
New Phunk Theory,34,2006-04-08,2021-04-11,8,0,2006:1|2007:19|2008:5|2009:1|2010:3|2011:2|2012:2|2021:1
Nightmares on Wax,34,2008-09-20,2026-07-23,26,0,2008:1|2009:3|2010:6|2013:6|2015:3|2017:10|2024:1|2026:4
Oneohtrix Point Never,34,2020-11-02,2026-06-03,18,0,2020:1|2023:1|2026:32
Paul Weller,34,2006-09-23,2011-01-19,12,0,2006:1|2007:3|2008:17|2009:4|2010:5|2011:4
Pixies,34,2006-12-15,2026-07-15,11,0,2006:1|2007:1|2008:1|2009:1|2010:7|2013:3|2015:1|2017:5|2020:1|2022:2|2023:7|2025:3|2026:1
Rage Against the Machine,34,2007-04-15,2026-07-15,12,0,2007:4|2008:2|2009:9|2010:14|2011:1|2012:1|2017:1|2019:1|2026:1
Road Less Traveled,34,2021-12-26,2022-03-11,8,0,2021:14|2022:20
Sam Smith,34,2014-08-18,2025-06-17,20,0,2014:6|2015:12|2017:2|2020:2|2021:3|2022:6|2023:1|2024:1|2025:1
SOIL&“PIMP”SESSIONS,34,2006-04-02,2010-03-31,16,0,2006:12|2007:3|2008:2|2009:3|2010:14
SZA,34,2020-12-07,2026-01-30,20,0,2020:2|2021:1|2022:5|2023:12|2024:9|2025:4|2026:1
The Black Crowes,34,2008-03-02,2026-03-16,26,0,2008:6|2009:10|2010:13|2017:1|2026:4
Arthur Buck,33,2026-01-03,2026-02-14,11,0,2026:33
Daymé Arocena,33,2017-04-04,2024-05-15,25,0,2017:25|2018:4|2022:1|2024:3
Don Johnson Big Band,33,2006-09-08,2011-09-09,11,0,2006:16|2007:6|2008:2|2009:4|2010:4|2011:1
Hayley Williams,33,2020-03-20,2026-07-28,23,0,2020:3|2025:6|2026:24
Iron & Wine,33,2010-09-30,2024-11-14,17,0,2010:1|2012:1|2013:2|2014:6|2015:12|2017:4|2019:4|2020:1|2024:2
Joe Hisaishi,33,2017-10-17,2026-07-28,32,0,2017:1|2022:1|2023:30|2026:1
Kerli,33,2008-10-06,2011-01-30,13,0,2008:16|2009:1|2010:2|2011:14
Lifehouse,33,2007-12-09,2017-09-21,13,0,2007:1|2008:1|2009:3|2010:4|2011:1|2012:9|2013:10|2017:4
Mariah Carey,33,2006-03-15,2026-07-20,10,0,2006:2|2007:4|2008:2|2010:7|2012:6|2020:2|2021:3|2022:5|2026:2
Mimmit,33,2020-11-21,2021-11-18,3,0,2020:1|2021:32
my bloody valentine,33,2010-03-17,2022-11-27,12,0,2010:27|2011:1|2012:1|2013:2|2015:1|2022:1
Phoebe Bridgers,33,2017-09-21,2026-08-16,20,0,2017:2|2020:7|2021:10|2022:6|2023:2|2026:6
Portishead,33,2006-06-11,2015-07-08,18,0,2006:8|2007:7|2008:3|2009:2|2010:3|2012:3|2013:6|2015:1
Sheryl Crow,33,2006-03-02,2026-05-24,12,0,2006:4|2007:4|2008:9|2009:1|2010:6|2012:1|2015:1|2017:2|2023:1|2024:1|2025:2|2026:1
The xx,33,2010-05-31,2021-09-14,13,0,2010:5|2012:5|2013:14|2014:1|2015:1|2017:4|2019:1|2020:1|2021:1
underscores,33,2021-02-15,2026-04-28,10,0,2021:3|2026:30
Björk,32,2006-11-17,2026-07-15,24,0,2006:1|2007:2|2008:2|2010:2|2012:2|2013:4|2017:11|2021:2|2022:1|2023:1|2024:1|2026:3
Cansei de Ser Sexy,32,2008-08-16,2013-05-05,15,0,2008:20|2009:5|2010:5|2011:1|2013:1
Christine and the Queens,32,2017-02-23,2026-03-02,21,0,2017:1|2019:2|2020:1|2021:12|2022:2|2023:11|2024:1|2025:1|2026:1
Gilberto Gil,32,2006-02-27,2017-10-22,15,0,2006:6|2007:1|2008:1|2009:1|2010:2|2012:1|2014:2|2015:2|2017:16
Orchestra Super Rail Band International,32,2008-11-24,2010-04-06,8,0,2008:9|2009:19|2010:4
PinkPantheress,32,2022-12-29,2026-08-03,14,0,2022:3|2023:5|2025:18|2026:6
Ressu Redford,32,2008-08-29,2022-12-25,19,0,2008:1|2009:7|2010:22|2020:1|2022:1
Anastacia,31,2006-02-28,2010-10-28,12,0,2006:12|2007:2|2008:3|2009:12|2010:2
Danny Brown,31,2017-11-28,2025-10-13,15,0,2017:1|2018:1|2023:22|2024:6|2025:1
Frank Turner,31,2010-09-07,2015-03-23,19,0,2010:30|2015:1
Gotye,31,2012-01-15,2025-06-19,11,0,2012:17|2013:9|2014:1|2021:2|2025:2
Joji,31,2019-06-19,2022-09-07,25,0,2019:26|2020:3|2022:2
Kaiser Chiefs,31,2007-08-08,2023-11-05,7,0,2007:1|2008:4|2009:2|2010:17|2012:1|2013:2|2014:2|2023:2
Lynyrd Skynyrd,31,2006-03-02,2012-04-26,6,0,2006:3|2007:9|2008:4|2009:7|2010:4|2011:2|2012:2
Nelly,31,2006-10-15,2025-01-02,11,0,2006:3|2007:5|2008:3|2009:8|2010:5|2011:1|2012:1|2013:3|2021:1|2025:1
Orla Gartland,31,2021-10-27,2025-05-20,21,0,2021:1|2022:15|2025:15
Outlandish,31,2006-02-28,2010-03-23,13,0,2006:15|2007:3|2008:5|2009:6|2010:2
Peter Bjorn and John,31,2009-08-07,2023-06-10,11,0,2009:1|2012:3|2013:17|2014:1|2015:1|2017:2|2019:2|2020:1|2021:2|2023:1
Phoenix,31,2012-08-04,2026-04-28,11,0,2012:1|2013:7|2014:2|2015:1|2017:2|2020:1|2021:2|2022:1|2023:8|2024:2|2025:3|2026:1
Primal Scream,31,2006-11-02,2026-07-16,14,0,2006:2|2007:15|2008:2|2009:4|2010:4|2011:1|2013:2|2026:1
Quantic,31,2006-02-27,2026-07-28,18,0,2006:3|2012:8|2013:14|2015:2|2017:3|2026:1
R. Kelly,31,2007-08-03,2017-05-15,25,0,2007:2|2009:19|2010:4|2012:2|2013:2|2017:2
Rauli Badding Somerjoki,31,2007-08-16,2021-04-09,8,0,2007:10|2008:8|2009:6|2010:5|2012:1|2021:1
SOHN,31,2014-11-02,2015-09-04,20,0,2014:29|2015:2
The Hives,31,2008-02-12,2025-11-12,16,0,2008:8|2009:4|2010:3|2011:14|2023:1|2025:1
4th Avenue Jones,30,2007-10-07,2010-10-04,9,0,2007:18|2008:6|2009:5|2010:1
Alesso,30,2012-06-01,2026-05-29,18,0,2012:1|2013:1|2014:1|2015:2|2016:4|2017:9|2019:1|2021:4|2023:1|2024:5|2026:1
Allison Russell,30,2021-01-30,2026-07-20,23,0,2021:2|2024:3|2026:25
Audioslave,30,2006-12-21,2025-10-28,12,0,2006:1|2007:3|2008:1|2009:4|2010:3|2012:4|2013:1|2017:1|2024:2|2025:10
Charlotte Cardin,30,2024-08-17,2026-07-14,28,0,2024:1|2025:1|2026:28
Damiano David,30,2025-05-21,2025-09-15,15,0,2025:30
Feist,30,2012-05-31,2023-11-30,19,0,2012:19|2014:2|2015:3|2017:2|2019:1|2022:1|2023:2
Jason Derülo,30,2010-03-24,2025-04-18,13,0,2010:12|2012:4|2013:5|2014:1|2015:7|2025:1
Jerry Goldsmith,30,2006-04-23,2011-03-22,10,0,2006:9|2007:1|2008:3|2009:10|2010:2|2011:5
Joaquin Phoenix,30,2006-03-31,2012-05-14,7,0,2006:11|2007:4|2008:2|2009:4|2010:7|2011:1|2012:1
Liraz,30,2023-05-23,2023-05-24,11,0,2023:30
Local Natives,30,2012-05-31,2024-11-11,14,0,2012:3|2013:1|2014:1|2015:3|2017:4|2019:10|2020:3|2023:4|2024:1
Neutral Milk Hotel,30,2010-11-25,2026-07-15,16,0,2010:5|2012:2|2017:2|2020:8|2021:1|2023:1|2025:10|2026:1
Noah and the Whale,30,2012-05-31,2022-06-23,17,0,2012:2|2013:23|2014:2|2015:2|2022:1
Phantom Planet,30,2007-10-03,2026-05-10,10,0,2007:2|2008:2|2009:1|2010:8|2011:1|2013:2|2014:2|2019:4|2022:3|2024:3|2026:2
Puddle of Mudd,30,2006-09-19,2025-10-29,6,0,2006:2|2007:9|2008:5|2009:1|2010:3|2011:4|2017:1|2025:5
Tamikrest,30,2012-04-06,2026-05-18,20,0,2012:20|2013:1|2026:9
The Paper Kites,30,2014-10-28,2024-02-14,20,0,2014:12|2015:5|2017:1|2020:4|2021:3|2023:3|2024:2
Barry White,29,2006-11-20,2024-12-02,16,0,2006:1|2007:2|2008:13|2009:7|2010:3|2021:2|2024:1
Charlotte Gainsbourg,29,2010-09-06,2013-02-06,15,0,2010:25|2011:1|2012:2|2013:1
Fred again..,29,2020-11-27,2026-08-10,23,0,2020:1|2022:3|2023:2|2024:6|2025:2|2026:15
Gizmo Varillas,29,2017-10-18,2019-09-10,17,0,2017:2|2019:27
Iggy Pop,29,2008-01-13,2023-01-06,17,0,2008:1|2009:18|2010:4|2011:1|2012:1|2013:2|2015:1|2023:1
Michel Teló,29,2012-04-28,2013-11-26,2,0,2012:28|2013:1
Nick Cave & the Bad Seeds,29,2006-10-15,2026-05-29,26,0,2006:2|2013:9|2015:3|2020:2|2021:1|2022:7|2024:1|2025:2|2026:2
The Ataris,29,2008-10-10,2025-10-24,3,0,2008:4|2009:3|2010:13|2011:7|2012:1|2025:1
The Jimi Hendrix Experience,29,2007-03-31,2013-04-14,13,0,2007:21|2008:1|2009:1|2010:4|2011:1|2013:1
Them Bird Things,29,2010-08-21,2010-08-21,12,0,2010:29
Tiësto,29,2013-03-22,2025-03-30,19,0,2013:1|2014:2|2015:2|2017:10|2021:1|2023:2|2024:5|2025:6
Toto,29,2006-03-31,2026-02-02,3,0,2006:3|2007:6|2010:15|2011:1|2013:1|2023:1|2025:1|2026:1
Yö,29,2006-03-01,2011-01-04,21,0,2006:7|2007:2|2008:9|2009:3|2010:7|2011:1
4hero,28,2014-12-02,2014-12-09,9,0,2014:28
Aretha Franklin,28,2006-03-13,2024-08-01,12,0,2006:6|2007:7|2008:2|2009:2|2010:3|2012:2|2014:1|2015:2|2017:1|2021:1|2024:1
AWOLNATION,28,2012-05-05,2025-06-09,12,0,2012:1|2013:8|2014:4|2017:2|2020:1|2022:1|2023:1|2025:10
Ben Howard,28,2012-08-04,2026-07-24,14,0,2012:1|2013:1|2014:2|2015:7|2017:4|2019:1|2021:1|2023:4|2024:2|2026:5
Ddt [ДДТ],28,2013-03-25,2013-03-26,19,0,2013:28
Dishwalla,28,2009-06-29,2023-08-12,18,0,2009:3|2012:3|2013:17|2017:1|2020:3|2023:1
Edward Sharpe & The Magnetic Zeros,28,2012-08-04,2024-08-09,7,0,2012:3|2013:3|2014:5|2015:8|2017:6|2019:1|2023:1|2024:1
"Hector, Kirka, Pave, Pepe",28,2008-07-13,2011-01-28,20,0,2008:15|2009:4|2010:7|2011:2
Imany,28,2023-08-13,2023-08-13,14,0,2023:28
Justin Bieber,28,2010-05-30,2026-08-03,19,0,2010:3|2012:3|2013:1|2015:7|2017:1|2020:2|2021:3|2022:3|2024:1|2025:2|2026:2
Lala Lala,28,2022-03-29,2026-03-04,12,0,2022:2|2024:2|2026:24
Lucy Dacus,28,2019-06-30,2026-08-15,15,0,2019:1|2022:21|2023:3|2025:1|2026:2
Maiwan,28,2020-04-13,2021-06-22,20,0,2020:26|2021:2
Melody's Echo Chamber,28,2013-02-15,2026-05-26,15,0,2013:1|2022:2|2026:25
Moses Sumney,28,2018-01-05,2024-07-18,21,0,2018:2|2019:1|2020:2|2021:22|2024:1
Orchestre Poly-Rythmo,28,2012-04-07,2012-04-09,12,0,2012:28
Something Corporate,28,2006-04-11,2010-11-16,8,0,2006:6|2007:5|2008:6|2009:1|2010:10
The Rasmus,28,2006-03-30,2011-09-09,14,0,2006:11|2007:6|2008:1|2009:5|2010:4|2011:1
Toad The Wet Sprocket,28,2007-10-26,2023-08-12,9,0,2007:1|2009:3|2010:2|2012:10|2013:1|2017:9|2022:1|2023:1
Afro-Cuban All Stars,27,2007-03-31,2010-11-22,10,0,2007:6|2008:13|2009:5|2010:3
Alan Walker,27,2017-11-23,2025-06-07,22,0,2017:2|2019:1|2024:21|2025:3
Darude,27,2006-04-01,2025-03-11,6,0,2006:9|2007:3|2008:2|2009:2|2010:1|2011:1|2022:2|2025:7
Eric Clapton,27,2006-05-10,2023-02-12,8,0,2006:5|2007:1|2008:1|2009:6|2010:4|2012:1|2013:5|2015:1|2020:1|2021:1|2023:1
Manic Street Preachers,27,2006-03-18,2025-12-09,8,0,2006:6|2007:7|2008:5|2009:2|2010:3|2023:1|2025:3
moe.,27,2006-06-29,2012-05-11,12,0,2006:8|2007:3|2008:9|2009:2|2010:2|2011:1|2012:2
Natasha Bedingfield,27,2006-04-11,2025-02-12,4,0,2006:2|2007:1|2008:2|2009:5|2010:7|2012:1|2013:5|2021:1|2023:1|2025:2
Norman Jay,27,2010-08-05,2012-06-25,20,0,2010:24|2011:1|2012:2
Olivia Dean,27,2023-07-24,2026-01-30,13,0,2023:1|2025:8|2026:18
Spice Girls,27,2006-11-28,2026-05-10,9,0,2006:1|2007:5|2009:1|2010:2|2012:1|2015:2|2020:8|2021:1|2024:4|2026:2
Tom Odell,27,2012-11-10,2025-05-21,12,0,2012:2|2013:3|2014:3|2017:1|2023:9|2024:8|2025:1
Youssou N'Dour,27,2006-12-12,2014-01-12,8,0,2006:1|2007:9|2008:2|2009:5|2010:7|2011:2|2014:1
Zara Larsson,27,2014-01-12,2026-01-30,16,0,2014:1|2015:1|2017:2|2020:1|2023:1|2024:2|2025:18|2026:1
A.R. Rahman,26,2006-04-10,2017-06-13,10,0,2006:1|2009:5|2010:16|2012:2|2017:2
Abor & Tynna,26,2025-03-19,2025-06-13,16,0,2025:26
Air,26,2006-10-15,2026-07-16,14,0,2006:2|2007:1|2008:3|2009:1|2012:4|2013:8|2017:2|2021:1|2025:1|2026:3
Christina Aguilera,26,2008-12-26,2024-11-22,19,0,2008:11|2009:1|2010:4|2013:1|2014:1|2015:3|2020:1|2022:3|2024:1
Daddy Yankee,26,2007-10-27,2017-09-20,6,0,2007:1|2008:1|2009:1|2011:1|2012:20|2015:1|2017:1
Deftones,26,2010-03-30,2026-04-17,14,0,2010:2|2025:1|2026:23
Dido,26,2008-11-23,2026-05-24,15,0,2008:2|2009:2|2011:16|2013:2|2014:1|2026:3
Enya,26,2006-06-30,2022-05-24,12,0,2006:4|2007:1|2008:3|2009:3|2010:4|2012:2|2013:1|2020:1|2022:7
Interpol,26,2007-12-09,2026-07-15,24,0,2007:1|2008:1|2011:10|2015:1|2019:4|2022:1|2023:3|2024:4|2026:1
James Bay,26,2015-01-11,2025-08-18,16,0,2015:5|2017:2|2019:1|2021:2|2022:5|2023:1|2025:10
Jane's Addiction,26,2006-02-28,2026-07-16,6,0,2006:4|2007:2|2008:1|2009:1|2010:4|2011:1|2012:2|2015:1|2017:3|2024:2|2025:4|2026:1
Jens Lekman,26,2013-08-09,2026-07-24,12,0,2013:22|2026:4
Juan Magan,26,2012-04-28,2015-08-27,3,0,2012:25|2015:1
Lord JaH-monte OGBON,26,2026-02-02,2026-02-03,17,0,2026:26
Martin Sexton,26,2007-10-29,2010-10-23,11,0,2007:3|2008:16|2009:2|2010:5
MUNA,26,2015-11-13,2026-05-11,19,0,2015:1|2021:2|2022:9|2024:2|2025:3|2026:9
Nylon Beat,26,2006-04-01,2011-09-09,7,0,2006:12|2007:6|2008:3|2009:1|2010:2|2011:2
Paramore,26,2007-07-30,2025-07-29,12,0,2007:1|2009:5|2010:5|2013:1|2023:7|2024:4|2025:3
Sean Paul,26,2006-04-02,2025-07-22,4,0,2006:1|2012:24|2025:1
Shaboozey,26,2024-07-05,2026-08-07,24,0,2024:3|2026:23
Sly & The Family Stone,26,2008-11-23,2020-09-08,11,0,2008:10|2009:7|2010:3|2013:2|2015:2|2017:1|2020:1
Stereophonics,26,2006-03-13,2024-10-14,9,0,2006:6|2007:3|2008:6|2009:3|2011:2|2012:2|2013:1|2021:1|2023:1|2024:1
"Taylor Swift, Florence + The Machine",26,2024-06-23,2025-07-14,1,0,2024:10|2025:16
The Happy and Cheerful Music Jar,26,2021-05-01,2021-05-01,26,0,2021:26
Valtteri Laurell Nonet,26,2023-02-04,2023-02-04,6,0,2023:26
Wet Leg,26,2022-03-11,2026-09-02,7,0,2022:8|2023:7|2025:6|2026:5
Zucchero,26,2006-04-09,2021-08-18,11,0,2006:8|2007:6|2008:1|2009:5|2010:5|2021:1
All Time Low,25,2017-10-26,2025-10-31,19,0,2017:1|2020:17|2023:4|2025:3
Aya Nakamura,25,2022-12-29,2026-02-05,21,0,2022:2|2025:2|2026:21
Christopher Larkin,25,2025-09-29,2025-09-29,24,0,2025:25
Dave,25,2019-05-16,2026-01-11,21,0,2019:12|2020:1|2023:1|2024:6|2026:5
David Gilmour,25,2024-06-24,2025-07-25,19,0,2024:19|2025:6
Death Cab for Cutie,25,2008-12-17,2025-04-07,13,0,2008:1|2009:2|2010:3|2012:3|2013:3|2014:1|2019:1|2022:1|2023:6|2024:2|2025:2
Diggs Duke,25,2014-12-09,2017-10-25,8,0,2014:13|2017:12
Fever Ray,25,2009-08-05,2025-01-13,15,0,2009:1|2023:15|2024:8|2025:1
Jason Mraz,25,2008-08-13,2025-07-09,14,0,2008:1|2009:3|2010:2|2012:3|2013:4|2014:3|2015:4|2021:3|2025:2
Khruangbin,25,2020-12-09,2026-07-28,16,0,2020:1|2022:5|2024:4|2025:14|2026:1
Kim Gordon,25,2024-07-13,2026-03-26,13,0,2024:1|2026:24
Love Unlimited Orchestra,25,2008-04-16,2017-04-07,17,0,2008:13|2009:4|2010:7|2017:1
Mimi Webb,25,2023-01-08,2026-04-08,14,0,2023:1|2024:1|2025:22|2026:1
Olive Jones,25,2023-11-12,2026-04-23,12,0,2023:2|2026:23
Seal,25,2006-12-01,2024-07-17,5,0,2006:1|2007:3|2008:6|2009:4|2010:4|2011:1|2013:3|2017:2|2024:1
Sideshow,25,2026-03-02,2026-07-07,23,0,2026:25
Spank Rock,25,2009-08-08,2012-05-05,23,0,2009:24|2012:1
The Royal Philharmonic Orchestra,25,2011-06-08,2011-06-18,9,0,2011:25
The Smiths,25,2006-04-21,2026-07-15,12,0,2006:1|2010:1|2011:1|2012:3|2013:2|2021:1|2022:5|2023:10|2026:1
West Indies,25,2006-03-03,2010-10-04,7,0,2006:12|2007:3|2008:5|2009:2|2010:3
Willow,25,2020-11-27,2026-08-10,18,0,2020:1|2022:3|2023:5|2024:3|2026:13
Aarne Alligaattori & Viidakkorumpu,24,2021-06-08,2024-04-06,1,0,2021:21|2022:2|2024:1
Beach Bunny,24,2019-11-10,2025-11-21,10,0,2019:1|2021:7|2022:9|2024:3|2025:4
Big Thief,24,2019-09-02,2026-01-16,14,0,2019:1|2020:2|2023:13|2024:3|2025:4|2026:1
Blue States,24,2017-05-10,2026-05-25,19,0,2017:22|2020:1|2026:1
Brad Paisley,24,2007-12-09,2024-09-18,16,0,2007:1|2008:7|2009:2|2010:3|2012:2|2014:4|2015:3|2020:1|2024:1
Dead Kennedys,24,2006-11-16,2011-01-09,8,0,2006:2|2008:7|2009:4|2010:10|2011:1
Dracodontjam,24,2025-12-01,2025-12-04,12,0,2025:24
Dyland & Lenny,24,2012-04-28,2015-08-27,3,0,2012:23|2015:1
Elliott Smith,24,2006-03-16,2026-07-21,17,0,2006:1|2008:1|2010:1|2015:2|2022:3|2024:1|2026:15
Father John Misty,24,2014-11-30,2026-07-28,14,0,2014:3|2015:6|2017:4|2025:9|2026:2
Haylie Davis,24,2026-06-07,2026-07-09,11,0,2026:24
Jazzanova,24,2007-07-26,2026-05-25,21,0,2007:13|2008:6|2009:1|2013:2|2022:1|2026:1
José González,24,2013-11-16,2026-07-24,9,0,2013:1|2014:5|2015:10|2019:1|2021:1|2023:3|2024:2|2026:1
Louis Armstrong,24,2006-09-17,2013-05-13,13,0,2006:2|2007:2|2008:5|2009:3|2010:7|2012:1|2013:4
Michael Andrews,24,2006-09-17,2025-06-05,9,0,2006:2|2007:3|2008:2|2009:5|2010:8|2013:1|2017:1|2025:2
Mulatu Astatke,24,2013-06-29,2026-01-19,16,0,2013:1|2017:1|2020:1|2023:12|2026:9
Nick Drake,24,2015-01-24,2024-08-07,10,0,2015:5|2017:2|2021:8|2022:1|2023:6|2024:2
Nine Days,24,2006-11-29,2024-12-26,10,0,2006:1|2007:1|2009:3|2010:5|2011:2|2012:3|2013:7|2022:1|2024:1
Rachel Chinouriri,24,2022-05-25,2025-07-26,16,0,2022:1|2023:2|2025:21
Rammstein,24,2006-04-01,2024-05-05,7,0,2006:1|2007:3|2008:2|2009:6|2010:5|2011:3|2022:3|2024:1
Roy Ayers Ubiquity,24,2013-03-12,2015-09-30,16,0,2013:5|2014:18|2015:1
Sneaker Pimps,24,2013-03-04,2026-05-25,12,0,2013:3|2014:1|2017:1|2023:18|2026:1
Sniper,24,2025-09-22,2025-09-26,19,0,2025:24
The Civil Wars,24,2013-04-14,2021-08-22,13,0,2013:4|2014:4|2015:13|2017:1|2020:1|2021:1
The Head and the Heart,24,2012-05-14,2021-08-22,14,0,2012:3|2015:9|2017:5|2019:5|2021:2
The Kooks,24,2007-09-12,2025-12-18,20,0,2007:1|2009:2|2012:7|2013:2|2015:1|2017:1|2019:1|2021:2|2024:1|2025:6
Weekend Players,24,2012-06-18,2014-09-21,13,0,2012:23|2014:1
Wilco,24,2010-11-16,2026-07-28,13,0,2010:14|2012:2|2017:2|2021:1|2023:2|2026:3
Wolf Alice,24,2014-11-30,2025-10-31,10,0,2014:1|2015:1|2017:2|2019:4|2022:1|2023:10|2025:5
Yelle,24,2010-10-31,2026-08-21,12,0,2010:1|2012:16|2013:3|2015:1|2021:1|2026:2
Zero 7,24,2008-12-17,2026-05-25,16,0,2008:1|2009:2|2012:3|2013:10|2015:2|2017:5|2026:1
Ariya Astrobeat Arkestra,23,2012-12-09,2015-05-26,17,0,2012:22|2015:1
Bleachers,23,2017-08-12,2026-07-07,9,0,2017:1|2020:2|2022:9|2023:6|2024:2|2026:3
Carly Rae Jepsen,23,2012-04-26,2025-01-17,10,0,2012:6|2013:2|2015:5|2019:1|2020:2|2022:1|2023:2|2024:2|2025:2
Charles Lloyd,23,2026-01-19,2026-01-20,15,0,2026:23
Colbie Caillat,23,2007-11-02,2015-01-11,11,0,2007:3|2010:4|2012:11|2013:1|2014:3|2015:1
Courtney Marie Andrews,23,2020-12-04,2026-01-27,12,0,2020:2|2021:1|2023:1|2026:19
E-Rotic,23,2006-11-16,2012-10-22,14,0,2006:1|2007:2|2009:2|2010:3|2011:1|2012:14
Guano Apes,23,2006-02-28,2017-02-25,5,0,2006:3|2007:7|2008:1|2009:5|2010:4|2011:1|2012:1|2017:1
Johnny Marr,23,2023-08-13,2023-12-02,12,0,2023:23
Juliette Armanet,23,2022-08-06,2025-11-25,15,0,2022:15|2025:8
Kygo,23,2015-05-27,2024-06-21,16,0,2015:12|2017:6|2019:3|2024:2
L'Rain,23,2024-01-08,2026-08-21,15,0,2024:1|2026:22
La Dame Blanche,23,2021-10-30,2021-10-30,22,0,2021:23
Laurie Anderson,23,2015-11-30,2026-05-12,19,0,2015:1|2026:22
Leslie Odom Jr.,23,2019-06-08,2022-05-17,7,0,2019:2|2020:4|2021:3|2022:14
Liars,23,2010-09-10,2011-01-11,17,0,2010:22|2011:1
Lustral,23,2006-04-08,2012-12-08,7,0,2006:3|2007:2|2008:4|2009:1|2010:3|2012:10
Meco,23,2008-03-09,2011-02-10,15,0,2008:18|2009:2|2010:2|2011:1
Missy Elliott,23,2006-03-02,2026-05-22,13,0,2006:8|2007:10|2008:1|2010:1|2023:2|2026:1
Mo' Horizons,23,2006-04-08,2021-04-11,6,0,2006:2|2007:3|2008:3|2009:1|2010:5|2011:2|2012:3|2013:1|2017:1|2019:1|2021:1
Pixie Lott,23,2009-09-26,2025-08-18,17,0,2009:8|2010:3|2024:11|2025:1
Portugal. The Man,23,2012-05-07,2025-11-12,15,0,2012:1|2013:10|2014:1|2017:2|2020:1|2023:7|2025:1
Rascalin & The Roots Rockers,23,2007-07-30,2010-10-15,10,0,2007:6|2008:2|2009:13|2010:2
Rita Ora,23,2012-05-26,2025-10-14,11,0,2012:15|2015:1|2017:3|2021:1|2024:1|2025:2
Roo Panes,23,2015-03-02,2026-07-24,13,0,2015:10|2017:4|2020:3|2026:6
Sam Fender,23,2019-06-13,2025-03-19,15,0,2019:1|2021:2|2022:2|2025:18
Skrillex,23,2012-04-26,2026-08-28,15,0,2012:4|2013:13|2023:1|2024:2|2026:3
Sugar Ray,23,2009-04-11,2026-04-30,9,0,2009:4|2010:1|2011:1|2012:9|2017:6|2023:1|2026:1
Ten Years After,23,2017-07-22,2017-10-21,23,0,2017:23
The Cranberries,23,2007-09-03,2026-07-20,7,0,2007:3|2008:1|2009:1|2010:4|2012:1|2013:4|2017:1|2021:4|2024:2|2026:2
The Herbaliser,23,2013-07-14,2026-07-23,23,0,2013:2|2026:21
The New Eves,23,2026-01-27,2026-05-05,9,0,2026:23
The Police,23,2006-06-11,2026-02-20,6,0,2006:3|2007:1|2008:3|2009:2|2011:1|2012:5|2013:3|2015:1|2021:1|2025:2|2026:1
White Lies,23,2009-07-27,2025-10-31,15,0,2009:11|2011:7|2019:2|2023:2|2025:1
Yeah Yeah Yeahs,23,2012-08-04,2025-04-07,11,0,2012:5|2013:5|2015:2|2017:2|2019:1|2023:4|2024:2|2025:2
Alcazar,22,2006-03-01,2009-12-01,8,0,2006:6|2007:5|2008:9|2009:2
Alexandre Desplat,22,2009-10-21,2025-07-28,19,0,2009:1|2010:3|2015:1|2016:7|2017:3|2025:7
Bastille,22,2013-04-14,2025-07-13,14,0,2013:6|2014:1|2017:1|2018:1|2019:1|2020:1|2021:1|2025:10
Beat Pharmacy,22,2008-08-16,2010-09-12,11,0,2008:3|2009:6|2010:13
Benny Törnroos,22,2021-01-16,2024-04-06,2,0,2021:18|2022:2|2023:1|2024:1
boygenius,22,2023-06-07,2026-02-06,11,0,2023:8|2024:5|2026:9
CeeLo Green,22,2010-11-27,2023-10-08,19,0,2010:17|2012:2|2015:1|2021:1|2023:1
Chic,22,2008-10-09,2024-01-17,12,0,2008:6|2009:1|2012:11|2015:1|2019:1|2024:2
Cyan Kicks,22,2024-02-18,2026-07-18,1,0,2024:10|2026:12
daigoro789,22,2017-03-01,2023-05-12,18,0,2017:20|2023:2
Dr. Dre,22,2006-03-02,2024-05-27,10,0,2006:1|2008:4|2009:5|2010:5|2015:1|2017:1|2023:2|2024:3
"Funk, Inc.",22,2007-10-14,2010-04-09,10,0,2007:10|2008:3|2009:7|2010:2
Hugh Jackman,22,2020-12-08,2023-12-13,4,0,2020:4|2022:14|2023:4
Jewel,22,2006-09-18,2026-05-24,8,0,2006:3|2007:3|2008:2|2009:2|2010:5|2011:3|2017:1|2020:1|2026:2
John Coltrane,22,2007-04-26,2017-06-15,15,0,2007:3|2008:5|2010:1|2011:1|2013:2|2017:10
Mad Professor,22,2007-10-15,2010-03-02,16,0,2007:19|2008:1|2009:1|2010:1
Megan Moroney,22,2025-10-31,2026-02-24,15,0,2025:1|2026:21
Momoko Gill,22,2026-02-13,2026-04-24,11,0,2026:22
Mr. Scruff,22,2006-04-08,2026-05-25,8,0,2006:4|2007:1|2008:1|2009:3|2010:5|2011:1|2012:1|2013:1|2015:2|2026:3
MØ,22,2014-07-26,2025-06-12,16,0,2014:1|2019:4|2021:2|2025:15
Nneka,22,2010-07-25,2020-10-25,3,0,2010:15|2012:2|2013:4|2020:1
Noah Kahan,22,2019-06-06,2026-04-28,19,0,2019:1|2021:1|2023:5|2024:4|2025:1|2026:10
Owl City,22,2010-04-03,2025-06-24,9,0,2010:5|2012:1|2013:3|2015:1|2021:2|2022:1|2025:9
Phil Collins,22,2006-12-04,2021-09-16,11,0,2006:1|2007:5|2009:1|2010:3|2011:1|2012:1|2013:2|2014:6|2021:2
Playboi Carti,22,2023-08-20,2025-06-02,20,0,2023:21|2025:1
Rapsody,22,2019-05-16,2026-08-28,15,0,2019:2|2020:1|2026:19
Robyn,22,2010-08-05,2026-03-27,16,0,2010:2|2013:1|2015:1|2017:1|2019:2|2022:2|2025:4|2026:9
Sean Kingston,22,2007-11-03,2013-09-23,8,0,2007:2|2008:3|2009:6|2010:7|2011:1|2012:2|2013:1
System of a Down,22,2008-08-13,2026-04-06,10,0,2008:2|2011:5|2012:4|2022:1|2024:2|2025:7|2026:1
"Tandem, Mac Tyer, Mac Kregor",22,2025-09-22,2025-09-25,16,0,2025:22
The Jackson 5,22,2007-09-21,2025-10-03,13,0,2007:3|2009:10|2010:3|2012:1|2015:1|2022:2|2024:1|2025:1
The Mamas & the Papas,22,2006-03-18,2015-12-03,8,0,2006:3|2007:2|2008:2|2009:1|2010:4|2012:7|2013:2|2015:1
The Tallest Man on Earth,22,2012-05-04,2026-07-24,14,0,2012:3|2013:3|2014:6|2015:2|2017:1|2019:2|2023:2|2026:3
Tinariwen,22,2008-12-29,2026-05-18,20,0,2008:2|2012:5|2013:2|2014:1|2025:1|2026:11
Vitaa,22,2025-11-03,2025-11-25,15,0,2025:22
Zuco 103,22,2006-02-27,2012-12-08,3,0,2006:7|2007:4|2008:3|2009:2|2010:4|2011:1|2012:1
ZZ Top,22,2006-11-16,2024-03-13,5,0,2006:3|2007:6|2008:1|2009:2|2010:7|2011:1|2013:1|2024:1
"""Weird Al"" Yankovic",21,2006-03-03,2021-10-15,15,0,2006:1|2007:2|2009:3|2010:4|2017:1|2021:10
Agents,21,2008-07-13,2010-11-22,15,0,2008:16|2009:3|2010:2
Amanda Bergman,21,2026-09-01,2026-09-02,19,0,2026:21
Andrew Bird,21,2011-06-05,2026-07-24,13,0,2011:3|2012:5|2013:1|2015:4|2019:2|2020:1|2021:1|2023:1|2026:3
Angel Olsen,21,2014-01-15,2026-08-14,15,0,2014:2|2018:1|2020:2|2021:3|2022:1|2023:2|2024:1|2025:6|2026:3
Angus & Julia Stone,21,2008-09-22,2021-10-31,7,0,2008:1|2009:1|2010:1|2011:1|2013:1|2014:3|2015:6|2017:1|2019:1|2020:2|2021:3
Band of Horses,21,2007-12-09,2024-08-09,9,0,2007:2|2010:2|2012:4|2013:3|2014:2|2015:4|2023:1|2024:3
Ben Harper,21,2012-05-10,2026-02-20,15,0,2012:11|2013:1|2015:4|2020:2|2023:2|2026:1
Burna Boy,21,2019-06-19,2025-07-23,21,0,2019:1|2021:13|2023:1|2024:5|2025:1
Cage the Elephant,21,2012-07-03,2025-06-09,15,0,2012:6|2013:1|2016:1|2017:4|2022:3|2024:1|2025:5
Caroline Polachek,21,2019-06-30,2025-02-04,11,0,2019:1|2021:2|2022:2|2023:13|2024:2|2025:1
East Winds Ensemble,21,2017-05-23,2023-04-07,18,0,2017:7|2023:14
Ebo Taylor,21,2013-04-07,2022-10-16,16,0,2013:17|2017:3|2022:1
Empress Of,21,2019-06-12,2026-08-28,18,0,2019:4|2021:12|2026:5
Foreigner,21,2007-07-26,2025-07-09,11,0,2007:1|2008:5|2009:6|2010:6|2013:1|2025:2
Gwen Stefani,21,2006-05-13,2023-08-27,9,0,2006:2|2007:3|2008:5|2010:2|2011:1|2012:2|2013:1|2020:2|2021:1|2022:1|2023:1
Lord Huron,21,2013-01-16,2025-10-31,13,0,2013:1|2015:4|2017:7|2019:2|2021:1|2022:1|2023:2|2025:3
Magnetic Man,21,2012-06-20,2012-10-24,7,0,2012:21
Passion Pit,21,2012-05-14,2024-08-09,9,0,2012:4|2013:8|2014:2|2017:3|2019:1|2020:1|2023:1|2024:1
Samae Koskinen,21,2013-04-29,2020-12-24,12,0,2013:20|2020:1
Sfven,21,2022-10-02,2023-11-06,10,0,2022:1|2023:20
Spirit,21,2007-07-15,2011-07-06,10,0,2007:7|2008:10|2010:3|2011:1
Sven Libaek,21,2006-03-31,2015-03-20,2,0,2006:3|2009:9|2010:4|2012:2|2013:1|2015:2
The All-American Rejects,21,2006-03-31,2017-07-19,7,0,2006:2|2009:1|2010:6|2011:3|2012:2|2013:6|2017:1
The Chemical Brothers,21,2007-02-13,2026-04-28,12,0,2007:2|2008:4|2009:5|2010:3|2011:1|2012:3|2014:1|2015:1|2026:1
The Clash,21,2006-04-01,2023-07-24,7,0,2006:6|2007:5|2008:3|2010:3|2013:3|2023:1
The Format,21,2012-05-14,2026-01-26,20,0,2012:2|2013:7|2022:1|2026:11
The Naked and Famous,21,2012-05-13,2024-06-02,5,0,2012:4|2013:11|2014:1|2015:1|2020:1|2023:2|2024:1
Tom Petty,21,2007-01-17,2026-06-05,13,0,2007:3|2009:2|2012:3|2013:4|2020:3|2023:1|2025:1|2026:4
Wojciech,21,2013-01-12,2013-01-12,11,0,2013:21
Absolem,20,2026-07-06,2026-07-07,18,0,2026:20
Alex Winston,20,2013-07-14,2026-08-21,10,0,2013:19|2026:1
Alok,20,2017-06-27,2026-08-28,6,0,2017:3|2023:3|2025:13|2026:1
Biig Piig,20,2020-11-02,2026-04-07,14,0,2020:3|2021:1|2025:15|2026:1
Blakroc,20,2010-08-05,2010-11-15,11,0,2010:20
Blondshell,20,2023-01-18,2025-11-21,15,0,2023:3|2025:17
Cat Power,20,2013-04-16,2026-07-16,9,0,2013:6|2014:1|2017:4|2020:1|2023:3|2026:5
Cristobal Tapia de Veer,20,2025-04-14,2025-07-28,20,0,2025:20
Demon Ritchie,20,2006-03-01,2012-12-08,2,0,2006:4|2007:2|2008:2|2009:4|2010:6|2012:2
Dijon,20,2021-01-01,2026-01-22,13,0,2021:2|2025:3|2026:15
Don Huonot,20,2006-03-03,2010-10-04,7,0,2006:9|2008:3|2009:6|2010:2
Gims,20,2025-02-14,2025-12-30,13,0,2025:20
Halsey,20,2015-09-09,2026-09-06,14,0,2015:1|2018:1|2020:6|2024:8|2026:4
Handsome Furs,20,2009-08-08,2009-08-08,15,0,2009:20
Joyce Jonathan,20,2025-11-13,2025-12-04,16,0,2025:20
Lola Young,20,2024-03-11,2026-04-08,9,0,2024:1|2025:15|2026:4
Los Amigos Invisibles,20,2010-08-05,2019-06-07,15,0,2010:15|2019:5
Maverick Sabre,20,2012-06-20,2022-06-12,8,0,2012:15|2015:1|2019:3|2022:1
Norah Jones,20,2010-11-28,2026-05-24,16,0,2010:3|2012:7|2013:1|2014:1|2017:2|2023:1|2024:1|2026:4
Os Mutantes,20,2010-09-01,2017-07-02,12,0,2010:12|2012:1|2017:7
Paleface,20,2006-03-03,2010-11-29,9,0,2006:7|2007:3|2008:4|2009:2|2010:4
Parov Stelar,20,2006-04-08,2013-08-26,7,0,2006:3|2007:3|2008:1|2009:3|2010:1|2012:4|2013:5
Passenger,20,2012-12-10,2025-01-17,12,0,2012:1|2013:3|2014:3|2015:3|2017:1|2020:3|2021:4|2025:2
Polyteknikkojen Kuoro,20,2021-12-24,2026-01-13,20,0,2021:19|2026:1
Ray LaMontagne,20,2012-05-10,2026-07-28,11,0,2012:9|2013:3|2014:2|2015:5|2026:1
Samia,20,2020-07-31,2025-11-26,8,0,2020:4|2021:4|2022:3|2023:4|2025:5
Satu Sopanen & Tuttiorkesteri,20,2020-11-07,2021-05-08,6,0,2020:11|2021:9
Sibelius,20,2013-08-27,2013-08-28,18,0,2013:20
Sonic Youth,20,2010-09-21,2026-07-15,16,0,2010:16|2015:1|2023:1|2025:1|2026:1
Sudan Archives,20,2019-05-13,2026-01-20,11,0,2019:1|2020:2|2022:3|2023:8|2025:5|2026:1
The Chainsmokers,20,2017-02-23,2024-07-06,11,0,2017:7|2022:4|2023:2|2024:7
The Crystal Method,20,2007-03-30,2025-10-27,11,0,2007:10|2008:2|2009:4|2010:3|2025:1
The Weather Station,20,2015-11-25,2025-07-25,16,0,2015:1|2020:1|2021:1|2025:17
Treble Charger,20,2006-12-13,2022-06-16,3,0,2006:1|2007:4|2008:6|2009:1|2010:5|2011:1|2012:1|2022:1
Vince Staples,20,2022-04-01,2026-06-22,17,0,2022:4|2024:3|2026:13
Wheatus,20,2006-02-28,2022-10-19,5,0,2006:6|2007:2|2008:4|2009:2|2010:3|2013:1|2017:1|2022:1
ZAYN,20,2017-12-02,2026-04-22,20,0,2017:1|2021:2|2023:1|2024:1|2026:15
3kStatic,19,2008-01-13,2010-03-23,12,0,2008:8|2009:9|2010:2
Adrianne Lenker,19,2020-08-12,2026-06-05,11,0,2020:3|2021:2|2023:5|2024:1|2025:7|2026:1
Bad Religion,19,2006-05-10,2010-04-12,4,0,2006:7|2007:5|2008:2|2009:4|2010:1
Barry Can't Swim,19,2026-03-10,2026-03-10,19,0,2026:19
Belle and Sebastian,19,2010-11-25,2024-01-16,7,0,2010:11|2021:2|2023:4|2024:2
Black Atlass,19,2020-04-06,2020-04-06,11,0,2020:19
Blood Orange,19,2013-01-16,2025-10-13,12,0,2013:2|2017:2|2019:9|2020:2|2022:1|2024:1|2025:2
Box Car Racer,19,2010-01-09,2025-09-20,4,0,2010:13|2011:3|2025:3
Charlotte Fever,19,2022-10-04,2025-07-24,13,0,2022:16|2024:2|2025:1
Christophe Beck,19,2015-11-30,2020-10-24,19,0,2015:1|2020:18
Clairo,19,2019-06-24,2025-07-26,12,0,2019:4|2023:2|2024:7|2025:6
Common,19,2007-11-04,2022-07-21,11,0,2007:1|2008:6|2009:7|2010:1|2019:1|2020:1|2022:2
Conan Gray,19,2021-01-30,2025-12-05,11,0,2021:1|2024:3|2025:15
Dean Martin,19,2006-06-30,2022-12-24,8,0,2006:1|2007:1|2008:2|2010:7|2012:3|2020:1|2021:1|2022:3
Dominic Fike,19,2019-09-02,2026-03-12,11,0,2019:1|2020:3|2022:1|2023:11|2024:2|2026:1
Don Henley,19,2009-03-05,2023-11-18,7,0,2009:4|2010:6|2012:2|2013:2|2015:1|2020:1|2023:3
Fila Brazillia,19,2017-05-09,2026-05-25,18,0,2017:15|2018:1|2026:3
Funk,19,2006-04-11,2010-04-12,8,0,2006:8|2007:4|2008:2|2009:4|2010:1
Genesis,19,2008-01-13,2013-03-07,12,0,2008:8|2009:6|2010:3|2011:1|2013:1
Grizzly Bear,19,2009-10-21,2026-07-16,11,0,2009:1|2012:1|2013:1|2014:1|2015:1|2017:9|2019:4|2026:1
Harry Styles,19,2020-03-04,2026-03-27,10,0,2020:3|2021:1|2022:4|2023:4|2024:4|2025:1|2026:2
Hilary Duff,19,2009-01-07,2026-02-27,17,0,2009:1|2011:1|2015:1|2022:1|2025:4|2026:11
Hird,19,2006-04-08,2013-11-17,2,0,2006:2|2007:4|2008:2|2009:3|2010:5|2011:1|2012:1|2013:1
Jay-Z and Linkin Park,19,2006-03-24,2013-10-02,6,0,2006:3|2007:1|2008:5|2009:5|2010:4|2013:1
Kurt Vile,19,2014-01-16,2026-07-28,10,0,2014:1|2017:3|2019:6|2020:1|2022:4|2023:2|2024:1|2026:1
Maribou State,19,2015-09-22,2026-08-24,18,0,2015:1|2019:5|2026:13
Matt Costa,19,2012-05-10,2014-10-09,18,1,2012:5|2014:14
Mdou Moctar,19,2022-07-21,2026-02-06,13,0,2022:4|2023:1|2024:1|2025:5|2026:8
Michael Tilson Thomas,19,2026-05-08,2026-05-08,17,0,2026:19
Molly Tuttle,19,2020-12-30,2026-09-05,19,0,2020:1|2026:18
Mustafa,19,2023-11-16,2025-08-18,10,0,2023:2|2024:16|2025:1
Neal Hefti & his Orchestra and Chorus,19,2021-05-12,2022-02-24,1,0,2021:18|2022:1
"Nick Cave, Warren Ellis",19,2026-01-07,2026-01-07,19,0,2026:19
Original Broadway Cast of Hamilton,19,2019-06-08,2025-01-19,9,0,2019:2|2020:1|2021:10|2022:4|2023:1|2025:1
Pet Shop Boys,19,2007-01-23,2015-08-17,5,0,2007:10|2009:1|2010:4|2011:3|2015:1
Post Malone,19,2018-01-04,2026-08-07,13,0,2018:1|2020:3|2022:3|2023:4|2024:5|2025:1|2026:2
Ryan Adams,19,2007-09-30,2017-10-24,7,0,2007:1|2008:1|2009:2|2012:2|2014:3|2015:8|2017:2
Sakari Oramo,19,2011-06-10,2012-06-29,15,0,2011:18|2012:1
Sam Hunt,19,2014-05-27,2021-07-25,17,0,2014:3|2015:1|2020:14|2021:1
Satyajit Ray,19,2008-02-22,2010-10-15,5,0,2008:12|2009:1|2010:6
Sharp Pins,19,2026-01-30,2026-03-03,14,0,2026:19
Stig,19,2012-05-12,2021-05-21,12,0,2012:16|2020:2|2021:1
Tantric,19,2006-09-17,2025-10-27,5,0,2006:1|2007:2|2008:2|2009:4|2010:4|2025:6
Tanya Donelly,19,2026-04-17,2026-04-20,6,0,2026:19
Tennis,19,2012-05-31,2026-06-08,12,0,2012:6|2013:3|2014:1|2015:1|2020:2|2025:1|2026:5
The Cast of Cheers,19,2015-11-13,2015-11-13,16,0,2015:19
The Honeydrips,19,2012-07-01,2012-10-24,10,0,2012:19
Trinity FM,19,2006-04-08,2019-05-17,2,0,2006:3|2007:12|2010:1|2012:2|2019:1
U.S. Girls,19,2013-06-04,2025-08-12,16,0,2013:2|2021:12|2025:5
Abbey Lincoln,18,2017-02-21,2017-07-22,9,0,2017:18
Alice Russell,18,2013-11-23,2013-11-23,17,0,2013:18
Benson Boone,18,2024-02-16,2025-11-30,10,0,2024:3|2025:15
Bing Crosby,18,2007-12-23,2022-12-24,5,0,2007:6|2008:3|2009:1|2010:3|2012:2|2022:3
Buena Vista Social Club,18,2012-07-05,2015-08-27,18,0,2012:17|2015:1
Camila Cabello,18,2020-02-28,2026-02-14,12,0,2020:9|2022:2|2024:5|2025:1|2026:1
Cold War Kids,18,2007-10-27,2024-01-31,7,0,2007:2|2008:2|2012:4|2013:3|2015:1|2017:1|2019:2|2020:1|2024:2
Courtney Barnett,18,2014-01-13,2026-07-16,18,0,2014:1|2015:1|2016:1|2017:1|2022:1|2023:1|2024:1|2026:11
Curtisy,18,2026-07-06,2026-07-07,9,0,2026:18
Darkside,18,2014-07-26,2025-12-12,12,0,2014:1|2019:1|2022:3|2023:10|2025:3
Disclosure,18,2013-08-09,2026-08-28,13,0,2013:7|2014:2|2015:2|2019:2|2023:3|2026:2
Efterklang,18,2010-09-21,2010-10-12,10,0,2010:18
Empire of the Sun,18,2012-07-20,2023-11-07,3,0,2012:2|2013:3|2020:1|2021:2|2022:2|2023:8
Eva,18,2025-02-19,2026-08-03,15,0,2025:2|2026:16
Filter,18,2008-10-24,2026-04-06,9,0,2008:1|2009:4|2010:1|2011:8|2025:3|2026:1
Flight Facilities,18,2012-05-27,2015-12-08,9,0,2012:16|2013:1|2015:1
Galactic,18,2008-11-13,2009-12-08,10,0,2008:15|2009:3
Gareth Coker,18,2018-01-05,2018-01-05,18,0,2018:18
Japanese Breakfast,18,2021-04-17,2026-03-23,10,0,2021:1|2022:6|2026:11
Jon Hopkins,18,2013-03-04,2026-08-24,14,0,2013:10|2014:1|2015:1|2017:1|2019:3|2024:1|2026:1
L'Impératrice,18,2019-08-27,2026-09-02,9,0,2019:2|2020:1|2022:4|2024:4|2025:3|2026:4
Lucinda Williams,18,2007-10-27,2026-06-05,15,0,2007:1|2010:1|2026:16
Lukas Graham,18,2020-03-20,2022-09-20,14,0,2020:3|2021:1|2022:14
Maria Mena,18,2012-05-27,2015-05-26,13,0,2012:6|2013:10|2014:1|2015:1
Matisyahu featuring Nameless,18,2010-07-25,2012-07-09,1,0,2010:17|2012:1
Meghan Trainor,18,2014-11-04,2024-08-03,11,0,2014:1|2015:7|2020:2|2022:4|2024:4
Mushroom Lounge,18,2012-09-17,2012-09-18,18,0,2012:18
Neljä Ruusua,18,2006-04-01,2010-11-22,4,0,2006:6|2007:4|2008:2|2009:5|2010:1
NRBQ,18,2026-02-11,2026-02-11,18,0,2026:18
Paavo Berglund/Bournemouth Symphony Orchestra,18,2011-06-09,2012-05-25,7,0,2011:17|2012:1
"RAYE, The Heritage Orchestra",18,2024-07-17,2024-07-18,14,0,2024:18
Royel Otis,18,2022-03-26,2026-05-29,9,0,2022:1|2023:4|2024:10|2025:2|2026:1
Snow Patrol,18,2010-06-03,2025-08-18,8,0,2010:1|2012:2|2013:3|2023:2|2024:3|2025:7
Soulstice,18,2006-04-08,2013-11-19,3,0,2006:4|2008:1|2009:2|2010:3|2012:6|2013:2
T.I.,18,2009-04-11,2020-02-18,9,0,2009:13|2012:1|2013:2|2014:1|2020:1
Thee Marloes,18,2026-05-25,2026-06-05,14,0,2026:18
Tiga,18,2012-05-31,2026-04-20,9,0,2012:14|2026:4
Yellowman,18,2007-12-23,2010-11-21,10,0,2007:1|2008:13|2009:2|2010:2
Yussef Kamaal,18,2017-04-10,2017-10-27,10,0,2017:18
Yölintu,18,2008-10-19,2020-12-24,13,0,2008:8|2009:2|2010:5|2011:2|2020:1
A$AP Mob,17,2023-08-20,2023-08-21,16,0,2023:17
Alewya,17,2026-07-08,2026-09-02,15,0,2026:17
Black Star,17,2007-09-15,2017-09-26,11,0,2007:10|2009:4|2010:2|2017:1
Bloc Party,17,2009-08-12,2026-07-15,10,0,2009:4|2010:6|2013:2|2023:4|2026:1
Blondie,17,2006-03-13,2025-07-28,9,0,2006:3|2007:6|2008:1|2011:1|2013:2|2015:1|2017:1|2024:1|2025:1
Brittany Howard,17,2019-06-30,2026-04-07,9,0,2019:2|2020:5|2024:4|2025:5|2026:1
"Crosby, Stills & Nash",17,2007-08-15,2023-12-06,10,0,2007:3|2008:1|2009:9|2010:2|2023:2
Disturbed,17,2007-04-23,2025-03-07,14,0,2007:1|2008:1|2009:3|2010:1|2011:1|2022:1|2025:9
Don Edwards,17,2006-02-28,2010-07-25,1,0,2006:5|2007:8|2009:3|2010:1
FLO,17,2025-12-12,2026-08-12,16,0,2025:16|2026:1
Gal Costa,17,2014-06-11,2020-09-08,13,0,2014:1|2015:4|2017:11|2020:1
"Helsinki University Chorus (YL) (YL) (YL) (YL) (YL) (YL) (YL) (YL) (YL) (YL) (YL) (YL) (YL) (YL) (YL) (YL), The and Matti Hökki (conductor)",17,2009-12-24,2009-12-24,15,0,2009:17
John Coltrane Quartet,17,2007-08-03,2011-09-09,5,0,2007:6|2008:7|2009:2|2010:1|2011:1
Laura Marling,17,2015-03-23,2026-07-24,10,0,2015:4|2017:1|2020:1|2021:2|2022:1|2025:5|2026:3
Led Zeppelin,17,2006-12-12,2026-02-20,14,0,2006:1|2008:1|2009:4|2011:6|2017:1|2025:1|2026:3
Lovejoy,17,2021-10-23,2023-06-12,5,0,2021:2|2022:14|2023:1
M.I.A.,17,2009-07-14,2024-08-09,4,0,2009:4|2010:1|2012:3|2013:2|2015:1|2017:3|2022:1|2023:1|2024:1
Maksim,17,2013-12-06,2018-01-02,12,0,2013:2|2017:13|2018:2
"Mandy, Indiana",17,2023-01-27,2026-03-13,11,0,2023:3|2026:14
Margaret Glaspy,17,2020-10-13,2026-08-14,12,0,2020:2|2026:15
"Mark Pritchard, Thom Yorke",17,2024-11-21,2025-05-14,13,0,2024:1|2025:16
Mentissa,17,2025-10-23,2025-11-25,11,0,2025:17
Miles Davis,17,2009-05-27,2019-08-08,15,0,2009:2|2013:1|2017:13|2019:1
Perrie,17,2024-04-19,2025-10-09,16,0,2024:1|2025:16
PJ Harvey,17,2013-02-14,2026-07-15,10,0,2013:1|2021:1|2023:5|2024:6|2025:1|2026:3
R. Kelly featuring Soweto Spiritual Singers,17,2010-07-25,2012-07-09,2,0,2010:16|2012:1
Salt-N-Pepa,17,2006-06-25,2026-02-20,4,0,2006:4|2007:3|2008:4|2009:4|2010:1|2026:1
Soccer Mommy,17,2019-09-09,2026-03-23,12,0,2019:2|2020:5|2021:1|2022:4|2023:1|2025:2|2026:2
Sorriso Maroto,17,2013-11-26,2018-01-07,15,0,2013:1|2018:16
SR-71,17,2007-11-16,2022-12-23,4,0,2007:1|2008:1|2009:2|2010:4|2011:4|2021:4|2022:1
Stephan Eicher,17,2026-02-04,2026-02-05,12,0,2026:17
Stevie Nicks,17,2009-04-15,2026-07-05,12,0,2009:3|2010:7|2013:2|2015:1|2023:2|2026:2
The Staves,17,2015-03-20,2024-04-28,11,0,2015:4|2017:3|2019:1|2020:1|2021:3|2022:3|2023:1|2024:1
The Whitest Boy Alive,17,2012-05-05,2024-06-02,3,0,2012:6|2013:4|2015:2|2020:1|2023:3|2024:1
The Wombats,17,2013-03-23,2026-04-18,6,0,2013:6|2014:2|2015:1|2017:1|2019:1|2020:2|2022:1|2025:1|2026:2
Tristeza,17,2009-12-24,2010-04-30,12,0,2009:1|2010:16
Addis Black Widow,16,2006-09-23,2011-02-08,3,0,2006:1|2007:4|2008:5|2009:2|2010:3|2011:1
Alex G,16,2024-11-11,2026-05-31,12,0,2024:2|2025:10|2026:4
alt-J,16,2013-02-14,2026-07-28,8,0,2013:3|2014:2|2015:3|2017:4|2020:1|2024:2|2026:1
Anne-Sophie Mutter,16,2026-03-30,2026-03-30,16,0,2026:16
Ava Max,16,2020-03-03,2026-08-21,13,0,2020:5|2021:3|2022:1|2023:3|2025:2|2026:2
Bec Laughton,16,2011-05-26,2012-07-02,6,0,2011:15|2012:1
Benjamin Francis Leftwich,16,2013-04-25,2023-04-07,4,0,2013:1|2014:4|2015:8|2019:1|2021:1|2023:1
Cities Aviv,16,2026-03-13,2026-03-13,15,0,2026:16
Culture Club,16,2007-08-08,2022-12-23,6,0,2007:4|2008:1|2009:5|2010:5|2022:1
Djako,16,2006-04-08,2012-12-08,3,0,2006:2|2007:5|2008:3|2009:1|2010:1|2012:4
Dr. Bombay,16,2006-03-01,2025-03-14,13,0,2006:2|2009:2|2012:10|2025:2
Eloïz,16,2025-10-23,2025-11-24,11,0,2025:16
Fenix TX,16,2007-08-09,2011-07-20,2,0,2007:2|2010:12|2011:2
Frost Children,16,2023-01-27,2026-01-27,10,0,2023:1|2024:4|2026:11
Gena,16,2026-03-06,2026-03-06,16,0,2026:16
George Ezra,16,2014-01-12,2023-07-19,9,0,2014:3|2015:4|2017:3|2019:2|2022:3|2023:1
Glen Hansard,16,2014-09-26,2023-07-24,13,0,2014:10|2015:5|2023:1
inst,16,2024-02-24,2024-03-02,7,0,2024:16
Jesca Hoop,16,2015-03-30,2026-05-25,12,0,2015:2|2017:1|2026:13
Juanes,16,2006-09-14,2022-12-23,11,0,2006:1|2007:1|2008:1|2010:1|2017:11|2022:1
Julia Jacklin,16,2020-08-12,2025-01-30,13,0,2020:3|2021:1|2025:12
Jungle,16,2014-07-27,2025-05-28,11,0,2014:2|2015:1|2019:4|2021:2|2022:1|2023:3|2024:2|2025:1
Justice,16,2012-05-05,2026-09-02,7,0,2012:5|2013:2|2018:1|2020:2|2023:2|2024:1|2025:2|2026:1
KUUMAA,16,2024-02-16,2025-02-15,3,0,2024:15|2025:1
Loïc Nottet,16,2025-03-11,2025-10-20,13,0,2025:16
Marcelinho da Lua,16,2009-01-16,2023-12-15,12,0,2009:15|2023:1
Metric,16,2012-08-04,2023-05-01,9,0,2012:5|2013:2|2014:1|2015:5|2020:1|2022:1|2023:1
nezsa,16,2022-03-26,2023-02-02,9,0,2022:1|2023:15
Novos Baianos,16,2006-04-11,2017-07-02,9,0,2006:4|2009:1|2010:1|2014:1|2017:9
One Direction,16,2012-04-29,2025-01-17,10,0,2012:2|2013:3|2014:1|2015:3|2020:2|2022:4|2025:1
Paul Oakenfold,16,2007-04-01,2023-06-20,10,0,2007:5|2008:1|2009:6|2010:3|2023:1
Pink,16,2007-09-12,2013-06-06,9,0,2007:5|2008:1|2010:2|2011:1|2013:7
Pink Martini,16,2006-04-08,2021-11-20,3,0,2006:2|2007:2|2008:1|2009:2|2010:4|2012:3|2021:2
Poju,16,2011-06-12,2026-04-02,3,0,2011:3|2012:4|2022:2|2023:1|2024:2|2026:4
Quincy Jones,16,2007-11-06,2010-11-23,7,0,2007:2|2008:4|2009:6|2010:4
Remi Wolf,16,2020-10-03,2025-07-26,12,0,2020:3|2021:3|2022:3|2025:7
Riddim Riders,16,2006-04-11,2009-12-06,4,0,2006:4|2007:2|2008:7|2009:3
Roxy Music,16,2006-05-19,2025-07-28,4,0,2006:2|2007:1|2008:5|2009:1|2010:1|2023:4|2025:2
Rusted Root,16,2006-03-18,2019-06-06,4,0,2006:5|2008:3|2009:2|2010:2|2012:1|2013:2|2019:1
Saint Etienne,16,2012-07-14,2026-01-05,13,0,2012:8|2015:1|2026:7
Santa,16,2025-03-16,2026-07-10,11,0,2025:14|2026:2
Santigold,16,2012-05-05,2026-08-21,4,0,2012:3|2013:2|2014:1|2015:2|2016:1|2017:2|2018:1|2023:2|2025:1|2026:1
Sault,16,2019-05-13,2026-01-12,15,0,2019:1|2020:2|2023:2|2025:10|2026:1
Scorpions,16,2006-06-29,2025-01-02,3,0,2006:2|2007:1|2008:4|2009:3|2010:3|2013:1|2023:1|2025:1
Shirley Bassey,16,2006-04-08,2012-12-08,2,0,2006:3|2007:1|2008:1|2009:1|2010:7|2012:3
St. Lucia,16,2013-04-08,2022-05-04,4,0,2013:2|2014:4|2015:2|2016:1|2017:4|2020:1|2022:2
Starfucker,16,2012-05-05,2024-06-02,6,0,2012:5|2013:4|2014:1|2017:3|2020:1|2024:2
Suomi Rock,16,2011-01-02,2011-01-02,16,0,2011:16
The 1975,16,2014-06-03,2024-01-16,10,0,2014:1|2015:1|2019:1|2020:1|2022:1|2023:9|2024:2
The Fray,16,2010-08-18,2025-10-31,8,0,2010:1|2012:1|2013:3|2015:1|2017:5|2020:2|2025:3
The Temper Trap,16,2009-10-30,2026-07-07,6,0,2009:2|2010:2|2012:2|2013:4|2014:2|2017:2|2022:1|2026:1
Them Crooked Vultures,16,2010-09-09,2011-04-02,11,0,2010:7|2011:9
Tove Lo,16,2015-05-27,2023-04-10,8,0,2015:4|2017:1|2021:1|2023:10
Trio Mocotó,16,2006-02-27,2010-09-21,3,0,2006:4|2007:4|2008:3|2010:5
Troye Sivan,16,2015-09-09,2026-08-21,9,0,2015:1|2020:1|2021:2|2023:11|2026:1
Variety Lab,16,2009-08-11,2021-12-11,3,0,2009:1|2010:2|2012:6|2013:5|2021:2
Wham!,16,2007-12-23,2022-12-24,4,0,2007:2|2008:1|2010:1|2012:7|2013:2|2020:1|2021:1|2022:1
"yaya, Laurent Buratti",16,2025-11-18,2025-11-18,16,0,2025:16
2Pac,15,2006-11-02,2026-07-20,9,0,2006:2|2007:4|2008:2|2009:2|2010:1|2012:1|2024:2|2026:1
Absolutely,15,2026-07-06,2026-07-06,13,0,2026:15
Alan Menken,15,2006-04-22,2011-02-08,5,0,2006:6|2008:3|2009:5|2011:1
Armin van Buuren,15,2012-11-28,2023-12-02,12,0,2012:1|2013:7|2015:1|2016:2|2021:1|2023:3
Ashanti,15,2006-03-02,2011-07-20,3,0,2006:7|2007:2|2008:2|2009:2|2010:1|2011:1
Avromi Basch,15,2024-02-24,2024-03-01,7,0,2024:15
Bat for Lashes,15,2012-10-01,2026-08-03,10,0,2012:1|2013:7|2017:3|2021:1|2024:1|2025:1|2026:1
"Beck, Bogert & Appice",15,2007-09-30,2012-04-26,7,0,2007:1|2008:2|2009:11|2012:1
Blue Communications,15,2026-07-06,2026-07-07,8,0,2026:15
Blues Traveler,15,2009-06-14,2020-10-24,7,0,2009:7|2012:2|2013:3|2017:2|2020:1
Bobby G,15,2024-02-24,2024-03-01,8,0,2024:15
Bootleg Rascal,15,2023-06-08,2023-11-22,11,0,2023:15
Burl Ives,15,2007-12-23,2026-07-22,3,0,2007:2|2008:2|2010:8|2022:2|2026:1
College,15,2011-11-30,2023-06-12,8,0,2011:2|2012:12|2023:1
David Shire,15,2008-08-07,2010-11-21,3,0,2008:4|2009:4|2010:7
deary,15,2026-04-06,2026-04-23,11,0,2026:15
Dennis Brown,15,2008-06-08,2022-11-04,6,0,2008:1|2021:3|2022:11
Dry Cleaning,15,2026-01-12,2026-03-25,11,0,2026:15
Duran Duran,15,2006-12-14,2020-03-19,7,0,2006:1|2007:1|2008:3|2009:4|2010:2|2011:1|2012:1|2013:1|2020:1
Emancipator,15,2013-03-04,2026-07-23,11,0,2013:5|2014:1|2017:6|2024:1|2026:2
English Teacher,15,2025-01-27,2026-02-14,11,0,2025:2|2026:13
Everything But the Girl,15,2015-04-08,2023-11-30,14,0,2015:12|2023:3
Fabolous,15,2006-09-23,2010-11-15,6,0,2006:3|2007:2|2008:7|2009:1|2010:2
foggieraw,15,2026-03-02,2026-03-03,15,0,2026:15
Germaine Franco,15,2022-04-20,2022-04-23,11,0,2022:15
Health & Fitness Lounge Specialists,15,2012-10-20,2012-10-20,12,0,2012:15
Hoshi,15,2025-10-23,2025-11-26,9,0,2025:15
Iron Maiden,15,2011-12-22,2026-05-10,13,0,2011:6|2021:1|2023:7|2026:1
James Horner,15,2006-04-24,2017-11-28,10,0,2006:1|2007:2|2009:1|2016:4|2017:7
Jonas Brothers,15,2020-03-04,2025-09-19,10,0,2020:5|2021:2|2022:4|2024:1|2025:3
Jordan Rakei,15,2017-09-01,2026-06-05,15,0,2017:1|2020:12|2024:1|2026:1
Justin Timberlake,15,2007-10-13,2022-10-20,10,0,2007:2|2013:7|2014:3|2015:1|2022:2
Kacey Musgraves,15,2014-12-07,2026-03-26,11,0,2014:1|2015:3|2019:1|2020:7|2024:2|2026:1
Kendji Girac,15,2025-02-13,2025-12-04,5,0,2025:15
Kneecap,15,2026-02-03,2026-05-01,15,0,2026:15
Mac DeMarco,15,2017-10-24,2026-05-26,9,0,2017:1|2018:3|2019:8|2023:2|2026:1
Macklemore & Ryan Lewis,15,2013-03-24,2026-02-03,5,0,2013:9|2014:1|2015:3|2025:1|2026:1
Madison Beer,15,2023-10-19,2026-01-25,13,0,2023:1|2024:1|2026:13
Maggie Rogers,15,2017-07-06,2026-07-14,11,0,2017:1|2019:5|2020:1|2021:2|2023:1|2025:2|2026:3
Maija Vilkkumaa,15,2006-04-02,2020-11-18,6,0,2006:6|2007:1|2008:1|2010:4|2011:1|2012:1|2020:1
Mat Kearney,15,2007-08-03,2026-03-12,9,0,2007:1|2008:2|2009:1|2012:8|2022:2|2026:1
Max Sedgley,15,2012-10-24,2013-05-13,11,0,2012:13|2013:2
Nas,15,2006-11-29,2026-01-30,8,0,2006:1|2007:3|2008:1|2010:4|2011:1|2020:1|2025:2|2026:2
Nat King Cole,15,2007-12-23,2022-12-24,9,0,2007:1|2008:7|2010:4|2022:3
Nick Mulvey,15,2014-11-04,2026-07-24,5,0,2014:2|2015:7|2017:1|2019:1|2024:1|2026:3
Petri Nygård,15,2011-03-17,2023-06-03,11,0,2011:10|2012:1|2022:2|2023:2
Richie Cunning,15,2011-05-27,2011-05-28,12,0,2011:15
Roy Ayers,15,2013-02-16,2015-08-18,15,0,2013:14|2015:1
Sea Wolf,15,2007-11-03,2018-01-05,7,0,2007:1|2008:1|2009:3|2010:4|2015:3|2017:1|2018:2
Smooth Jazz Music Collective,15,2012-09-17,2012-09-18,15,0,2012:15
Spoon,15,2010-11-25,2025-11-10,9,0,2010:5|2012:2|2013:2|2015:1|2019:1|2024:1|2025:3
Steel Train,15,2013-01-18,2025-09-09,14,0,2013:1|2025:14
Sugarland,15,2008-08-05,2012-05-24,8,0,2008:6|2009:5|2010:2|2012:2
Surfer Blood,15,2010-09-09,2010-12-13,10,0,2010:15
The Avalanches,15,2012-10-28,2026-05-25,10,0,2012:1|2013:5|2014:1|2015:1|2020:2|2021:4|2026:1
The Mountain Goats,15,2012-10-01,2026-08-10,14,0,2012:4|2013:1|2026:10
Theme Songs,15,2006-03-01,2010-08-14,2,0,2006:3|2007:1|2008:4|2009:4|2010:3
They Might Be Giants,15,2007-03-24,2026-04-20,13,0,2007:1|2009:1|2010:1|2012:1|2017:1|2026:10
Tori Amos,15,2007-03-31,2026-05-24,7,0,2007:1|2008:1|2009:1|2010:2|2011:1|2015:1|2017:1|2022:1|2023:4|2026:2
Télépopmusik,15,2009-04-10,2026-09-04,5,0,2009:4|2010:4|2013:2|2015:1|2017:3|2026:1
Wallows,15,2020-03-23,2026-03-23,8,0,2020:2|2022:8|2023:3|2024:1|2026:1
William Fitzsimmons,15,2014-06-03,2021-05-25,5,0,2014:3|2015:10|2017:1|2021:1
Любэ,15,2013-03-26,2013-03-26,12,0,2013:15
50 Cent,14,2006-12-08,2026-03-03,6,0,2006:1|2007:6|2008:3|2010:2|2013:1|2026:1
Alex Siegel,14,2019-06-30,2024-07-06,13,0,2019:3|2024:11
Alif Tree,14,2007-10-20,2012-06-29,2,0,2007:1|2008:3|2009:2|2010:4|2012:4
Anna Puu,14,2009-08-02,2020-11-18,9,0,2009:7|2010:5|2015:1|2020:1
Artemas,14,2021-02-05,2025-05-21,6,0,2021:1|2022:1|2023:2|2024:4|2025:6
Avain,14,2006-03-01,2008-12-16,6,0,2006:7|2007:4|2008:3
Bahamas,14,2014-11-30,2020-12-30,7,0,2014:1|2015:6|2017:1|2019:1|2020:5
Bear's Den,14,2014-12-07,2024-09-30,6,0,2014:1|2015:7|2017:2|2023:2|2024:2
Birdy,14,2013-05-24,2025-09-15,8,0,2013:2|2014:1|2015:4|2017:1|2023:3|2025:3
Blank & Jones,14,2021-02-21,2026-09-02,3,0,2021:13|2026:1
Brian Ennals,14,2026-07-19,2026-07-21,13,0,2026:14
Bruce Springsteen & The E Street Band,14,2008-12-30,2013-05-05,12,0,2008:1|2009:7|2011:1|2012:3|2013:2
Club Des Belugas,14,2006-04-08,2021-12-11,3,0,2006:1|2007:2|2008:1|2009:2|2010:2|2012:2|2013:2|2021:2
Deafheaven,14,2026-01-22,2026-03-20,10,0,2026:14
Devo,14,2007-08-14,2023-04-10,2,0,2007:1|2008:1|2009:6|2010:1|2012:1|2013:2|2015:1|2023:1
Evanescence,14,2006-03-03,2025-03-01,6,0,2006:4|2007:3|2008:2|2010:3|2011:1|2025:1
Everlast,14,2006-10-18,2025-12-09,1,0,2006:1|2007:2|2008:1|2009:1|2010:7|2012:1|2025:1
Fiona Apple,14,2017-01-18,2026-07-15,9,0,2017:1|2021:3|2022:1|2023:1|2025:1|2026:7
Floating Points,14,2011-06-12,2026-06-03,8,0,2011:3|2014:2|2017:1|2020:1|2022:2|2025:4|2026:1
Françoise Hardy,14,2025-12-13,2026-06-01,13,0,2025:1|2026:13
Galantis,14,2015-05-27,2025-05-23,8,0,2015:3|2017:3|2019:2|2021:1|2024:3|2025:2
girl in red,14,2019-07-24,2026-03-12,7,0,2019:1|2020:2|2023:5|2024:4|2025:1|2026:1
Girl Scout,14,2023-09-28,2026-03-23,14,0,2023:1|2026:13
Gogol Bordello,14,2006-07-10,2010-11-21,8,0,2006:5|2007:5|2009:2|2010:2
Grace Jones,14,2009-07-27,2021-04-11,7,0,2009:6|2012:7|2021:1
Griff,14,2021-04-28,2025-07-26,9,0,2021:1|2024:3|2025:10
Honey Dijon,14,2026-04-17,2026-04-17,12,0,2026:14
Intrinsic Flow,14,2023-09-05,2023-12-15,11,0,2023:14
J Dilla,14,2008-01-13,2019-09-18,9,0,2008:2|2015:6|2017:4|2019:2
Jazmine Sullivan,14,2022-04-19,2022-04-19,14,0,2022:14
Jehro,14,2007-07-30,2012-07-02,1,0,2007:2|2008:1|2009:3|2010:4|2012:4
Jethro Tull,14,2007-08-06,2026-02-14,13,0,2007:2|2026:12
Joe Ananda,14,2023-09-06,2023-09-11,9,0,2023:14
Jones Meadow,14,2021-02-21,2023-06-20,3,0,2021:13|2023:1
Jordana,14,2020-11-02,2025-10-13,7,0,2020:3|2022:7|2023:1|2025:3
Jukka Poika,14,2012-04-17,2015-11-20,10,0,2012:3|2013:9|2015:2
Kikattava Kakkiainen,14,2020-11-11,2021-05-21,4,0,2020:5|2021:9
Kings of Convenience,14,2012-09-30,2017-09-11,7,0,2012:1|2013:1|2014:1|2015:10|2017:1
Lamb,14,2006-04-10,2015-08-20,7,0,2006:1|2007:1|2010:2|2012:3|2013:4|2015:3
London Elektricity,14,2012-06-20,2012-10-23,6,0,2012:14
Metronomy,14,2012-12-20,2024-04-30,10,0,2012:1|2013:4|2015:2|2017:3|2019:2|2022:1|2024:1
Mia,14,2009-05-17,2010-10-23,2,0,2009:4|2010:10
Michael Kiwanuka,14,2012-08-04,2025-04-28,9,0,2012:1|2013:1|2014:2|2015:1|2019:2|2022:1|2023:2|2024:1|2025:3
Miranda Lambert,14,2009-01-07,2024-09-18,9,0,2009:2|2013:1|2014:6|2015:1|2020:1|2022:2|2024:1
Mirella,14,2024-01-06,2024-02-24,2,0,2024:14
Miya Folick,14,2023-05-01,2026-03-01,8,0,2023:11|2024:2|2026:1
Mutaveijarit,14,2020-10-26,2024-03-14,14,0,2020:4|2021:9|2024:1
Nate Smith,14,2025-05-16,2025-05-16,14,0,2025:14
Nuyorican Soul,14,2014-12-02,2014-12-02,14,0,2014:14
Ollie Wride,14,2025-02-07,2025-02-11,11,0,2025:14
Phosphorescent,14,2014-01-15,2024-09-30,8,0,2014:6|2015:5|2017:1|2020:1|2024:1
Pépite,14,2022-08-07,2022-10-22,14,0,2022:14
Ray Charles,14,2008-08-09,2015-11-17,11,0,2008:12|2014:1|2015:1
Real Estate,14,2012-07-20,2026-03-12,10,0,2012:1|2014:1|2018:2|2019:3|2023:1|2024:3|2025:2|2026:1
Sarah Jarosz,14,2015-01-24,2023-04-07,5,0,2015:7|2017:1|2020:1|2021:4|2023:1
Scooter,14,2010-05-24,2013-08-29,13,0,2010:13|2013:1
Selena Gomez,14,2013-05-24,2026-01-30,9,0,2013:2|2015:4|2017:2|2020:3|2021:1|2023:1|2026:1
Shygirl,14,2022-10-03,2026-09-02,7,0,2022:1|2023:10|2026:3
Slimane,14,2024-05-12,2025-12-02,5,0,2024:2|2025:12
Starsailor,14,2007-03-20,2026-06-01,2,0,2007:1|2008:1|2010:6|2011:3|2012:1|2025:1|2026:1
Still Woozy,14,2019-08-19,2024-05-01,6,0,2019:2|2021:3|2022:3|2024:6
The Ballistic Brothers,14,2006-03-02,2021-04-11,3,0,2006:5|2007:3|2008:1|2009:1|2010:1|2012:1|2013:1|2021:1
The Calling,14,2007-08-15,2023-02-12,3,0,2007:1|2008:1|2009:1|2010:6|2011:1|2012:1|2017:2|2023:1
The Marías,14,2019-08-30,2025-07-26,11,0,2019:4|2020:3|2021:1|2025:6
The Neighbourhood,14,2014-11-30,2025-07-29,11,0,2014:2|2015:1|2017:1|2021:7|2022:1|2023:1|2025:1
The Verve Pipe,14,2009-10-09,2017-06-14,6,0,2009:3|2012:3|2013:6|2017:2
Tinie Tempah,14,2010-03-24,2021-12-01,7,0,2010:5|2013:1|2015:1|2017:6|2021:1
Tycho,14,2012-12-20,2017-12-07,11,0,2012:1|2013:4|2015:1|2016:1|2017:7
Vanessa da Mata,14,2010-04-29,2021-04-09,5,0,2010:5|2012:4|2013:2|2017:1|2021:2
Vesala,14,2020-11-11,2026-05-31,6,0,2020:3|2021:1|2023:9|2026:1
Yasiin Bey,14,2026-06-26,2026-06-30,13,0,2026:14
Anssi Kela,13,2006-04-02,2010-01-17,2,0,2006:6|2007:1|2008:1|2009:4|2010:1
Azymuth,13,2006-11-02,2022-09-26,6,0,2006:2|2007:1|2009:5|2010:1|2015:1|2017:2|2022:1
Bag Raiders,13,2013-05-27,2023-06-10,11,0,2013:11|2015:1|2023:1
beabadoobee,13,2019-11-24,2025-05-20,10,0,2019:1|2020:3|2022:2|2023:5|2024:1|2025:1
Beta Radio,13,2015-01-24,2021-08-22,7,0,2015:8|2017:1|2018:1|2020:2|2021:1
Beth Gibbons,13,2014-10-31,2025-02-04,12,0,2014:9|2024:1|2025:3
Billy Idol,13,2006-05-13,2026-02-20,3,0,2006:5|2007:3|2009:2|2010:2|2026:1
Blue October,13,2012-12-07,2026-04-30,10,0,2012:1|2013:9|2020:1|2023:1|2026:1
Briston Maroney,13,2021-10-23,2023-11-01,3,0,2021:2|2022:6|2023:5
Cat Stevens,13,2006-02-28,2026-07-21,8,0,2006:2|2009:1|2012:2|2013:2|2014:1|2015:2|2024:1|2026:2
Cheek,13,2010-10-16,2026-04-26,9,0,2010:1|2012:8|2015:1|2024:1|2025:1|2026:1
Chevelle,13,2006-11-19,2025-10-29,3,0,2006:1|2007:1|2008:3|2009:1|2010:1|2011:4|2025:2
Chicane,13,2012-05-27,2013-03-14,12,0,2012:12|2013:1
Chris Brown,13,2012-07-13,2022-11-16,8,0,2012:4|2013:3|2014:2|2015:1|2019:2|2022:1
Chuck Berry,13,2006-05-10,2022-12-24,4,0,2006:1|2007:1|2008:1|2009:1|2010:7|2012:1|2022:1
Daniela Andrade,13,2014-12-07,2021-08-06,4,0,2014:1|2015:8|2020:2|2021:2
David Gray,13,2009-08-10,2019-06-13,10,0,2009:5|2010:1|2012:3|2015:3|2019:1
Dingo,13,2006-06-30,2026-03-01,8,0,2006:1|2010:9|2025:2|2026:1
Doja Cat,13,2020-10-03,2026-08-21,9,0,2020:1|2021:1|2023:5|2024:3|2025:1|2026:2
Dr. Alban,13,2012-05-23,2012-10-26,13,0,2012:13
E L U C I D,13,2026-03-16,2026-03-16,12,0,2026:13
El Canto del Loco,13,2010-10-17,2021-05-23,10,0,2010:5|2011:1|2012:5|2013:1|2021:1
Fionn Regan,13,2013-03-07,2020-10-04,9,0,2013:4|2015:1|2017:3|2020:5
Fountains of Wayne,13,2007-11-02,2026-07-16,5,0,2007:2|2009:1|2011:1|2012:1|2013:1|2017:3|2020:1|2022:1|2024:1|2026:1
Franz Ferdinand,13,2008-12-30,2026-07-15,8,0,2008:1|2012:3|2013:1|2015:1|2022:1|2024:3|2025:1|2026:2
Freedom Dub,13,2007-11-03,2021-04-05,2,0,2007:1|2008:2|2009:3|2010:3|2012:2|2013:1|2021:1
Giants' Nest,13,2021-02-21,2021-06-22,3,0,2021:13
Gil Scott-Heron,13,2011-06-12,2015-09-28,12,0,2011:10|2012:1|2015:2
Gotan Project,13,2012-04-01,2017-05-08,6,0,2012:3|2013:4|2015:3|2017:3
Helsinki University Male Choir/Bournemouth Symphony Orchestra/Paavo Berglund,13,2011-06-09,2011-06-18,5,0,2011:13
Hospitality,13,2012-06-20,2015-01-24,7,0,2012:12|2015:1
I:Cube,13,2006-04-08,2019-06-14,2,0,2006:3|2007:1|2008:2|2009:1|2010:1|2012:3|2013:1|2019:1
Jasmine Thompson,13,2014-11-04,2026-09-06,9,0,2014:2|2015:5|2017:1|2021:1|2022:1|2025:2|2026:1
Jesse Markin,13,2019-07-21,2024-07-21,6,0,2019:1|2024:12
Jon Batiste,13,2019-08-30,2025-07-23,13,0,2019:1|2024:1|2025:11
Jon Bon Jovi,13,2006-04-26,2010-11-23,2,0,2006:1|2007:4|2008:2|2009:2|2010:4
Joni Mitchell,13,2010-04-08,2024-07-06,6,0,2010:2|2013:6|2015:2|2021:2|2024:1
Kate Bush,13,2012-11-10,2026-07-11,7,0,2012:1|2022:1|2023:3|2026:8
Kid Loco,13,2012-03-27,2026-06-03,6,0,2012:4|2013:1|2017:4|2024:1|2026:3
Kina Grannis,13,2014-11-04,2021-10-31,8,0,2014:3|2015:4|2017:1|2020:2|2021:3
Kool & the Gang,13,2006-04-24,2011-09-09,3,0,2006:2|2007:3|2008:2|2009:1|2010:4|2011:1
Koop,13,2013-03-04,2017-09-18,6,0,2013:3|2014:1|2015:3|2017:6
KPop Demon Hunters Cast,13,2026-01-30,2026-07-11,2,0,2026:13
Lapko,13,2008-09-18,2011-02-08,6,0,2008:2|2010:10|2011:1
Lena,13,2010-06-25,2022-12-24,5,0,2010:1|2013:11|2022:1
Lime Garden,13,2024-02-24,2026-04-23,12,0,2024:1|2026:12
London Grammar,13,2014-11-19,2026-07-16,10,0,2014:7|2017:1|2020:1|2024:1|2025:2|2026:1
Loren Allred,13,2020-03-04,2024-10-04,2,0,2020:4|2022:6|2023:2|2024:1
LÉON,13,2017-08-12,2024-03-11,7,0,2017:1|2019:3|2021:1|2022:1|2023:6|2024:1
Mabel,13,2024-08-12,2026-08-10,12,0,2024:1|2025:2|2026:10
Major Lazer,13,2012-07-29,2024-05-04,9,0,2012:2|2013:2|2015:4|2017:3|2021:1|2024:1
Mallrat,13,2019-08-19,2023-05-01,9,0,2019:8|2020:2|2022:2|2023:1
Mark Farina feat. Sean Hayes,13,2006-04-08,2012-12-08,1,0,2006:3|2007:1|2008:3|2009:2|2010:3|2012:1
Martina McBride,13,2007-12-23,2010-12-26,3,0,2007:2|2008:4|2009:3|2010:4
mary in the junkyard,13,2024-03-29,2026-07-03,13,0,2024:1|2025:1|2026:11
Miami Horror,13,2012-05-31,2013-05-27,10,0,2012:2|2013:11
Milky Chance,13,2014-08-18,2025-06-09,8,0,2014:1|2015:2|2017:4|2023:5|2025:1
Miso Extra,13,2022-12-30,2026-01-28,13,0,2022:1|2026:12
N.A.S.A.,13,2010-09-15,2011-01-15,11,0,2010:12|2011:1
Natiive,13,2021-02-15,2021-02-16,6,0,2021:13
Neave Trio,13,2024-07-07,2024-07-07,13,0,2024:13
Nickodemus,13,2006-04-08,2019-06-14,2,0,2006:4|2007:1|2008:1|2009:1|2010:4|2012:1|2019:1
Ninajirachi,13,2019-05-03,2026-01-16,11,0,2019:2|2026:11
Nitin Sawhney,13,2006-02-28,2021-04-11,5,0,2006:2|2007:2|2008:2|2009:1|2010:1|2012:2|2013:1|2015:1|2021:1
Otis Redding,13,2008-09-21,2022-12-24,7,0,2008:2|2010:4|2012:3|2015:1|2017:2|2022:1
Paco de Lucía,13,2006-06-11,2015-03-20,1,0,2006:1|2007:1|2008:2|2009:5|2010:2|2012:1|2015:1
Pete Rock,13,2006-03-14,2024-10-05,6,0,2006:1|2009:1|2010:2|2013:1|2015:3|2017:3|2024:2
Phonique,13,2010-09-10,2010-10-04,10,0,2010:13
Poté,13,2022-03-10,2022-08-21,6,0,2022:13
Renée Elise Goldsberry,13,2021-07-16,2022-05-18,2,0,2021:2|2022:11
Risto Räppääjä,13,2020-11-18,2022-04-23,2,0,2020:4|2021:8|2022:1
Robert Miles,13,2006-03-02,2010-11-22,2,0,2006:3|2007:5|2008:2|2010:3
Roger Shah,13,2012-05-27,2012-07-29,9,0,2012:13
Semisonic,13,2009-10-09,2025-12-09,5,0,2009:3|2012:1|2013:2|2017:1|2020:2|2022:1|2023:1|2025:2
Sexion d'Assaut,13,2012-04-28,2013-04-04,10,0,2012:12|2013:1
Simian Mobile Disco,13,2014-10-09,2014-10-09,9,0,2014:13
Sml,13,2026-01-26,2026-01-26,13,0,2026:13
Squeeze,13,2026-03-10,2026-03-10,13,0,2026:13
Stereo Action Unlimited,13,2006-04-08,2012-12-08,1,0,2006:3|2007:1|2008:1|2009:4|2010:2|2011:1|2012:1
Styleto,13,2025-11-03,2026-07-13,12,0,2025:2|2026:11
Taio Cruz,13,2010-06-01,2025-07-19,5,0,2010:7|2012:2|2013:2|2025:2
The Crash,13,2006-06-30,2011-07-20,3,0,2006:1|2007:3|2008:1|2009:4|2010:3|2011:1
The Lonely Island,13,2009-07-27,2012-05-05,12,0,2009:12|2012:1
The Notwist,13,2012-07-20,2026-03-13,12,0,2012:1|2026:12
The Wallflowers,13,2009-10-09,2026-07-22,6,0,2009:3|2012:1|2013:1|2017:2|2018:1|2020:2|2021:1|2023:1|2026:1
Tony Ann,13,2025-02-23,2025-02-23,12,0,2025:13
Tony Bennett,13,2006-03-02,2022-12-24,4,0,2006:2|2007:2|2008:2|2010:3|2014:3|2022:1
Toro y Moi,13,2013-03-13,2024-05-08,10,0,2013:3|2015:2|2019:3|2020:2|2022:1|2024:2
Trooper Salute,13,2026-07-08,2026-07-09,13,0,2026:13
Tyla,13,2023-10-08,2025-10-31,6,0,2023:3|2024:4|2025:6
Wednesday,13,2024-01-08,2026-06-05,7,0,2024:1|2025:7|2026:5
Yo La Tengo,13,2010-10-08,2026-07-16,9,0,2010:1|2014:3|2015:2|2019:1|2020:1|2024:1|2025:3|2026:1
070 Shake,12,2020-10-13,2023-09-27,6,0,2020:1|2023:11
3-11 Porter,12,2008-08-17,2013-05-05,3,0,2008:2|2009:1|2010:4|2012:4|2013:1
Ailbhe Reddy,12,2020-10-13,2026-02-03,12,0,2020:2|2023:1|2026:9
Alex Clare,12,2012-07-22,2026-03-12,6,0,2012:9|2013:2|2026:1
Amorphis,12,2011-06-12,2011-06-12,12,0,2011:12
Angels & Airwaves,12,2015-04-02,2026-05-29,11,0,2015:1|2026:11
Anna of the North,12,2019-09-25,2025-10-31,7,0,2019:6|2021:2|2022:1|2025:3
Another Level,12,2006-04-08,2012-12-08,1,0,2006:4|2007:1|2009:1|2010:4|2011:1|2012:1
Antoine Chambe,12,2022-10-04,2022-11-17,7,0,2022:12
Aphrodelics,12,2006-04-08,2021-04-11,2,0,2006:2|2007:2|2008:1|2009:1|2010:3|2012:1|2013:1|2021:1
ATB,12,2006-09-19,2021-01-30,5,0,2006:3|2007:4|2008:2|2009:1|2012:1|2021:1
Aventura,12,2006-09-14,2017-06-17,1,0,2006:2|2007:4|2008:1|2009:2|2010:1|2017:2
B.o.B,12,2010-08-05,2025-07-19,8,0,2010:6|2011:2|2013:1|2024:1|2025:2
Bakar,12,2019-08-28,2026-04-07,7,0,2019:1|2020:1|2021:1|2023:8|2026:1
Barry Biggs,12,2021-09-29,2022-10-21,2,0,2021:3|2022:9
Bent,12,2012-05-27,2019-06-14,9,0,2012:6|2013:4|2017:1|2019:1
Bess,12,2020-12-24,2024-11-30,3,0,2020:1|2021:1|2022:1|2023:1|2024:8
Blessid Union Of Souls,12,2012-12-07,2013-04-19,8,0,2012:1|2013:11
Bloodhound Gang,12,2006-11-18,2023-08-12,3,0,2006:1|2009:4|2010:2|2011:1|2013:1|2017:1|2023:2
City and Colour,12,2015-03-23,2024-11-11,6,0,2015:6|2017:1|2019:1|2023:2|2024:2
"Coco, Steel & Lovebomb",12,2006-04-08,2013-05-05,2,0,2006:5|2008:2|2009:1|2010:2|2012:1|2013:1
Declan McKenna,12,2017-02-24,2024-02-22,7,0,2017:4|2019:2|2023:4|2024:2
Dehd,12,2020-12-04,2025-03-13,5,0,2020:1|2021:1|2022:8|2024:1|2025:1
Digitalism,12,2017-05-16,2022-07-13,12,0,2017:11|2022:1
Dizzee Rascal,12,2009-10-31,2020-08-28,7,0,2009:1|2010:6|2011:2|2012:2|2020:1
DJ Premier,12,2015-12-02,2019-09-18,7,0,2015:5|2017:5|2019:2
DJ Shah,12,2012-05-27,2012-07-29,10,0,2012:12
Dolphin Boy,12,2006-03-02,2012-12-08,1,0,2006:3|2007:3|2008:1|2009:1|2010:3|2012:1
Donavon Frankenreiter,12,2012-05-10,2015-11-16,8,0,2012:8|2013:1|2014:1|2015:2
Elza Soares,12,2013-11-28,2021-05-25,12,0,2013:9|2017:2|2021:1
Empire Records,12,2006-06-30,2011-06-29,1,0,2006:1|2007:2|2009:1|2010:5|2011:3
Enrique Iglesias,12,2012-04-28,2017-09-20,8,0,2012:1|2013:5|2015:2|2017:4
Evan Christ,12,2012-09-09,2012-09-10,12,0,2012:12
Fishbone,12,2006-09-17,2010-09-12,7,0,2006:1|2007:2|2008:1|2009:4|2010:4
Foals,12,2012-10-01,2026-03-12,8,0,2012:1|2013:2|2014:3|2015:1|2016:1|2017:2|2022:1|2026:1
Gardiner Sisters,12,2014-11-04,2020-12-30,5,0,2014:4|2015:6|2020:2
Givēon,12,2025-08-14,2025-08-14,12,0,2025:12
Heavenly,12,2026-03-03,2026-03-03,11,0,2026:12
Hole,12,2006-12-04,2026-07-15,7,0,2006:1|2010:2|2011:2|2015:1|2017:2|2022:1|2023:2|2026:1
Honeymoan,12,2019-06-30,2024-03-01,7,0,2019:2|2021:2|2023:6|2024:2
Hotel Costes,12,2012-09-21,2012-09-26,10,0,2012:12
IDLES,12,2023-12-15,2025-02-10,6,0,2023:1|2024:7|2025:4
Indochine,12,2024-07-09,2025-12-13,9,0,2024:3|2025:9
Isaac Hayes,12,2006-09-14,2009-10-14,6,0,2006:2|2008:6|2009:4
Jacques Brel,12,2025-11-13,2026-06-01,10,0,2025:2|2026:10
Jake Bugg,12,2013-11-17,2025-12-15,9,0,2013:5|2015:2|2017:2|2024:1|2025:2
Jill Scott,12,2009-01-07,2026-02-16,11,0,2009:2|2012:2|2013:1|2015:1|2026:6
Kansas,12,2007-03-19,2022-04-20,3,0,2007:2|2009:1|2010:6|2013:2|2022:1
Kashmir,12,2010-09-07,2013-09-21,9,0,2010:11|2013:1
KennyHoopla,12,2019-10-01,2024-06-21,8,0,2019:1|2022:4|2024:7
Kokoroko,12,2019-05-13,2025-08-13,5,0,2019:2|2022:2|2023:1|2025:7
kurayamisaka,12,2026-03-12,2026-03-12,12,0,2026:12
Leonard Cohen,12,2014-01-12,2025-11-07,11,0,2014:1|2020:1|2021:2|2025:8
Lewis Capaldi,12,2019-06-15,2026-03-27,6,0,2019:3|2020:1|2021:1|2023:2|2025:4|2026:1
Lights,12,2014-12-07,2015-09-17,3,0,2014:3|2015:9
Los Lobos,12,2006-10-24,2026-06-05,2,0,2006:2|2008:3|2009:1|2010:3|2012:1|2013:1|2026:1
Love Unlimited,12,2008-03-09,2010-03-23,10,0,2008:10|2009:1|2010:1
LØLØ,12,2026-04-23,2026-04-23,12,0,2026:12
Manfred Mann,12,2006-03-18,2011-02-10,1,0,2006:2|2008:5|2009:2|2010:2|2011:1
Mark Ronson,12,2012-08-04,2019-11-26,6,0,2012:1|2014:2|2015:2|2019:7
Matt Nathanson,12,2012-11-10,2020-10-24,7,0,2012:9|2013:1|2017:1|2020:1
Maëlle,12,2025-11-03,2026-07-13,8,0,2025:10|2026:2
Nana Yamato,12,2021-02-15,2021-02-16,10,0,2021:12
Nico,12,2006-03-16,2026-07-21,1,0,2006:3|2007:1|2008:2|2009:2|2010:1|2017:1|2021:1|2026:1
Nublu Orchestra conducted by Butch Morris,12,2007-09-15,2010-09-12,8,0,2007:7|2008:1|2009:3|2010:1
Opus,12,2006-11-18,2013-10-02,1,0,2006:2|2009:3|2010:5|2011:1|2013:1
Patti Smith,12,2007-03-21,2026-05-24,4,0,2007:2|2009:1|2010:5|2021:2|2023:1|2026:1
Puff Daddy,12,2006-03-02,2011-09-09,5,0,2006:4|2007:3|2009:4|2011:1
Rajaton,12,2012-11-30,2021-12-24,5,0,2012:7|2020:2|2021:3
Ralph Myerz and the Jack Herren Band,12,2006-04-08,2012-12-08,1,0,2006:3|2007:3|2008:2|2009:2|2010:1|2012:1
Ramones,12,2006-03-16,2026-07-21,4,0,2006:2|2008:2|2010:4|2012:1|2017:1|2021:1|2026:1
Reese Witherspoon,12,2006-04-01,2010-11-03,2,0,2006:2|2007:2|2008:1|2009:5|2010:2
Rob Thomas,12,2012-06-13,2017-04-24,7,0,2012:11|2017:1
Roc Marciano,12,2026-01-29,2026-01-29,12,0,2026:12
Satin Jackets,12,2021-02-21,2021-06-22,2,0,2021:12
skysky,12,2023-09-05,2023-12-15,8,0,2023:12
Sofiane Pamart,12,2026-04-22,2026-04-22,11,0,2026:12
Soul Coughing,12,2006-09-04,2011-02-01,2,0,2006:1|2009:2|2010:6|2011:3
Stephanie Beatriz,12,2022-04-20,2023-04-30,3,0,2022:9|2023:3
Stereolab,12,2025-05-23,2025-07-15,9,0,2025:12
Taylor Davis,12,2015-09-08,2015-09-08,12,0,2015:12
"Taylor Swift, Sabrina Carpenter",12,2025-10-03,2025-11-30,1,0,2025:12
Tenishia,12,2012-05-27,2012-07-29,8,0,2012:12
"Ternielle Nelson, Jason Hartman, UJU, Louise Carver, Aya And Deep Level",12,2010-07-25,2012-07-09,1,0,2010:11|2012:1
The Beaches,12,2023-09-03,2025-12-05,6,0,2023:8|2025:4
The Drums,12,2012-05-07,2023-11-01,5,0,2012:1|2013:3|2015:1|2020:1|2021:2|2023:4
The Isley Brothers,12,2008-11-13,2021-08-24,7,0,2008:4|2010:5|2015:1|2020:1|2021:1
The Starting Line,12,2007-04-24,2011-01-18,1,0,2007:2|2008:1|2010:5|2011:4
The Zombies,12,2006-12-04,2021-12-10,4,0,2006:1|2008:1|2009:3|2010:3|2012:2|2021:2
Tortoise,12,2026-01-27,2026-01-29,10,0,2026:12
Trouble Makers,12,2006-04-08,2012-12-08,1,0,2006:6|2007:1|2008:1|2009:1|2010:2|2012:1
TV on the Radio,12,2009-10-31,2014-12-17,8,0,2009:1|2012:1|2013:8|2014:2
Vieux Farka Touré,12,2013-03-16,2022-10-06,12,0,2013:10|2022:2
Whitney Houston,12,2007-08-15,2026-02-20,5,0,2007:2|2008:4|2009:2|2010:2|2012:1|2026:1
Widowspeak,12,2012-05-07,2026-06-08,12,0,2012:1|2020:1|2026:10
Yohanna,12,2010-03-25,2013-01-11,7,0,2010:1|2012:10|2013:1
Zaho de Sagazan,12,2025-08-13,2026-07-13,9,0,2025:10|2026:2
Zara McFarlane,12,2014-11-20,2017-10-27,7,0,2014:3|2017:9
Zigmat,12,2007-10-27,2010-09-30,7,0,2007:5|2008:1|2009:4|2010:2
a-ha,11,2007-11-03,2024-06-25,2,0,2007:1|2008:3|2009:1|2010:2|2011:1|2015:1|2022:1|2024:1
Afro,11,2006-11-03,2010-04-28,1,0,2006:2|2007:1|2008:2|2009:3|2010:3
Ane Brun,11,2012-07-20,2020-11-15,8,0,2012:1|2014:6|2015:3|2020:1
Angela Ammons,11,2013-05-21,2013-05-21,11,0,2013:11
Apocalyptica,11,2009-02-01,2021-01-30,7,0,2009:9|2010:1|2021:1
Bah Samba,11,2007-04-25,2010-11-21,7,0,2007:7|2008:1|2009:1|2010:2
Barrie,11,2021-10-23,2024-03-01,4,0,2021:4|2022:5|2024:2
Bibio,11,2013-01-16,2026-07-28,8,0,2013:1|2014:1|2015:1|2017:1|2019:5|2026:2
Big Muff,11,2006-04-07,2021-04-11,3,0,2006:2|2007:2|2008:1|2009:2|2012:3|2021:1
Bobby Hughes Combination,11,2006-04-08,2012-12-08,1,0,2006:4|2007:2|2008:1|2009:1|2010:2|2012:1
Breaking Benjamin,11,2007-10-27,2026-04-06,3,0,2007:2|2008:3|2010:2|2011:2|2026:2
Brent Faiyaz,11,2022-07-13,2025-07-14,8,0,2022:5|2023:3|2025:3
Bring Me the Horizon,11,2019-06-13,2026-05-29,8,0,2019:1|2023:3|2025:3|2026:4
Brooks & Dunn,11,2007-12-09,2012-05-14,6,0,2007:1|2008:4|2009:2|2011:3|2012:1
"Buffalo Philharmonic Orchestra, JoAnn Falletta",11,2025-09-17,2025-09-17,11,0,2025:11
Cafe Music BGM channel,11,2022-04-14,2022-04-14,11,0,2022:11
Can 7,11,2006-04-08,2012-12-08,1,0,2006:4|2008:2|2009:2|2010:2|2012:1
Charlie Puth,11,2015-09-09,2025-07-09,7,0,2015:2|2017:2|2020:2|2024:2|2025:3
Cornelius,11,2015-12-11,2026-08-24,6,0,2015:1|2026:10
Damien Rice,11,2013-03-18,2024-09-30,6,0,2013:2|2014:2|2015:6|2024:1
Darius Rucker,11,2010-12-24,2021-07-25,9,0,2010:3|2021:8
Dave Matthews,11,2006-10-15,2012-05-13,6,0,2006:1|2007:1|2009:1|2010:2|2012:6
Dead Horses,11,2014-10-19,2014-10-19,11,0,2014:11
Destroyer,11,2019-11-24,2022-05-04,7,0,2019:1|2021:1|2022:9
DJ Cam,11,2012-03-27,2026-02-12,5,0,2012:5|2013:1|2015:2|2017:1|2024:1|2026:1
Don McLean,11,2006-09-14,2023-11-05,2,0,2006:2|2007:2|2010:3|2011:1|2013:1|2023:2
Editors,11,2009-10-21,2017-06-11,8,0,2009:2|2010:3|2012:2|2015:1|2017:3
Electric Wire Hustle,11,2014-10-08,2024-05-08,11,0,2014:10|2024:1
Fabienne DelSol,11,2026-08-26,2026-08-26,11,0,2026:11
Flying Pop's,11,2006-04-08,2021-04-11,3,0,2006:2|2007:3|2008:1|2009:1|2010:2|2012:1|2021:1
"Fun., Janelle Monáe",11,2024-07-14,2025-09-13,3,0,2024:1|2025:10
Gary Jules,11,2006-12-13,2025-06-02,3,0,2006:1|2007:1|2008:1|2010:7|2025:1
Glass Animals,11,2020-10-09,2025-04-19,5,0,2020:3|2021:1|2022:1|2023:2|2024:3|2025:1
Gregory Isaacs,11,2008-09-19,2022-10-21,4,0,2008:1|2009:1|2010:1|2015:1|2021:1|2022:6
Gus Dapperton,11,2022-02-18,2023-11-22,4,0,2022:4|2023:7
HEDKANDI,11,2008-10-17,2010-02-07,6,0,2008:3|2009:7|2010:1
In Explosions,11,2023-01-27,2023-02-02,9,0,2023:11
Isac Elliot,11,2021-08-09,2024-02-24,3,0,2021:1|2024:10
James Vincent McMorrow,11,2012-05-04,2026-07-24,7,0,2012:1|2013:1|2014:2|2015:4|2020:1|2021:1|2026:1
Jawny,11,2020-11-02,2023-12-20,5,0,2020:1|2021:2|2022:1|2023:7
JJ,11,2014-05-01,2026-03-15,3,0,2014:1|2025:8|2026:2
Joy Oladokun,11,2021-03-04,2025-05-28,7,0,2021:4|2022:2|2023:2|2024:2|2025:1
Kaskade,11,2012-05-03,2017-09-18,11,0,2012:5|2015:1|2017:5
Kavinsky,11,2012-07-19,2025-04-04,4,0,2012:3|2013:5|2020:1|2024:1|2025:1
Ke$ha,11,2010-05-31,2024-11-12,5,0,2010:4|2013:1|2014:1|2015:1|2017:1|2022:1|2024:2
Khalid,11,2019-06-28,2026-08-07,10,0,2019:2|2022:1|2024:4|2025:2|2026:2
Kraak & Smaak,11,2008-09-21,2021-04-09,7,0,2008:1|2009:4|2010:3|2012:1|2013:1|2021:1
Kristen Anderson-Lopez,11,2020-10-24,2020-10-24,11,0,2020:11
Káryyn,11,2026-06-03,2026-06-03,11,0,2026:11
"Käärijä, Joost",11,2024-12-28,2025-01-13,1,0,2024:5|2025:6
La Roux,11,2009-09-04,2026-08-21,3,0,2009:3|2010:1|2012:1|2013:1|2017:1|2019:2|2026:2
Lauluryhmä Nekut,11,2020-11-18,2023-12-24,3,0,2020:3|2021:4|2022:1|2023:3
Leftfield,11,2009-10-17,2015-04-09,8,0,2009:1|2012:8|2013:1|2015:1
Lisa Hannigan,11,2020-07-31,2026-07-24,6,0,2020:3|2023:2|2026:6
London Philharmonic Orchestra,11,2012-09-09,2022-04-18,11,0,2012:5|2013:5|2022:1
Luther Vandross,11,2007-12-13,2024-08-01,5,0,2007:1|2008:1|2009:1|2010:4|2013:2|2015:1|2024:1
Marvelous 3,11,2006-03-03,2022-06-16,2,0,2006:2|2007:4|2008:1|2009:1|2010:1|2013:1|2022:1
Maya Hawke,11,2023-12-08,2026-05-07,11,0,2023:1|2024:2|2026:8
Medium Build,11,2020-11-12,2025-03-13,10,0,2020:8|2022:1|2024:1|2025:1
Merikarhut,11,2008-08-13,2009-12-15,9,0,2008:3|2009:8
Michele Ramo,11,2013-03-12,2013-03-12,11,0,2013:11
Milow,11,2009-07-14,2024-11-11,7,0,2009:8|2015:1|2024:2
MJ Lenderman,11,2024-07-17,2025-10-16,6,0,2024:2|2025:9
Monty Python,11,2006-03-31,2009-08-18,2,0,2006:7|2008:2|2009:2
Mr. V,11,2006-04-08,2013-11-18,2,0,2006:3|2007:1|2008:1|2009:3|2010:1|2012:1|2013:1
Mystical Revealers,11,2006-04-09,2009-01-17,3,0,2006:4|2007:5|2008:1|2009:1
Nancy Sinatra,11,2008-09-03,2012-12-19,4,0,2008:4|2009:1|2010:4|2012:2
Natacha Atlas,11,2026-03-02,2026-03-02,11,0,2026:11
Neil Frances,11,2023-06-04,2024-06-17,6,0,2023:10|2024:1
New Sector Movements,11,2014-12-22,2014-12-22,11,0,2014:11
Noah Cyrus,11,2019-11-27,2025-12-12,8,0,2019:1|2020:3|2021:3|2023:3|2025:1
Nusantara Beat,11,2026-01-27,2026-03-25,6,0,2026:11
Pascal feat. Mister Day,11,2006-03-02,2012-12-08,1,0,2006:4|2008:1|2009:4|2010:1|2012:1
Pat Kelly,11,2021-11-12,2022-11-04,6,0,2021:1|2022:10
Phillipa Soo,11,2019-06-08,2022-05-17,4,0,2019:1|2020:1|2021:2|2022:7
Polygon Window,11,2026-08-10,2026-08-10,11,0,2026:11
Project Mama Earth,11,2020-12-13,2020-12-13,11,0,2020:11
Rhythms Del Mundo,11,2012-07-05,2012-07-08,11,0,2012:11
RJD2,11,2013-05-28,2017-11-28,4,0,2013:1|2014:1|2015:4|2017:5
Sara Bareilles,11,2012-05-14,2026-09-06,7,0,2012:4|2013:1|2014:2|2015:1|2020:1|2026:2
Seefeel,11,2026-05-04,2026-08-24,10,0,2026:11
Shabaka And The Ancestors,11,2017-04-10,2017-10-21,9,0,2017:11
Shawn Mullins,11,2012-11-11,2013-05-16,9,0,2012:2|2013:9
Sir Sly,11,2013-03-22,2021-01-17,4,0,2013:5|2014:1|2017:2|2019:1|2020:1|2021:1
Sixpence None the Richer,11,2008-07-25,2024-08-08,2,0,2008:2|2009:1|2010:4|2012:1|2013:1|2022:1|2024:1
Slow Train,11,2006-04-08,2012-12-09,2,0,2006:2|2007:2|2008:1|2009:1|2010:3|2012:2
Small Town Heroes,11,2007-08-09,2011-06-29,1,0,2007:2|2009:3|2010:3|2011:3
Smooth,11,2006-04-08,2013-11-17,2,0,2006:2|2007:1|2008:1|2009:2|2010:3|2012:1|2013:1
Stormzy,11,2017-02-24,2026-03-23,7,0,2017:3|2019:3|2022:2|2023:2|2026:1
Temple of the Dog,11,2007-10-27,2025-11-06,4,0,2007:1|2009:2|2010:2|2012:1|2017:1|2020:1|2023:2|2025:1
The Antlers,11,2012-05-04,2025-10-13,8,0,2012:3|2014:1|2015:1|2020:4|2025:2
The Flying Burrito Brothers,11,2007-09-30,2024-09-02,11,0,2007:1|2013:9|2024:1
The London Suede,11,2026-01-16,2026-01-16,11,0,2026:11
The Newton Brothers,11,2026-01-06,2026-01-12,8,0,2026:11
The Royal Tenenbaums,11,2006-03-16,2010-05-07,1,0,2006:1|2007:2|2008:5|2009:1|2010:2
The Spencer Davis Group,11,2007-07-30,2010-10-25,2,0,2007:2|2008:3|2009:4|2010:2
The Teenagers,11,2012-08-04,2023-02-12,2,0,2012:4|2013:4|2020:2|2023:1
The Velvet Underground,11,2006-11-19,2025-05-25,7,0,2006:1|2009:2|2010:1|2013:1|2017:1|2022:3|2025:2
Thunderball,11,2012-05-03,2014-08-19,8,0,2012:7|2013:3|2014:1
Tony Allen,11,2006-06-29,2022-10-21,8,0,2006:1|2013:4|2015:1|2017:2|2020:1|2022:2
Unknown Mortal Orchestra,11,2013-04-25,2026-05-26,9,0,2013:1|2018:1|2019:3|2022:1|2024:3|2025:1|2026:1
Usher,11,2006-12-09,2025-03-27,8,0,2006:1|2010:4|2011:1|2012:2|2014:1|2017:1|2025:1
Ustad Vilayat Khan,11,2008-02-22,2010-02-28,2,0,2008:8|2009:1|2010:2
Vesa-Matti Loiri,11,2009-12-24,2021-12-24,6,0,2009:2|2012:6|2020:2|2021:1
White Flowers,11,2026-05-04,2026-05-04,10,0,2026:11
Wilson Simonal,11,2006-02-27,2017-06-17,3,0,2006:5|2007:4|2008:1|2017:1
Yael Naim,11,2013-09-23,2023-08-23,10,0,2013:1|2023:10
Yellowcard,11,2013-04-04,2026-01-19,10,0,2013:1|2015:1|2026:9
Youth Lagoon,11,2012-05-04,2025-06-09,8,0,2012:2|2014:2|2023:1|2024:4|2025:2
Zaz,11,2025-11-13,2025-12-04,8,0,2025:11
Adam Melchor,10,2019-11-24,2023-10-23,5,0,2019:1|2021:2|2022:6|2023:1
Akon,10,2007-12-09,2010-10-31,3,0,2007:1|2008:1|2009:6|2010:2
Al Green,10,2006-05-19,2024-08-02,4,0,2006:1|2007:1|2008:2|2015:1|2017:3|2024:2
Alabama Shakes,10,2012-06-13,2025-11-10,6,0,2012:1|2015:4|2017:1|2023:2|2025:2
Alessia Cara,10,2015-08-17,2023-10-30,7,0,2015:1|2019:1|2020:4|2021:1|2022:1|2023:2
Alexandra Preucil,10,2026-07-20,2026-07-20,10,0,2026:10
Alvvays,10,2017-10-24,2025-04-07,8,0,2017:1|2022:1|2023:2|2024:4|2025:2
Andy Williams,10,2008-12-30,2025-12-24,2,0,2008:1|2010:4|2012:2|2020:1|2022:1|2025:1
Antony Szmierek,10,2026-01-19,2026-01-19,10,0,2026:10
Arkana,10,2006-04-24,2010-07-15,1,0,2006:1|2007:3|2008:1|2009:1|2010:4
Baka Beyond,10,2006-03-02,2010-04-18,1,0,2006:1|2007:2|2009:4|2010:3
Beats and Styles,10,2006-09-04,2010-03-30,3,0,2006:2|2007:1|2008:1|2009:3|2010:3
Billy Talent,10,2007-09-03,2010-11-29,6,0,2007:5|2008:2|2009:1|2010:2
Blue Eyes Meets Bed Stuy,10,2007-09-03,2009-12-03,4,0,2007:3|2008:3|2009:4
Blumida,10,2023-09-06,2023-09-11,5,0,2023:10
Bob,10,2010-05-30,2010-12-13,5,0,2010:10
Bob Seger,10,2008-01-12,2012-05-11,2,0,2008:2|2009:2|2010:4|2011:1|2012:1
Boys Like Girls,10,2007-07-24,2011-01-10,2,0,2007:4|2010:5|2011:1
Brenda Lee,10,2009-01-07,2026-02-26,3,0,2009:1|2010:4|2020:1|2021:2|2022:1|2026:1
Bubba Sparxxx,10,2006-11-29,2010-04-12,5,0,2006:2|2007:1|2009:6|2010:1
Cape Francis,10,2019-09-05,2019-09-16,9,0,2019:10
Carlos Vives,10,2017-06-17,2022-04-23,8,0,2017:7|2022:3
Charles Schillings,10,2006-04-08,2021-04-11,4,0,2006:2|2007:2|2008:1|2009:1|2012:2|2021:2
Chlöe,10,2024-08-22,2025-12-17,9,0,2024:1|2025:9
Chris Forsyth,10,2019-09-22,2019-09-30,8,0,2019:10
Clarence Carter,10,2007-05-21,2015-11-18,4,0,2007:1|2008:2|2009:2|2010:4|2015:1
Class Actress,10,2012-07-18,2026-08-21,10,0,2012:8|2026:2
Clean Bandit,10,2014-08-19,2024-06-27,6,0,2014:2|2015:1|2017:4|2021:1|2023:1|2024:1
Cream,10,2007-09-12,2019-08-08,6,0,2007:1|2008:1|2009:4|2010:2|2017:1|2019:1
Daniela Mercury,10,2006-04-11,2010-07-10,1,0,2006:3|2008:3|2009:1|2010:3
Daughtry,10,2008-03-01,2025-10-29,9,0,2008:1|2009:1|2010:1|2012:2|2017:1|2020:2|2024:1|2025:1
De La Soul,10,2007-09-20,2026-05-02,3,0,2007:1|2008:2|2009:1|2010:1|2023:3|2026:2
Dead Man's Bones,10,2012-07-20,2017-02-17,3,0,2012:4|2013:5|2017:1
Deep Blue Something,10,2006-06-30,2025-07-23,5,0,2006:2|2008:1|2009:1|2011:1|2017:1|2025:4
Devendra Banhart,10,2012-06-13,2025-10-03,7,0,2012:1|2014:3|2015:1|2017:1|2019:1|2024:1|2025:2
Dexter Freebish,10,2013-03-20,2013-05-13,7,0,2013:10
Dhyana Dan,10,2023-09-05,2023-09-11,6,0,2023:10
Dispatch,10,2009-10-09,2019-08-20,7,0,2009:3|2013:2|2015:1|2019:4
DJ Kridlokk,10,2026-08-03,2026-08-03,10,0,2026:10
DJ Krush,10,2013-03-04,2026-07-23,7,0,2013:3|2015:1|2026:6
Djo,10,2020-10-20,2026-01-12,6,0,2020:1|2022:2|2023:2|2024:2|2025:2|2026:1
Donovan,10,2007-09-20,2021-12-10,7,0,2007:1|2009:2|2010:1|2012:1|2013:1|2015:1|2021:3
Dora Jar,10,2022-03-28,2026-05-12,4,0,2022:1|2023:3|2024:2|2026:4
Dynamite Hack,10,2006-06-14,2025-07-15,1,0,2006:2|2010:5|2011:2|2025:1
Elis Regina,10,2006-04-11,2021-11-20,4,0,2006:3|2007:1|2008:1|2009:1|2015:1|2017:2|2021:1
Erato,10,2014-06-03,2020-12-30,5,0,2014:3|2015:4|2017:1|2020:2
Ethan Tasch,10,2020-10-09,2024-02-16,5,0,2020:1|2023:7|2024:2
Ezra Collective,10,2017-04-04,2022-10-06,6,0,2017:6|2019:1|2022:3
Filous,10,2015-09-24,2023-06-20,6,0,2015:2|2016:4|2019:3|2023:1
Flea,10,2026-03-30,2026-03-30,10,0,2026:10
For Those I Love,10,2026-03-04,2026-03-06,9,0,2026:10
Forro In The Dark,10,2007-10-14,2010-10-22,9,0,2007:3|2008:3|2010:4
Fréro Delavega,10,2025-11-13,2025-12-02,6,0,2025:10
Fumio Hayasaka,10,2017-06-29,2017-06-29,10,0,2017:10
Gene Autry,10,2008-12-24,2022-12-24,4,0,2008:1|2009:1|2010:5|2012:1|2022:2
George Fitzgerald,10,2012-07-15,2024-10-14,6,0,2012:2|2015:4|2019:2|2023:1|2024:1
Goldfish,10,2014-01-14,2017-10-21,10,0,2014:9|2017:1
Grouplove,10,2012-05-13,2026-03-12,7,0,2012:3|2013:3|2014:1|2017:2|2026:1
Gwenno,10,2025-08-14,2025-12-13,9,0,2025:10
James Newton Howard,10,2015-11-30,2026-05-18,10,0,2015:1|2016:3|2017:5|2026:1
Janet Kay,10,2017-02-17,2022-10-21,1,0,2017:1|2021:3|2022:6
John Rzeznik,10,2006-11-17,2022-07-10,2,0,2006:1|2007:2|2008:1|2009:1|2010:2|2011:2|2022:1
Johnny Alpha,10,2006-03-14,2010-05-07,1,0,2006:5|2007:2|2009:1|2010:2
Jonna Tervomaa,10,2006-04-01,2012-04-26,2,0,2006:4|2007:2|2009:3|2012:1
Joshua Idehen,10,2024-04-30,2024-04-30,9,0,2024:10
Juli,10,2006-09-04,2010-11-21,2,0,2006:2|2007:1|2008:3|2009:3|2010:1
Julia Michaels,10,2017-04-18,2026-03-27,9,0,2017:1|2020:2|2021:1|2023:1|2024:2|2025:2|2026:1
K'naan,10,2010-06-25,2023-11-05,6,0,2010:3|2012:3|2013:2|2023:2
Kali Uchis,10,2021-06-23,2026-08-09,5,0,2021:1|2023:1|2024:1|2025:6|2026:1
Karaoke - Ameritz,10,2009-07-27,2009-08-09,5,0,2009:10
Keane,10,2008-03-02,2026-06-01,8,0,2008:1|2012:4|2013:1|2023:1|2025:1|2026:2
Kenya Grace,10,2023-09-27,2025-07-23,4,0,2023:4|2024:5|2025:1
Kid Cudi,10,2012-07-12,2026-08-07,8,0,2012:1|2014:1|2020:1|2021:1|2022:1|2023:2|2025:1|2026:2
Laibach,10,2026-05-04,2026-05-04,10,0,2026:10
Lemon Jelly,10,2012-10-24,2017-05-30,8,0,2012:6|2015:1|2017:3
Lighthouse Family,10,2006-04-26,2010-10-04,2,0,2006:3|2008:3|2009:1|2010:3
Lil Nas X,10,2021-06-23,2026-08-07,7,0,2021:1|2024:3|2025:4|2026:2
Lil Uzi Vert,10,2020-03-17,2020-03-18,9,0,2020:10
Lost Frequencies,10,2015-07-03,2025-05-30,5,0,2015:2|2017:1|2022:1|2023:4|2024:1|2025:1
Low Millions,10,2013-03-20,2022-06-16,7,0,2013:9|2022:1
Lucy Rose,10,2014-11-30,2023-10-23,4,0,2014:2|2015:7|2023:1
Marlene T,10,2024-02-24,2024-03-02,3,0,2024:10
Matt & Kim,10,2012-08-04,2017-05-12,5,0,2012:1|2013:6|2014:1|2015:1|2017:1
Michael Mayer,10,2006-04-08,2012-12-08,1,0,2006:2|2007:1|2008:2|2009:2|2010:2|2012:1
MisterWives,10,2014-12-07,2023-12-18,6,0,2014:1|2015:3|2019:1|2020:1|2021:1|2022:1|2023:2
Moderat,10,2013-03-04,2023-04-11,6,0,2013:4|2023:6
Moor Mother,10,2026-08-06,2026-08-06,10,0,2026:10
NEEDTOBREATHE,10,2012-11-28,2026-03-12,6,0,2012:4|2015:1|2021:1|2022:3|2026:1
Nothing But Thieves,10,2015-04-07,2023-08-28,5,0,2015:1|2017:1|2023:8
P.O.D.,10,2006-11-19,2026-04-06,4,0,2006:2|2009:1|2011:5|2024:1|2026:1
Pariisin Kevät,10,2011-02-07,2012-05-11,10,0,2011:9|2012:1
Pierre Garnier,10,2025-10-23,2025-11-24,4,0,2025:10
Pras,10,2006-03-01,2017-09-30,2,0,2006:1|2007:1|2009:3|2010:4|2017:1
Pretty Lights,10,2012-10-24,2020-10-25,5,0,2012:3|2013:3|2014:2|2020:2
Ramsey,10,2024-11-19,2024-11-22,8,0,2024:10
Rebounder,10,2020-10-20,2024-01-16,6,0,2020:2|2022:2|2023:4|2024:2
Rodney Hunter,10,2006-04-08,2019-06-14,3,0,2006:3|2007:2|2010:2|2012:2|2019:1
Rokia Traoré,10,2008-12-30,2013-03-12,10,0,2008:1|2013:9
Rudimental,10,2013-05-24,2021-12-01,8,0,2013:2|2015:2|2017:2|2019:2|2021:2
S. Carey,10,2015-11-25,2026-07-24,6,0,2015:1|2019:1|2020:5|2026:3
Sam Feldt,10,2017-04-13,2025-07-22,6,0,2017:7|2023:2|2025:1
Savage Garden,10,2006-11-18,2022-10-20,6,0,2006:3|2008:4|2015:2|2022:1
Second Date,10,2012-03-27,2024-10-02,2,0,2012:5|2013:2|2015:2|2024:1
Sigur Rós,10,2012-05-04,2026-07-22,7,0,2012:4|2017:2|2024:2|2026:2
Skunk Anansie,10,2006-05-10,2025-07-12,3,0,2006:1|2008:2|2009:1|2010:2|2011:1|2012:1|2015:1|2025:1
Square Enix Music,10,2025-09-19,2025-09-19,9,0,2025:10
Stealers Wheel,10,2006-09-14,2023-11-05,2,0,2006:2|2007:1|2012:2|2013:1|2021:2|2023:2
Sting,10,2006-03-16,2021-07-19,6,0,2006:1|2007:1|2009:2|2010:2|2013:3|2021:1
Suki Waterhouse,10,2022-04-12,2025-01-29,6,0,2022:1|2023:2|2024:5|2025:2
Sum 41,10,2009-10-09,2025-09-20,8,0,2009:2|2010:1|2012:1|2014:1|2021:2|2025:3
Survivor,10,2006-11-06,2013-03-06,1,0,2006:2|2009:3|2010:4|2013:1
Susanne Sundfør,10,2013-09-08,2026-09-01,9,0,2013:9|2026:1
SUSS,10,2026-05-15,2026-05-15,10,0,2026:10
Suurlähettiläät,10,2006-04-01,2013-12-06,3,0,2006:5|2007:3|2011:1|2013:1
Sylvan Esso,10,2019-09-25,2026-05-12,5,0,2019:4|2020:1|2021:1|2023:1|2026:3
Sylvie Kreusch,10,2026-01-27,2026-01-27,10,0,2026:10
T-Pain,10,2008-10-24,2024-08-14,4,0,2008:1|2009:4|2010:3|2013:1|2024:1
The Afghan Whigs,10,2023-06-10,2026-08-27,9,0,2023:1|2026:9
The Band,10,2006-11-18,2024-09-18,4,0,2006:2|2009:1|2010:1|2012:2|2013:1|2015:2|2024:1
The Beths,10,2020-12-09,2026-01-29,8,0,2020:2|2024:2|2025:2|2026:4
The Dubliners,10,2008-02-28,2013-03-07,5,0,2008:7|2009:1|2010:1|2013:1
The Eagles,10,2009-03-05,2010-09-29,4,0,2009:9|2010:1
The Knife,10,2013-03-22,2013-09-21,4,0,2013:10
The Maytals,10,2021-09-29,2022-10-21,4,0,2021:3|2022:7
The Milk Carton Kids,10,2015-01-24,2023-05-18,6,0,2015:5|2017:2|2021:1|2023:2
The Specials,10,2015-08-24,2022-04-08,9,0,2015:8|2021:1|2022:1
The Used,10,2008-02-05,2020-04-03,2,0,2008:1|2009:3|2010:5|2020:1
The White Stripes,10,2008-09-07,2026-07-16,4,0,2008:1|2010:2|2012:1|2013:2|2017:1|2021:1|2023:1|2026:1
Three Dog Night,10,2006-05-10,2010-09-01,2,0,2006:4|2008:1|2009:1|2010:4
Thundercat,10,2015-08-18,2026-04-20,7,0,2015:1|2017:4|2020:1|2023:1|2024:1|2025:1|2026:1
Tom Rothrock With Jim Wise,10,2021-11-21,2021-12-12,1,0,2021:10
Tomode,10,2022-10-04,2024-07-12,5,0,2022:8|2024:2
Top Gun,10,2007-10-27,2011-08-28,5,0,2007:1|2008:3|2009:4|2010:1|2011:1
Traditional,10,2021-12-24,2023-11-17,7,0,2021:9|2023:1
Trans-Siberian Orchestra,10,2007-12-23,2011-09-09,1,0,2007:2|2008:1|2009:3|2010:3|2011:1
Trevor Rabin,10,2007-03-31,2015-01-17,1,0,2007:1|2009:1|2010:7|2015:1
Tyler Childers,10,2024-09-18,2025-07-31,8,0,2024:1|2025:9
Ulrich Schnauss,10,2012-12-20,2026-06-03,7,0,2012:1|2013:2|2014:1|2026:6
Valerie June,10,2019-11-26,2025-05-28,5,0,2019:1|2020:1|2021:5|2024:2|2025:1
Vengaboys,10,2006-09-19,2021-10-13,7,0,2006:2|2012:5|2013:1|2015:1|2021:1
Weird Nightmare,10,2026-05-04,2026-05-04,10,0,2026:10
Westside Cowboy,10,2026-01-19,2026-08-26,10,0,2026:10
Yalla Miku,10,2026-01-12,2026-01-12,10,0,2026:10
Yannick Noah,10,2012-07-14,2025-10-20,3,0,2012:4|2025:6
Afghan Whigs,9,2007-07-24,2017-06-11,2,0,2007:4|2008:2|2009:2|2017:1
Aimee Mann,9,2023-06-10,2026-05-24,4,0,2023:1|2026:8
Albin de la Simone,9,2025-09-11,2025-09-11,9,0,2025:9
Aldous Harding,9,2017-09-21,2026-07-24,7,0,2017:1|2019:1|2022:1|2026:6
Amy Grant,9,2007-12-23,2012-12-23,3,0,2007:2|2008:2|2009:1|2010:3|2012:1
Anna Bergendahl,9,2013-09-21,2013-11-26,7,0,2013:9
Anushka,9,2014-12-09,2017-05-02,5,0,2014:8|2017:1
Atlanta Rhythm Section,9,2007-07-24,2011-07-20,2,0,2007:3|2008:2|2009:1|2010:2|2011:1
Augustus Pablo,9,2022-04-08,2024-06-27,5,0,2022:8|2024:1
Aurora,9,2021-05-01,2026-07-12,6,0,2021:2|2023:2|2024:2|2025:1|2026:2
Average White Band,9,2012-07-14,2012-07-14,9,0,2012:9
Baaba Maal,9,2006-05-11,2010-04-18,1,0,2006:4|2009:3|2010:2
Beatriz Azevedo,9,2006-04-11,2010-10-28,1,0,2006:6|2009:1|2010:2
Ben Folds Five,9,2007-09-03,2010-11-14,7,0,2007:5|2008:3|2010:1
Berlin,9,2007-10-05,2010-11-21,1,0,2007:4|2008:1|2009:2|2010:2
Betty Harris,9,2007-08-03,2010-04-18,2,0,2007:1|2008:3|2009:2|2010:3
Biffy Clyro,9,2010-05-31,2025-07-12,6,0,2010:4|2012:2|2020:2|2025:1
Billie Marten,9,2015-08-24,2025-05-28,9,0,2015:1|2020:1|2021:2|2023:4|2025:1
Blind Channel,9,2021-01-30,2026-07-11,2,0,2021:1|2024:7|2026:1
Bliss n Eso,9,2013-03-22,2013-04-18,8,0,2013:9
Blue Swede,9,2007-08-07,2025-07-08,1,0,2007:3|2010:4|2013:1|2025:1
Brando,9,2025-01-16,2025-01-16,9,0,2025:9
Burial,9,2012-12-23,2026-07-23,8,0,2012:1|2013:3|2021:1|2024:2|2026:2
Cake,9,2009-10-09,2026-07-16,6,0,2009:1|2012:1|2013:1|2015:1|2019:1|2020:1|2023:2|2026:1
Christopher Tin,9,2008-12-13,2022-12-23,1,0,2008:2|2009:2|2010:2|2012:2|2022:1
CHVRCHES,9,2013-09-21,2023-12-20,5,0,2013:1|2014:3|2020:1|2021:1|2023:3
Ciaran Lavery,9,2015-01-24,2021-03-06,3,0,2015:8|2021:1
Claud,9,2020-10-20,2024-02-15,5,0,2020:3|2021:1|2022:1|2023:2|2024:2
Colin & Caroline,9,2014-11-04,2021-08-22,5,0,2014:2|2015:2|2020:4|2021:1
Collie Buddz,9,2009-08-08,2009-08-08,6,0,2009:9
Corinne Bailey Rae,9,2007-12-15,2020-12-13,4,0,2007:1|2008:1|2009:2|2015:1|2017:1|2019:2|2020:1
Craig Cardiff,9,2014-12-07,2015-12-04,2,0,2014:1|2015:8
Creed,9,2011-01-01,2025-10-27,5,0,2011:2|2022:1|2025:6
Cyndi Lauper,9,2007-10-05,2010-10-31,3,0,2007:4|2008:1|2009:2|2010:2
Dark Matters,9,2012-05-27,2012-07-29,5,0,2012:9
Daughter,9,2013-01-16,2024-01-02,5,0,2013:2|2014:2|2015:3|2017:1|2024:1
Deodato,9,2008-04-09,2010-11-22,5,0,2008:2|2009:3|2010:4
Dermot Kennedy,9,2019-06-19,2023-02-22,6,0,2019:1|2021:2|2022:2|2023:4
Dierks Bentley,9,2007-07-27,2020-04-03,6,0,2007:1|2008:1|2012:1|2013:1|2014:3|2020:2
DJ Shadow,9,2013-05-30,2026-09-04,8,0,2013:4|2015:1|2017:2|2026:2
Djavan,9,2006-04-11,2017-06-13,5,0,2006:3|2008:1|2009:1|2012:2|2015:1|2017:1
Donna Summer,9,2008-12-30,2024-08-02,6,0,2008:1|2012:3|2015:2|2024:3
Dove Cameron,9,2020-03-04,2025-10-14,7,0,2020:1|2023:2|2025:6
En Vogue,9,2006-02-28,2009-10-15,4,0,2006:5|2007:1|2008:1|2009:2
Europe,9,2006-06-30,2021-08-12,2,0,2006:3|2007:3|2011:1|2021:2
Faith No More,9,2009-06-28,2026-05-31,5,0,2009:4|2010:1|2015:1|2017:1|2026:2
Felix da Housecat,9,2012-06-06,2012-06-06,9,0,2012:9
Floating Lights,9,2015-11-26,2016-02-05,4,0,2015:3|2016:6
Fontaines D.C.,9,2023-12-16,2025-05-25,7,0,2023:1|2024:2|2025:6
Ford.,9,2019-09-25,2024-01-15,3,0,2019:2|2021:6|2024:1
Fort Knox Five,9,2006-04-08,2013-08-27,2,0,2006:1|2007:2|2008:1|2009:1|2010:2|2012:1|2013:1
Four Tet,9,2015-01-11,2026-09-04,9,0,2015:1|2019:3|2021:1|2024:1|2025:1|2026:2
Gabrielle Aplin,9,2012-12-23,2022-12-29,6,0,2012:1|2014:1|2015:2|2017:1|2019:2|2021:1|2022:1
Gareth Emery,9,2012-07-29,2013-05-13,6,0,2012:1|2013:8
Gavin DeGraw,9,2012-05-06,2026-04-30,6,0,2012:5|2013:2|2014:1|2026:1
George Stanford,9,2020-07-11,2020-10-02,9,0,2020:9
Gia Margaret,9,2021-08-22,2024-03-02,4,0,2021:2|2023:1|2024:6
Gloria Estefan,9,2008-04-16,2015-08-27,3,0,2008:1|2010:5|2012:1|2014:1|2015:1
Gossip,9,2012-08-27,2023-11-27,7,0,2012:7|2023:2
Gregory Alan Isakov,9,2015-01-24,2023-12-08,6,0,2015:2|2017:1|2019:1|2020:2|2023:3
Hannah Jadagu,9,2021-02-17,2026-02-03,5,0,2021:1|2024:3|2025:4|2026:1
"Harry Connick, Jr.",9,2007-12-23,2014-01-13,3,0,2007:3|2010:4|2014:2
Hootie & The Blowfish,9,2009-08-02,2022-06-16,7,0,2009:2|2012:2|2013:1|2017:2|2020:1|2022:1
Hooverphonic,9,2013-03-14,2026-05-25,6,0,2013:1|2014:3|2017:3|2026:2
Horse Feathers,9,2013-03-07,2017-10-24,3,0,2013:2|2015:6|2017:1
Howie Day,9,2013-03-16,2015-10-02,6,0,2013:5|2014:1|2015:3
Idina Menzel,9,2014-12-17,2022-12-24,4,0,2014:1|2019:4|2020:3|2022:1
Imaginary Future,9,2015-01-24,2021-09-28,7,0,2015:2|2021:7
Jackii Kennedy,9,2021-07-31,2021-08-04,8,0,2021:9
James Arthur,9,2013-03-24,2025-09-19,6,0,2013:4|2017:1|2021:1|2024:2|2025:1
James Taylor,9,2008-12-24,2024-07-31,8,0,2008:1|2010:1|2012:3|2015:1|2021:1|2024:2
Jamey Johnson,9,2025-07-14,2025-07-14,9,0,2025:9
Jay Matthews,9,2018-01-04,2025-07-09,7,0,2018:8|2025:1
Jenny Lewis,9,2014-11-30,2025-01-13,6,0,2014:2|2015:1|2017:1|2019:1|2023:2|2024:1|2025:1
Jessie Murph,9,2023-01-08,2025-10-31,7,0,2023:7|2025:2
John Lee Hooker,9,2006-04-26,2010-11-16,7,0,2006:1|2009:2|2010:6
John Travolta,9,2006-03-03,2011-02-10,2,0,2006:2|2007:2|2008:2|2009:2|2011:1
Johnny Mathis,9,2008-12-29,2010-12-30,5,0,2008:2|2009:1|2010:6
Johnnyswim,9,2014-12-07,2022-02-19,4,0,2014:1|2015:7|2022:1
Jorge Ben & Toquinho,9,2006-02-27,2010-11-16,1,0,2006:3|2007:2|2008:1|2010:3
Joshua Burnside,9,2015-03-23,2021-03-14,4,0,2015:2|2020:4|2021:3
"Junior Murvin/Lee ""Scratch"" Perry",9,2006-03-02,2011-02-02,1,0,2006:3|2007:2|2008:2|2010:1|2011:1
Kaleo,9,2014-11-30,2023-10-08,3,0,2014:2|2015:3|2017:3|2023:1
Killer,9,2006-11-03,2011-01-30,3,0,2006:1|2008:3|2010:2|2011:3
King Princess,9,2019-08-15,2025-12-05,7,0,2019:4|2021:1|2025:4
King Tubby,9,2009-11-29,2022-10-21,5,0,2009:1|2015:1|2022:7
Kodaline,9,2012-11-10,2026-03-12,6,0,2012:1|2014:3|2015:2|2017:1|2021:1|2026:1
Kofi Stone,9,2026-01-12,2026-01-12,9,0,2026:9
Kolmas Nainen,9,2006-03-02,2010-03-02,2,0,2006:3|2007:2|2008:2|2009:1|2010:1
Kraftwerk,9,2008-08-15,2025-07-25,7,0,2008:1|2013:7|2025:1
Kylie Minogue,9,2007-07-29,2026-07-07,7,0,2007:1|2008:1|2020:2|2021:1|2022:1|2023:2|2026:1
"Lady Gaga, Bradley Cooper",9,2020-03-04,2024-07-20,7,0,2020:2|2024:7
Laufey,9,2023-09-11,2025-12-05,4,0,2023:4|2025:5
Linton Kwesi Johnson,9,2022-04-08,2022-10-21,5,0,2022:9
LONELY NIGHT,9,2023-03-09,2023-06-20,4,0,2023:9
M. Ward,9,2012-10-01,2023-08-26,7,0,2012:1|2014:1|2015:3|2017:1|2023:3
Marcelo D2,9,2006-02-27,2015-12-14,6,0,2006:2|2007:1|2012:5|2015:1
Maria Bethânia,9,2006-04-11,2017-07-02,4,0,2006:4|2009:1|2015:1|2017:3
Mayer Hawthorne,9,2011-06-12,2020-10-27,3,0,2011:3|2012:2|2014:1|2019:1|2020:2
Michael Bolton,9,2008-12-30,2010-12-26,3,0,2008:1|2009:2|2010:6
Middle Kids,9,2021-10-27,2024-01-21,4,0,2021:1|2023:2|2024:6
Mighty44,9,2006-11-28,2011-09-09,3,0,2006:1|2007:2|2008:3|2009:1|2010:1|2011:1
Ministry of Sound,9,2013-08-22,2013-08-22,9,0,2013:9
Moenetty,9,2023-09-06,2023-12-15,5,0,2023:9
Mylo,9,2012-05-14,2014-01-21,8,0,2012:8|2014:1
"Neobe, Adani & Wolf",9,2007-08-15,2012-07-02,1,0,2007:2|2009:2|2010:2|2012:3
Noa Kirel,9,2023-05-17,2024-04-05,1,0,2023:6|2024:3
Nothing,9,2026-03-02,2026-03-02,9,0,2026:9
Oliver Heldens,9,2015-06-29,2024-06-26,6,0,2015:1|2017:5|2021:2|2024:1
Otto Knows,9,2013-01-06,2023-04-04,7,0,2013:1|2017:5|2019:1|2021:1|2023:1
Paolo Fedreghini,9,2006-04-08,2012-12-08,1,0,2006:1|2007:3|2009:2|2010:1|2012:2
pay the devil,9,2015-11-13,2015-11-13,9,0,2015:9
Perry Como,9,2006-11-30,2012-12-23,5,0,2006:1|2008:2|2009:1|2010:3|2012:2
Pharmacist,9,2026-05-07,2026-05-07,9,0,2026:9
Pond,9,2017-07-06,2025-06-09,7,0,2017:1|2019:2|2022:4|2025:2
Ravi Coltrane,9,2013-04-29,2013-08-11,5,0,2013:9
Red Astaire,9,2006-03-14,2010-05-07,1,0,2006:1|2007:2|2008:2|2009:2|2010:2
Redrama,9,2006-05-19,2015-11-20,6,0,2006:1|2007:1|2008:5|2010:1|2015:1
Regina Spektor,9,2012-10-01,2022-05-14,7,0,2012:2|2013:2|2014:1|2015:1|2022:3
Rich Price,9,2006-10-15,2010-10-19,1,0,2006:1|2007:1|2008:2|2010:5
Ryan Little,9,2019-04-30,2020-10-02,9,0,2019:8|2020:1
S-Tone Inc.,9,2006-11-02,2012-05-27,2,0,2006:1|2007:4|2008:1|2010:1|2012:2
Sampha,9,2017-04-04,2026-01-26,6,0,2017:5|2023:3|2026:1
Sarah McLachlan,9,2006-11-28,2025-10-31,5,0,2006:1|2007:2|2008:4|2012:1|2025:1
SASSY 009,9,2026-01-20,2026-01-21,9,0,2026:9
Scott Walker,9,2008-09-24,2025-07-28,2,0,2008:1|2009:4|2010:1|2012:1|2021:1|2025:1
Sebastian Yatra,9,2022-04-20,2023-04-30,2,0,2022:8|2023:1
Shane Parish,9,2026-03-02,2026-03-02,9,0,2026:9
Shawn Colvin,9,2006-11-28,2026-05-24,2,0,2006:1|2009:2|2010:4|2011:1|2026:1
Silkyson,9,2023-09-06,2023-12-15,6,0,2023:9
Silversun Pickups,9,2008-07-25,2019-08-20,4,0,2008:2|2009:1|2010:1|2013:1|2015:1|2019:3
Smilez and Southstar,9,2006-12-07,2010-09-30,1,0,2006:1|2007:3|2010:5
sombr,9,2025-07-26,2026-05-29,6,0,2025:4|2026:5
St. Germain,9,2012-07-29,2025-04-04,6,0,2012:2|2013:2|2015:2|2017:1|2024:1|2025:1
St. Paul & The Broken Bones,9,2017-10-24,2025-10-13,4,0,2017:1|2019:2|2023:2|2025:4
Steve Lacy,9,2018-01-05,2025-10-13,5,0,2018:1|2020:1|2022:3|2023:1|2025:3
Story Of The Year,9,2009-02-28,2011-02-01,1,0,2009:1|2010:2|2011:6
Streetlife Originals,9,2006-04-08,2012-12-08,1,0,2006:4|2008:1|2009:1|2010:2|2012:1
Stu Larsen,9,2015-03-20,2024-01-11,3,0,2015:6|2017:1|2024:2
Sure Sure,9,2017-10-17,2022-10-06,6,0,2017:2|2019:2|2021:3|2022:2
SYML,9,2017-09-21,2025-02-23,5,0,2017:1|2019:1|2020:1|2023:5|2025:1
t.A.T.u.,9,2009-04-11,2022-09-20,3,0,2009:5|2011:1|2020:2|2022:1
Talking Heads,9,2007-08-03,2026-07-15,6,0,2007:1|2008:2|2010:2|2021:1|2023:2|2026:1
Tamba Trio,9,2006-04-11,2021-11-20,3,0,2006:4|2007:2|2009:1|2017:1|2021:1
The Apples in Stereo,9,2007-10-27,2011-01-16,1,0,2007:1|2008:3|2009:2|2010:2|2011:1
The Association,9,2007-07-24,2011-02-10,3,0,2007:3|2008:2|2009:1|2010:2|2011:1
The Backseat Lovers,9,2022-03-11,2023-12-20,3,0,2022:4|2023:5
The Ethiopians,9,2022-04-09,2022-10-21,6,0,2022:9
The Meters,9,2008-08-06,2017-10-22,6,0,2008:1|2009:3|2010:3|2011:1|2017:1
The Monkees,9,2006-10-15,2010-04-28,2,0,2006:1|2007:4|2008:1|2009:2|2010:1
The Turtles,9,2007-08-09,2013-11-26,3,0,2007:1|2009:2|2010:1|2012:2|2013:3
The War on Drugs,9,2013-02-04,2025-08-18,7,0,2013:2|2015:2|2017:1|2023:2|2024:1|2025:1
The Younger Brothers,9,2021-12-26,2022-03-10,4,0,2021:4|2022:5
This Is the Kit,9,2015-03-23,2026-07-24,7,0,2015:2|2020:3|2025:1|2026:3
Tim McGraw,9,2008-08-03,2020-03-04,7,0,2008:2|2012:2|2013:1|2014:3|2020:1
Tipsy,9,2007-12-17,2011-09-09,7,0,2007:1|2008:3|2009:1|2010:3|2011:1
Tom the Mail Man,9,2021-02-15,2023-09-16,4,0,2021:7|2023:2
Tomoyasu Hotel and Ray Cooper,9,2006-11-30,2010-01-12,3,0,2006:3|2007:3|2008:1|2009:1|2010:1
Tricky,9,2012-07-20,2026-07-19,8,0,2012:1|2013:3|2017:1|2020:1|2021:2|2026:1
Underworld,9,2006-09-18,2010-04-12,5,0,2006:2|2007:4|2010:3
Vagabon,9,2019-09-09,2026-04-07,5,0,2019:2|2020:3|2021:2|2026:2
Van Morrison,9,2006-12-13,2019-08-08,6,0,2006:1|2007:2|2009:1|2012:1|2013:1|2014:1|2015:1|2019:1
Visti and Meyland,9,2006-04-08,2012-12-08,2,0,2006:2|2007:2|2008:1|2009:1|2010:2|2012:1
Walk the Moon,9,2012-05-14,2025-07-01,5,0,2012:1|2013:1|2014:1|2015:3|2019:2|2025:1
Wet,9,2014-11-30,2024-05-05,7,0,2014:3|2015:2|2016:2|2021:1|2024:1
"Windows95man, Tapiola Sinfonietta",9,2025-01-13,2025-01-14,1,0,2025:9
X-Press 2,9,2007-09-21,2013-01-24,2,0,2007:2|2008:1|2009:2|2010:1|2012:2|2013:1
Zedd,9,2012-06-01,2024-08-02,6,0,2012:1|2015:3|2017:2|2023:2|2024:1
Zella Day,9,2014-12-11,2026-08-21,6,0,2014:1|2020:1|2022:3|2023:1|2026:3
Σtella,9,2022-03-29,2026-07-28,3,0,2022:5|2023:3|2026:1
3OH!3,8,2009-10-30,2010-11-21,5,0,2009:1|2010:7
Aaron West and The Roaring Twenties,8,2026-01-20,2026-01-20,8,0,2026:8
Afrojack,8,2012-05-14,2021-03-15,7,0,2012:4|2015:1|2017:2|2021:1
Alaska Reid,8,2020-11-22,2026-02-14,6,0,2020:4|2021:1|2022:1|2023:1|2026:1
Alice Cooper,8,2007-10-10,2026-05-09,3,0,2007:1|2008:3|2009:1|2010:2|2026:1
Amyl and the Sniffers,8,2023-04-11,2023-04-11,4,0,2023:8
Ananta,8,2023-09-05,2023-12-02,6,0,2023:8
Anne-Marie,8,2017-02-24,2025-10-14,8,0,2017:2|2021:1|2022:1|2023:1|2025:3
Austra,8,2013-04-29,2013-08-09,5,0,2013:8
baffa feat. paganni,8,2006-03-01,2012-12-08,1,0,2006:3|2007:1|2008:1|2009:1|2012:2
Band of Skulls,8,2009-10-21,2010-11-14,2,0,2009:2|2010:6
Beach Fossils,8,2018-01-05,2025-01-13,6,0,2018:2|2023:4|2024:1|2025:1
Bebel Gilberto,8,2006-02-27,2026-05-25,4,0,2006:5|2012:2|2026:1
Beth Orton,8,2012-05-27,2026-04-20,4,0,2012:1|2025:1|2026:6
Bill Frisell,8,2015-08-17,2026-05-15,8,0,2015:1|2019:1|2021:1|2026:5
Black Rebel Motorcycle Club,8,2007-07-24,2010-11-14,3,0,2007:1|2009:3|2010:4
Blind Melon,8,2006-06-29,2023-06-15,3,0,2006:1|2010:2|2012:1|2017:2|2021:1|2023:1
Blitzen Trapper,8,2015-01-24,2017-10-24,3,0,2015:6|2017:2
Bob Andy,8,2022-04-08,2022-10-21,7,0,2022:8
Bob Moses,8,2016-01-11,2026-08-28,4,0,2016:2|2017:1|2019:4|2026:1
Brett Dennen,8,2012-05-10,2019-06-06,6,0,2012:4|2015:1|2017:2|2019:1
Brian Eno,8,2013-02-22,2025-07-28,5,0,2013:2|2015:1|2017:1|2023:2|2025:2
Buddy Holly,8,2006-11-30,2021-12-10,3,0,2006:1|2007:1|2009:1|2010:3|2014:1|2021:1
Bullion,8,2009-08-14,2024-04-30,4,0,2009:1|2012:1|2022:1|2024:5
Busta Rhymes,8,2006-11-17,2011-09-09,4,0,2006:1|2007:1|2009:3|2010:2|2011:1
Candlebox,8,2012-05-04,2025-10-27,3,0,2012:4|2013:1|2015:1|2020:1|2025:1
Capital Cities,8,2013-09-21,2025-04-03,4,0,2013:3|2014:1|2018:1|2024:2|2025:1
carolesdaughter,8,2026-04-23,2026-04-23,8,0,2026:8
Carolina Gaitán - La Gaita,8,2022-04-20,2023-04-30,2,0,2022:6|2023:2
Caroline Shaw,8,2026-05-15,2026-05-15,8,0,2026:8
Carrier,8,2026-02-05,2026-02-05,8,0,2026:8
Carroll Thompson,8,2022-04-08,2022-04-09,6,0,2022:8
Chico Buarque,8,2006-04-11,2017-07-02,4,0,2006:3|2007:1|2009:1|2017:3
Chico Science & Nação Zumbi,8,2012-05-06,2017-07-02,7,0,2012:4|2014:1|2017:3
Chris Call,8,2014-09-21,2016-02-05,5,0,2014:1|2015:4|2016:3
Ciara,8,2007-09-03,2017-07-15,5,0,2007:3|2009:3|2010:1|2017:1
Cry Tuff & The Originals,8,2021-11-12,2022-11-04,1,0,2021:1|2022:7
Cults,8,2012-05-31,2024-04-30,6,0,2012:1|2013:1|2017:1|2019:1|2020:1|2021:1|2023:1|2024:1
Da Buzz,8,2006-11-03,2012-10-26,8,0,2006:1|2008:1|2012:6
Da Tweekaz,8,2026-07-18,2026-08-22,6,0,2026:8
"Dance Music, EDM, Electronic Dance Music",8,2025-04-10,2025-04-10,7,0,2025:8
Dante Thomas,8,2006-04-15,2010-04-09,1,0,2006:2|2008:2|2009:2|2010:2
Dario Marianelli,8,2016-02-04,2017-11-28,7,0,2016:2|2017:6
Dave Matthews & Tim Reynolds,8,2012-05-10,2012-05-25,7,0,2012:8
Depeche Mode,8,2014-01-12,2025-07-28,6,0,2014:3|2017:1|2023:1|2025:3
Dexter in the Newsagent,8,2026-01-25,2026-01-25,8,0,2026:8
Diana Krall,8,2010-12-24,2012-12-25,4,0,2010:6|2012:2
Don Diablo,8,2014-01-12,2021-03-15,8,0,2014:1|2017:4|2021:3
Don Omar,8,2008-08-31,2017-09-20,4,0,2008:1|2009:2|2011:1|2012:1|2015:1|2017:2
Dove Ellis,8,2026-01-23,2026-01-23,8,0,2026:8
"EDM, House Music 2016, Electronica House",8,2025-04-21,2025-04-21,8,0,2025:8
Eels,8,2006-12-15,2015-09-03,3,0,2006:1|2007:2|2009:1|2010:3|2015:1
Elbow,8,2012-08-28,2026-07-16,6,0,2012:1|2024:4|2025:2|2026:1
Electribe 101,8,2006-04-10,2013-03-26,4,0,2006:1|2008:1|2010:1|2012:3|2013:2
"Electronica House, La Mejor Música Electrónica, EDM",8,2025-04-24,2025-04-28,6,0,2025:8
Ella Fitzgerald,8,2008-12-24,2022-12-24,4,0,2008:1|2010:4|2012:1|2022:2
Emma Hewitt,8,2012-05-27,2012-05-27,7,0,2012:8
Emmanuel Santarromana,8,2008-08-17,2012-12-09,2,0,2008:1|2009:2|2010:2|2012:3
Ethel Cain,8,2022-07-25,2025-10-31,4,0,2022:1|2023:1|2025:6
Eyedress,8,2023-06-11,2025-01-13,5,0,2023:3|2024:4|2025:1
Fastball,8,2009-10-09,2023-08-12,4,0,2009:1|2013:1|2017:2|2020:2|2023:2
Fintelligens,8,2008-01-05,2024-04-19,5,0,2008:2|2009:4|2020:1|2024:1
Florida Georgia Line,8,2014-05-27,2025-09-11,5,0,2014:5|2017:1|2021:1|2025:1
forager,8,2026-07-06,2026-07-06,8,0,2026:8
girlhouse,8,2021-02-15,2023-07-30,3,0,2021:4|2022:2|2023:2
Gob,8,2006-03-03,2011-01-01,3,0,2006:2|2007:1|2010:3|2011:2
Goldfrapp,8,2013-08-22,2026-07-16,5,0,2013:1|2014:1|2015:1|2017:3|2019:1|2026:1
Herbie Hancock,8,2013-03-07,2021-11-20,6,0,2013:3|2015:1|2017:3|2021:1
Hotel Costés,8,2012-09-21,2012-09-26,6,0,2012:8
Husky,8,2013-01-16,2024-01-11,6,0,2013:5|2015:1|2024:2
Ingrid Michaelson,8,2012-05-14,2025-09-15,7,0,2012:1|2013:4|2014:1|2019:1|2025:1
Jeff Buckley,8,2009-06-13,2024-08-11,6,0,2009:1|2010:1|2012:2|2013:2|2022:1|2024:1
Jelly Roll,8,2025-05-21,2026-08-07,7,0,2025:7|2026:1
Jimmy London,8,2022-04-08,2022-04-09,8,0,2022:8
Joe P,8,2022-02-21,2023-10-22,3,0,2022:7|2023:1
Johann Sebastian Bach,8,2012-09-30,2012-09-30,8,0,2012:8
João Donato,8,2014-06-11,2017-06-18,5,0,2014:1|2015:2|2017:5
Julien Baker,8,2015-11-25,2026-08-15,7,0,2015:1|2017:1|2020:2|2021:1|2022:1|2023:1|2026:1
Junior Senior,8,2006-03-02,2010-09-05,1,0,2006:4|2007:2|2008:1|2010:1
Junip,8,2013-04-07,2023-06-20,7,0,2013:6|2015:1|2023:1
Jyotitindra Moitra & Ustad Ali Akbar Khan,8,2008-02-22,2010-02-28,2,0,2008:5|2009:1|2010:2
Kasabian,8,2010-01-27,2026-06-01,6,0,2010:2|2017:1|2024:2|2025:2|2026:1
Kelly Rowland,8,2010-08-05,2024-09-03,3,0,2010:6|2012:1|2024:1
Kenny Chesney,8,2009-03-18,2015-09-14,8,0,2009:6|2012:1|2015:1
King Gizzard & The Lizard Wizard,8,2021-01-17,2025-08-13,6,0,2021:1|2022:3|2023:1|2024:2|2025:1
King Sunny Ade,8,2007-03-19,2011-01-14,1,0,2007:1|2008:1|2009:2|2010:3|2011:1
Kotiteollisuus,8,2006-04-02,2010-10-01,1,0,2006:3|2007:2|2010:3
L7,8,2023-09-16,2026-07-21,7,0,2023:2|2026:6
Lemongrass,8,2012-07-15,2021-06-22,5,0,2012:1|2013:2|2015:1|2016:1|2017:1|2021:2
Lianne La Havas,8,2014-06-03,2026-05-26,6,0,2014:1|2015:2|2020:2|2026:3
Liza Anne,8,2015-03-23,2023-11-01,5,0,2015:2|2020:1|2021:1|2023:4
Louisa Mark,8,2022-04-08,2022-10-21,2,0,2022:8
Louise Attaque,8,2025-02-13,2025-12-15,3,0,2025:8
Lucius,8,2015-01-24,2026-03-03,7,0,2015:2|2017:2|2019:1|2022:2|2026:1
Ludovico Einaudi,8,2013-03-13,2025-02-23,8,0,2013:6|2025:2
Luis Bacalov,8,2006-12-14,2010-09-30,2,0,2006:1|2007:1|2009:1|2010:5
Lusine,8,2010-08-07,2015-12-11,4,0,2010:4|2013:3|2015:1
Macy Gray,8,2006-06-29,2013-04-14,4,0,2006:1|2007:4|2009:1|2013:2
Maddie Poppe,8,2025-05-30,2025-06-08,2,0,2025:8
Marcus & Martinus,8,2024-05-12,2025-04-18,1,0,2024:6|2025:2
Maria BC,8,2026-03-02,2026-03-02,5,0,2026:8
Mark Rae feat. Veba,8,2006-04-08,2012-12-08,1,0,2006:1|2007:3|2008:1|2010:2|2012:1
Marvin Gaye,8,2006-12-01,2024-07-26,4,0,2006:1|2008:2|2010:2|2015:2|2024:1
Matthew E. White,8,2015-03-23,2026-07-24,7,0,2015:3|2016:1|2024:1|2026:3
Maxïmo Park,8,2007-09-20,2012-04-27,1,0,2007:1|2008:1|2009:2|2010:3|2012:1
maya ongaku,8,2026-08-12,2026-08-12,8,0,2026:8
Megan Thee Stallion,8,2020-04-23,2024-07-14,5,0,2020:1|2021:1|2023:2|2024:4
Michael Nau,8,2019-06-30,2023-12-06,4,0,2019:3|2023:5
Mikael Gabriel,8,2024-02-18,2024-03-09,1,0,2024:8
mr tout le monde,8,2022-06-17,2022-09-14,8,0,2022:8
Mr. President,8,2006-06-14,2012-05-23,3,0,2006:1|2009:3|2010:3|2012:1
MS MR,8,2013-07-28,2020-10-25,3,0,2013:2|2014:2|2017:3|2020:1
Neil Young & Crazy Horse,8,2015-06-30,2015-06-30,8,0,2015:8
Nicky Romero,8,2013-03-16,2024-05-24,7,0,2013:2|2014:1|2017:1|2021:2|2024:2
Nina Simone,8,2006-12-28,2020-08-28,5,0,2006:1|2007:1|2010:1|2013:1|2015:1|2017:2|2020:1
NONONO,8,2014-01-15,2021-08-22,3,0,2014:4|2015:1|2017:2|2021:1
Novo Amor,8,2017-09-21,2024-02-27,5,0,2017:1|2020:1|2021:1|2023:4|2024:1
Nuvo Orchestra 누보 오케스트라,8,2022-04-13,2022-04-16,7,0,2022:8
Omar Apollo,8,2019-09-05,2026-05-17,7,0,2019:1|2020:2|2022:1|2023:2|2024:1|2026:1
Otto,8,2006-02-27,2010-11-29,1,0,2006:3|2007:1|2008:1|2010:3
Pavement,8,2017-01-18,2026-07-20,6,0,2017:2|2020:1|2026:5
Pharrell Williams,8,2014-01-13,2026-08-03,4,0,2014:2|2015:2|2023:2|2024:1|2026:1
Pixey,8,2020-11-02,2024-03-11,5,0,2020:2|2021:3|2023:2|2024:1
Porridge Radio,8,2020-10-08,2026-03-25,7,0,2020:1|2021:1|2025:3|2026:3
Porter Robinson,8,2012-06-01,2025-06-05,7,0,2012:1|2013:1|2014:1|2016:2|2017:2|2025:1
Pusha T,8,2019-07-05,2023-08-21,4,0,2019:1|2022:1|2023:6
R3hab,8,2013-03-22,2024-05-24,7,0,2013:1|2017:4|2021:1|2024:2
Ra Ra Riot,8,2012-05-07,2021-12-12,5,0,2012:1|2013:1|2016:1|2019:2|2021:3
Rangitoto,8,2023-09-05,2023-09-11,5,0,2023:8
Rhye,8,2014-01-16,2020-11-02,6,0,2014:1|2017:4|2019:2|2020:1
Roy Orbison,8,2008-12-30,2026-02-20,8,0,2008:1|2012:3|2013:3|2026:1
Rölli,8,2020-11-18,2021-08-09,4,0,2020:1|2021:7
Saara Aalto,8,2018-03-02,2020-12-20,6,0,2018:4|2020:4
Seun Kuti & Egypt 80,8,2013-12-11,2014-11-20,8,0,2013:7|2014:1
Sexmane,8,2022-08-21,2024-02-24,2,0,2022:1|2024:7
Sienna Spiro,8,2025-09-14,2026-07-03,6,0,2025:2|2026:6
Sigrid,8,2019-06-28,2025-10-31,7,0,2019:4|2022:1|2024:1|2025:2
Siiri Nordin,8,2006-04-02,2021-08-09,2,0,2006:1|2008:2|2010:1|2020:2|2021:2
Somnambule,8,2025-03-19,2025-03-22,5,0,2025:8
somni,8,2021-03-01,2023-10-22,6,0,2021:5|2023:3
Status Quo,8,2006-11-03,2023-06-16,3,0,2006:1|2009:1|2010:2|2023:4
STR4TA,8,2022-12-01,2024-05-15,5,0,2022:3|2023:1|2024:4
Susumu Yokota,8,2014-05-01,2026-08-24,6,0,2014:1|2026:7
Sweetbox,8,2006-03-02,2009-12-03,3,0,2006:1|2009:7
Tall Tree 6ft Man,8,2015-08-24,2020-08-12,8,0,2015:7|2020:1
"Taylor Swift, Brendon Urie",8,2020-02-28,2025-09-19,2,0,2020:2|2024:2|2025:4
Teddy Swims,8,2021-03-04,2026-08-07,7,0,2021:1|2023:2|2024:1|2025:1|2026:3
Thalía,8,2006-04-01,2017-07-31,2,0,2006:2|2007:1|2008:1|2009:1|2010:2|2017:1
The Barr Brothers,8,2014-11-30,2018-01-05,4,0,2014:2|2015:2|2017:3|2018:1
The Kid LAROI,8,2021-01-30,2025-10-16,7,0,2021:2|2023:1|2024:2|2025:3
The New Pornographers,8,2010-11-24,2021-10-27,7,0,2010:5|2012:1|2021:2
The Tubs,8,2026-01-26,2026-01-26,8,0,2026:8
The Vaccines,8,2019-05-21,2024-08-09,5,0,2019:2|2022:2|2023:2|2024:2
The Virgins,8,2012-08-04,2020-10-25,3,0,2012:5|2013:2|2020:1
The Wannadies,8,2007-09-12,2010-08-18,4,0,2007:3|2008:2|2009:2|2010:1
The Womack Sisters,8,2026-08-16,2026-08-16,8,0,2026:8
Tito & Tarantula,8,2006-04-26,2009-11-30,1,0,2006:2|2007:3|2008:2|2009:1
"Tyler, The Creator",8,2020-07-31,2026-03-23,7,0,2020:2|2023:1|2025:2|2026:3
Unwritten Law,8,2011-01-03,2026-05-10,4,0,2011:4|2025:3|2026:1
Voltair,8,2006-02-27,2008-01-05,2,0,2006:5|2007:2|2008:1
Westlife,8,2006-10-27,2012-05-14,2,0,2006:1|2007:1|2008:1|2009:1|2010:3|2012:1
Wim Mertens,8,2006-04-01,2012-04-26,1,0,2006:3|2007:1|2010:2|2011:1|2012:1
Yo-Yo Ma,8,2009-05-27,2010-12-07,8,0,2009:3|2010:5
Ysaye Quartet,8,2006-03-16,2010-05-07,1,0,2006:4|2008:1|2009:1|2010:2
Yves Montand,8,2006-04-07,2012-12-08,2,0,2006:2|2007:3|2009:1|2012:2
Yves Tumor,8,2017-04-26,2025-01-13,6,0,2017:1|2020:1|2021:1|2023:2|2025:3
植松伸夫,8,2012-11-15,2022-04-18,8,0,2012:1|2013:5|2022:2
*NSYNC,7,2008-12-24,2022-12-24,4,0,2008:1|2010:3|2012:1|2022:2
A New Funky Generation,7,2006-04-10,2012-05-27,2,0,2006:2|2008:1|2009:1|2010:1|2011:1|2012:1
Aaliyah,7,2008-11-26,2022-10-20,3,0,2008:2|2009:3|2010:1|2022:1
Acute,7,2007-07-24,2011-01-11,1,0,2007:1|2008:3|2009:1|2010:1|2011:1
Agnes Obel,7,2012-07-20,2026-07-16,4,0,2012:1|2015:4|2024:1|2026:1
Aikakone,7,2024-12-28,2025-03-01,3,0,2024:1|2025:6
Alessandra,7,2023-05-17,2024-07-16,2,0,2023:5|2024:2
Alex Lustig,7,2019-09-05,2021-06-22,2,0,2019:1|2021:6
Alla Pugacheva,7,2021-12-12,2021-12-12,7,0,2021:7
Aloe Blacc,7,2012-08-04,2021-03-04,4,0,2012:2|2014:2|2015:1|2021:2
Altin Gün,7,2026-02-23,2026-02-23,7,0,2026:7
Aly & Fila,7,2012-07-28,2017-11-27,4,0,2012:3|2016:3|2017:1
Andy Grammer,7,2013-09-23,2025-05-21,7,0,2013:1|2015:1|2022:1|2025:4
Animal Liberation Orchestra,7,2012-05-10,2012-05-24,4,0,2012:7
Ann Peebles,7,2017-10-22,2017-10-22,7,0,2017:7
Anna Eriksson,7,2012-12-01,2012-12-01,6,0,2012:7
Anne Hathaway,7,2026-04-21,2026-04-21,7,0,2026:7
Architecture in Helsinki,7,2007-08-14,2015-01-24,6,0,2007:3|2012:1|2013:1|2014:1|2015:1
Atomic Kitten,7,2006-03-30,2023-02-13,4,0,2006:1|2007:2|2008:1|2009:2|2023:1
BADBADNOTGOOD,7,2014-11-20,2019-11-25,4,0,2014:1|2015:2|2019:4
Bassnectar,7,2013-03-22,2017-11-27,6,0,2013:3|2017:4
Birds of Tokyo,7,2013-05-14,2013-05-14,7,0,2013:7
"Black Country, New Road",7,2020-12-09,2026-03-25,7,0,2020:1|2023:1|2025:1|2026:4
Black Kids,7,2012-06-27,2013-04-18,3,0,2012:6|2013:1
Blonde Redhead,7,2013-09-21,2024-07-15,4,0,2013:1|2023:2|2024:4
Blue Lagoon,7,2007-10-02,2015-05-26,2,0,2007:2|2008:2|2011:1|2012:1|2015:1
Bonny Light Horseman,7,2020-07-31,2021-03-14,3,0,2020:3|2021:4
Branches,7,2015-09-07,2020-12-30,3,0,2015:6|2020:1
Brand New,7,2007-07-24,2017-04-10,1,0,2007:2|2010:4|2017:1
Broken Social Scene,7,2017-08-12,2026-05-08,7,0,2017:1|2026:6
Brown Bird,7,2015-04-01,2018-01-05,2,0,2015:6|2018:1
Burning Brides,7,2010-02-04,2011-06-28,1,0,2010:4|2011:3
Buzzin' Fly,7,2008-09-20,2010-11-16,6,0,2008:2|2009:2|2010:3
Calexico,7,2013-01-16,2026-05-15,7,0,2013:1|2019:1|2026:5
Cali & El Dandee,7,2012-04-28,2017-09-20,4,0,2012:4|2017:3
Caroline Rose,7,2023-07-17,2026-08-14,4,0,2023:1|2026:6
Carpenters,7,2007-12-23,2010-12-26,2,0,2007:2|2008:2|2010:3
Cavetown,7,2020-03-23,2024-03-11,5,0,2020:4|2022:2|2024:1
Chali 2na/DJ Nu-Mark,7,2006-03-14,2009-12-11,1,0,2006:2|2007:1|2008:1|2009:3
Chance the Rapper,7,2018-01-04,2021-02-20,6,0,2018:1|2019:5|2021:1
Cheat Codes,7,2017-04-18,2025-04-09,5,0,2017:3|2024:1|2025:3
Chico Buarque & Quarteto Em Cy,7,2006-02-27,2008-10-31,1,0,2006:3|2007:3|2008:1
Chris Medina,7,2013-09-21,2020-12-24,7,0,2013:6|2020:1
Christina Perri,7,2012-05-14,2023-06-17,2,0,2012:1|2013:2|2020:2|2023:2
Citizen Cope,7,2009-12-01,2013-03-18,3,0,2009:1|2010:5|2013:1
Clara Luciani,7,2022-10-22,2025-11-24,6,0,2022:1|2025:6
Claudio Capéo,7,2025-03-09,2025-12-04,4,0,2025:7
dad sports,7,2020-11-22,2024-02-22,4,0,2020:5|2023:1|2024:1
Dada Life,7,2012-06-01,2013-03-22,7,0,2012:1|2013:6
Dahab,7,2012-04-07,2012-04-08,7,0,2012:7
Dan + Shay,7,2014-05-27,2022-12-24,5,0,2014:3|2015:1|2021:2|2022:1
Danny Elfman,7,2012-12-25,2017-06-14,7,0,2012:1|2015:2|2016:2|2017:2
Dawes,7,2015-11-25,2025-08-18,5,0,2015:1|2017:3|2020:2|2025:1
Dustin Tebbutt,7,2015-03-02,2023-04-07,4,0,2015:3|2017:1|2020:1|2021:1|2023:1
Eino ja Aapeli,7,2020-10-13,2024-03-20,6,0,2020:5|2021:1|2024:1
Elastinen,7,2020-11-09,2023-02-25,7,0,2020:6|2023:1
Elderbrook,7,2019-08-27,2026-08-28,5,0,2019:3|2022:2|2026:2
Ella Eyre,7,2014-11-30,2025-07-21,5,0,2014:2|2015:3|2017:1|2025:1
Eric Carmen,7,2006-11-07,2026-02-20,2,0,2006:1|2008:2|2010:1|2013:2|2026:1
Erika Vikman,7,2020-11-11,2025-06-13,3,0,2020:1|2024:1|2025:5
Errol Dunkley,7,2021-11-12,2022-10-21,4,0,2021:1|2022:6
Etta James,7,2010-11-28,2024-09-03,7,0,2010:1|2013:4|2015:1|2024:1
Fefe Dobson,7,2017-04-21,2023-02-12,6,0,2017:1|2021:5|2023:1
Fingathing,7,2008-08-17,2010-08-15,1,0,2008:2|2009:2|2010:3
Flying Lotus,7,2015-04-20,2026-07-23,7,0,2015:4|2019:1|2021:1|2026:1
Fool's Garden,7,2007-10-06,2013-08-21,1,0,2007:1|2008:1|2009:1|2010:1|2011:1|2012:1|2013:1
Frank Zappa,7,2006-03-01,2010-03-02,4,0,2006:3|2007:2|2009:1|2010:1
Freeman,7,2008-07-13,2010-03-23,4,0,2008:3|2009:1|2010:3
Gallway Flex,7,2021-02-21,2021-06-22,1,0,2021:7
Gente de Zona,7,2017-09-20,2017-09-20,7,0,2017:7
Gilles Peterson's Havana Cultura Band,7,2015-01-19,2018-01-21,7,0,2015:5|2018:2
Gold Fields,7,2013-03-22,2013-04-19,4,0,2013:7
HalfNoise,7,2015-09-03,2024-02-18,4,0,2015:1|2019:1|2023:2|2024:3
Helena Deland,7,2020-10-19,2024-02-04,5,0,2020:3|2023:2|2024:2
Hermanos Gutiérrez,7,2023-11-22,2025-12-17,4,0,2023:3|2024:2|2025:2
Hippo Campus,7,2019-08-27,2023-06-19,5,0,2019:2|2021:2|2022:2|2023:1
Holly Humberstone,7,2023-10-19,2024-01-15,3,0,2023:6|2024:1
Hope Tala,7,2019-11-26,2026-05-26,6,0,2019:1|2020:3|2021:1|2026:2
Hypnotic Brass Ensemble,7,2009-07-27,2012-04-14,6,0,2009:2|2012:5
Icona Pop,7,2013-05-24,2020-10-25,4,0,2013:2|2014:2|2015:1|2017:1|2020:1
Ilta,7,2020-12-24,2024-05-12,4,0,2020:2|2021:1|2023:3|2024:1
Intergalactic Lovers,7,2012-03-27,2024-10-02,1,0,2012:4|2013:1|2015:1|2024:1
J. Cole,7,2019-05-16,2026-07-06,6,0,2019:2|2020:2|2026:3
Jack White,7,2013-08-19,2026-07-10,6,0,2013:1|2014:1|2023:2|2025:1|2026:2
Jackie Hayes,7,2021-08-02,2022-09-14,6,0,2021:6|2022:1
Jackie Mittoo,7,2015-08-18,2022-10-21,5,0,2015:1|2022:6
Jade Bird,7,2017-12-27,2024-08-08,5,0,2017:1|2020:3|2021:2|2024:1
Jamie xx,7,2012-07-28,2026-09-02,4,0,2012:1|2022:5|2026:1
Jay Electronica,7,2012-04-07,2026-02-03,2,0,2012:3|2013:2|2015:1|2026:1
Jeck,7,2025-10-23,2025-11-26,3,0,2025:7
Jet,7,2006-11-06,2014-12-14,3,0,2006:1|2007:2|2010:1|2012:1|2014:2
Jim-E Stack,7,2014-12-01,2020-11-02,3,0,2014:3|2015:1|2020:3
Joan as Police Woman,7,2007-07-30,2025-01-29,6,0,2007:1|2017:1|2024:1|2025:4
Johnny Clarke,7,2007-09-12,2022-04-09,5,0,2007:1|2022:6
Johnny Flynn,7,2014-05-01,2026-07-22,4,0,2014:1|2015:3|2020:2|2026:1
Jonathan Groff,7,2019-06-08,2022-05-17,2,0,2019:1|2020:1|2022:5
Joshua Radin,7,2012-05-11,2015-09-17,2,0,2012:1|2015:6
Joyce,7,2006-02-27,2017-10-27,4,0,2006:2|2009:2|2010:1|2017:2
Jérémy Frerot,7,2025-03-11,2025-11-24,3,0,2025:7
Kassa Overall,7,2022-12-04,2025-09-04,4,0,2022:2|2023:1|2024:2|2025:2
Kehlani,7,2019-07-05,2026-04-29,7,0,2019:1|2021:1|2024:1|2026:4
Kelis,7,2008-12-30,2012-06-21,6,0,2008:2|2012:5
Keri Hilson,7,2009-08-07,2010-01-27,1,0,2009:6|2010:1
Kim Hiorthøy,7,2026-02-25,2026-02-27,2,0,2026:7
Kishi Bashi,7,2014-01-15,2015-11-25,3,0,2014:2|2015:5
Koala,7,2013-03-06,2013-03-06,7,0,2013:7
Laura Thorn,7,2025-05-20,2025-11-13,1,0,2025:7
LeAnn Rimes,7,2006-11-07,2022-10-20,2,0,2006:1|2008:1|2010:3|2022:2
"Lena Raine, Minecraft",7,2025-01-18,2025-09-08,4,0,2025:7
Leon Bridges,7,2015-07-03,2026-06-05,6,0,2015:4|2020:1|2025:1|2026:1
Leona Lewis,7,2008-12-29,2022-12-24,6,0,2008:3|2014:1|2021:1|2022:2
Lilly Wood & The Prick,7,2012-07-20,2015-11-16,6,0,2012:4|2014:1|2015:2
Lionel Richie,7,2006-11-03,2015-12-08,6,0,2006:2|2007:2|2012:1|2013:1|2015:1
Lowland,7,2012-05-27,2012-07-29,5,0,2012:7
Maddie Ashman,7,2026-07-06,2026-07-06,7,0,2026:7
Madge,7,2019-09-05,2023-11-06,2,0,2019:1|2023:6
Mamba,7,2008-08-06,2013-12-06,7,0,2008:1|2009:1|2010:2|2011:1|2012:1|2013:1
Man Man,7,2012-09-19,2012-10-01,7,0,2012:7
Marah,7,2006-03-30,2010-10-01,1,0,2006:1|2008:2|2009:1|2010:3
Marcos Valle,7,2006-02-27,2024-07-12,4,0,2006:2|2010:1|2024:4
Maria McKee,7,2006-09-19,2026-06-05,3,0,2006:1|2007:1|2010:2|2011:2|2026:1
Marissa Nadler,7,2015-03-20,2020-08-12,4,0,2015:6|2020:1
Mark Ronson & The Business Intl,7,2012-08-04,2013-04-19,3,0,2012:5|2013:2
Marsmobil,7,2009-08-11,2021-04-09,1,0,2009:2|2010:1|2011:1|2012:1|2013:1|2021:1
Maruja,7,2026-01-27,2026-03-25,5,0,2026:7
Maurice Williams & The Zodiacs,7,2006-06-11,2010-05-06,1,0,2006:4|2007:1|2008:1|2010:1
Maxim feat. Skin,7,2006-11-19,2010-10-12,1,0,2006:1|2007:1|2008:2|2010:3
MC Hammer,7,2007-04-11,2013-08-21,3,0,2007:2|2008:2|2010:1|2011:1|2013:1
Men at Work,7,2007-09-28,2011-08-28,1,0,2007:3|2008:1|2009:1|2010:1|2011:1
Men I Trust,7,2017-10-24,2024-01-14,6,0,2017:1|2020:1|2022:2|2023:2|2024:1
Midlake,7,2010-08-07,2026-07-28,3,0,2010:4|2013:2|2026:1
MIYNT,7,2019-09-17,2023-07-17,4,0,2019:1|2022:4|2023:2
Mk.gee,7,2020-07-30,2025-06-12,6,0,2020:1|2023:1|2024:1|2025:4
Mohammad Alizadeh,7,2025-12-30,2025-12-30,7,0,2025:7
Montgomery Gentry,7,2008-12-24,2014-10-09,5,0,2008:2|2009:1|2014:4
Moonchild,7,2014-12-10,2026-01-25,4,0,2014:1|2015:1|2017:2|2020:2|2026:1
Mott the Hoople,7,2017-05-02,2026-01-12,2,0,2017:1|2020:1|2021:2|2025:1|2026:2
Mount Kimbie,7,2013-08-09,2018-01-05,5,0,2013:2|2014:1|2015:2|2016:1|2018:1
Munamies,7,2021-08-08,2023-10-15,3,0,2021:2|2022:4|2023:1
My Morning Jacket,7,2012-05-12,2022-08-25,6,0,2012:4|2020:2|2022:1
Nara Leão,7,2015-03-15,2017-07-02,4,0,2015:3|2017:4
Neon Indian,7,2012-05-05,2013-04-16,1,0,2012:5|2013:2
Nipsey Hussle,7,2019-05-16,2021-02-20,4,0,2019:6|2021:1
NOFX,7,2026-04-12,2026-09-04,6,0,2026:7
Noname,7,2017-04-04,2020-10-13,5,0,2017:2|2019:3|2020:2
Omi,7,2014-12-17,2023-06-23,3,0,2014:1|2015:4|2017:1|2023:1
Oumou Sangare,7,2008-12-30,2026-05-18,5,0,2008:1|2011:3|2013:1|2026:2
Papa Roach,7,2012-05-03,2026-06-07,6,0,2012:2|2017:1|2025:1|2026:3
Paperclip Minimiser,7,2026-03-13,2026-03-13,7,0,2026:7
Parcels,7,2017-06-29,2026-02-20,6,0,2017:1|2019:4|2024:1|2026:1
Parts & Labor,7,2026-07-12,2026-07-12,7,0,2026:7
Peter Sarstedt,7,2008-02-22,2026-07-22,2,0,2008:3|2009:1|2010:1|2012:1|2026:1
Petey,7,2023-07-11,2023-11-04,2,0,2023:7
Rachel Portman,7,2016-02-04,2017-11-28,4,0,2016:4|2017:3
Raskasta Joulua,7,2022-12-25,2023-12-02,6,0,2022:5|2023:2
Rilo Kiley,7,2007-11-03,2012-10-01,2,0,2007:2|2008:2|2011:1|2012:2
Rina Sawayama,7,2020-04-06,2026-02-23,6,0,2020:1|2021:1|2022:1|2026:4
Robin Schulz,7,2015-05-26,2023-11-07,4,0,2015:5|2017:1|2023:1
Rod Stewart,7,2008-02-24,2021-12-24,5,0,2008:1|2009:1|2010:1|2012:1|2020:2|2021:1
Rufus Wainwright,7,2007-07-30,2021-09-14,3,0,2007:1|2008:1|2009:1|2010:3|2021:1
RY X,7,2015-03-23,2026-08-28,6,0,2015:2|2020:1|2022:1|2023:2|2026:1
Sander van Doorn,7,2013-03-22,2017-09-18,5,0,2013:4|2017:3
Sara Siipola,7,2024-02-18,2024-02-24,1,0,2024:7
Saya Gray,7,2020-10-12,2025-03-19,6,0,2020:2|2022:1|2023:1|2025:3
Scratch Massive,7,2012-03-27,2014-08-19,1,0,2012:4|2013:2|2014:1
Seinabo Sey,7,2014-08-19,2025-05-30,5,0,2014:3|2015:2|2022:1|2025:1
Seth Avett & Jessica Lea Mayfield,7,2015-03-20,2015-11-25,2,0,2015:7
SG Lewis,7,2019-09-25,2026-08-28,4,0,2019:3|2024:2|2026:2
Sini Sabotage,7,2024-02-18,2024-02-24,1,0,2024:7
Sinéad O'Connor,7,2007-11-01,2026-05-24,4,0,2007:2|2008:1|2012:1|2025:1|2026:2
Slackwax,7,2012-03-27,2024-10-02,1,0,2012:4|2013:1|2015:1|2024:1
Sleigh Bells,7,2012-05-13,2017-05-19,3,0,2012:2|2013:2|2015:1|2017:2
Snail Mail,7,2019-06-30,2022-05-04,3,0,2019:2|2022:5
spill tab,7,2021-05-03,2026-08-21,7,0,2021:1|2022:1|2023:1|2025:1|2026:3
Sponge,7,2009-10-09,2026-04-30,2,0,2009:1|2015:1|2017:1|2022:1|2023:2|2026:1
Stromae,7,2010-06-25,2026-01-12,2,0,2010:4|2025:1|2026:2
Sunlounger,7,2012-05-27,2016-02-02,4,0,2012:5|2016:2
Takumi Kato,7,2006-04-08,2012-12-08,1,0,2006:2|2007:2|2010:2|2012:1
Telefon Tel Aviv,7,2012-07-19,2013-05-30,5,0,2012:1|2013:6
Texas,7,2006-12-14,2010-07-28,2,0,2006:1|2008:1|2009:3|2010:2
The Alchemist,7,2008-02-11,2026-03-23,5,0,2008:2|2010:1|2026:4
The Almost,7,2007-07-24,2010-11-19,1,0,2007:2|2009:1|2010:4
The Breeders,7,2015-09-03,2026-07-20,5,0,2015:1|2017:2|2023:1|2025:1|2026:2
The Chipmunks,7,2007-12-23,2010-12-30,2,0,2007:2|2008:1|2010:4
The Doobie Brothers,7,2007-07-28,2025-08-08,5,0,2007:3|2008:1|2012:1|2025:2
The In Crowd,7,2021-11-12,2022-10-21,3,0,2021:1|2022:6
The Kills,7,2012-10-01,2026-07-16,7,0,2012:4|2013:1|2025:1|2026:1
The La's,7,2012-05-13,2026-07-16,2,0,2012:1|2015:1|2017:1|2021:1|2023:1|2026:2
The Limp Twins,7,2006-04-08,2012-12-08,1,0,2006:1|2007:2|2008:1|2010:2|2012:1
The Mighty Mighty Bosstones,7,2009-07-08,2021-06-12,3,0,2009:3|2012:1|2017:2|2021:1
The Notorious B.I.G.,7,2007-10-26,2013-08-21,3,0,2007:1|2008:1|2009:1|2010:2|2013:2
The Pharcyde,7,2007-10-27,2026-02-03,4,0,2007:1|2008:1|2009:1|2010:2|2017:1|2026:1
The Stranglers,7,2021-12-10,2026-05-09,3,0,2021:1|2023:5|2026:1
The Thermals,7,2011-06-05,2011-06-17,5,0,2011:7
The Weepies,7,2013-03-15,2015-09-17,4,0,2013:3|2015:4
Thomas Newman,7,2015-11-30,2017-11-28,5,0,2015:2|2017:5
Timbaland,7,2010-04-30,2013-04-04,5,0,2010:6|2013:1
Timo Lassy,7,2013-04-11,2015-08-13,6,0,2013:6|2015:1
TLC,7,2008-12-30,2017-05-24,3,0,2008:2|2009:1|2012:1|2015:2|2017:1
TOKiMONSTA,7,2013-04-19,2025-04-09,5,0,2013:1|2015:1|2017:1|2019:2|2025:2
Tomberlin,7,2020-08-12,2023-04-07,4,0,2020:5|2021:1|2023:1
Toquinho,7,2006-02-27,2017-06-17,2,0,2006:2|2007:1|2008:1|2010:1|2015:1|2017:1
Tracy Chapman,7,2013-03-23,2024-07-06,3,0,2013:2|2015:1|2022:1|2023:2|2024:1
Tyler Hilton,7,2006-11-06,2015-07-09,3,0,2006:2|2007:2|2015:3
Uncle Kracker,7,2006-02-28,2013-09-23,4,0,2006:3|2007:2|2010:1|2013:1
Uriah Heep,7,2006-03-03,2007-03-31,6,0,2006:6|2007:1
Vadim Repin,7,2011-06-15,2026-03-30,7,0,2011:6|2026:1
Waldeck,7,2009-08-11,2021-04-09,3,0,2009:1|2013:3|2015:2|2021:1
Warpaint,7,2014-01-16,2026-03-12,6,0,2014:1|2017:5|2026:1
Washed Out,7,2012-07-20,2020-12-19,5,0,2012:1|2013:5|2020:1
Watch TV,7,2006-04-08,2012-12-08,1,0,2006:2|2007:2|2010:1|2011:1|2012:1
Wet Wet Wet,7,2007-04-25,2021-09-16,2,0,2007:2|2008:1|2009:2|2010:1|2021:1
Wizkid,7,2023-04-10,2025-05-28,5,0,2023:6|2025:1
Yin Yin,7,2026-01-29,2026-01-29,6,0,2026:7
Yola,7,2020-10-13,2025-09-08,4,0,2020:2|2021:1|2023:1|2025:3
YUNGBLUD,7,2023-01-18,2026-05-09,6,0,2023:3|2025:3|2026:1
Yves Larock (Remixed by Klement Bonelli & Yann DL),7,2007-03-08,2010-11-21,1,0,2007:2|2009:2|2010:3
Yvonne Elliman,7,2008-08-07,2011-07-20,1,0,2008:3|2009:1|2010:2|2011:1
Zach Bryan,7,2023-10-19,2025-10-31,6,0,2023:2|2024:3|2025:2
ØXN,7,2026-03-05,2026-03-09,6,0,2026:7
€urocrats,7,2019-06-07,2019-06-07,7,0,2019:7
45 Dip,6,2006-04-08,2021-04-11,2,0,2006:1|2008:1|2009:1|2010:1|2012:1|2021:1
A R Rahman ft. Madhumitha,6,2009-05-17,2010-07-24,1,0,2009:2|2010:4
AFI,6,2006-05-10,2010-02-07,2,0,2006:2|2007:1|2008:1|2009:1|2010:1
Ainoa,6,2024-09-28,2025-12-13,2,0,2024:5|2025:1
Airto Moreira,6,2006-04-11,2015-09-28,2,0,2006:5|2015:1
Aisha Badru,6,2017-09-21,2021-03-14,5,0,2017:2|2019:1|2020:1|2021:2
Al Campbell,6,2022-04-09,2022-10-21,3,0,2022:6
Alex Warren,6,2024-02-21,2026-01-30,4,0,2024:1|2025:3|2026:2
Alexi Murdoch,6,2012-05-10,2021-08-22,2,0,2012:1|2015:4|2021:1
Alma,6,2017-03-28,2022-08-21,5,0,2017:2|2019:2|2020:1|2022:1
American Hi-Fi,6,2010-08-18,2021-09-01,5,0,2010:1|2011:2|2013:2|2021:1
Amos Lee,6,2012-05-10,2019-06-06,6,0,2012:2|2013:2|2014:1|2019:1
Angèle,6,2025-09-08,2026-08-28,6,0,2025:3|2026:3
Another Sky,6,2019-09-09,2025-03-13,4,0,2019:1|2023:1|2024:3|2025:1
Antenna!,6,2021-02-15,2021-02-15,6,0,2021:6
Anya Marina,6,2009-10-21,2010-10-11,2,0,2009:1|2010:5
Arca,6,2021-01-21,2026-08-21,5,0,2021:1|2022:1|2025:2|2026:2
Augustana,6,2012-06-13,2026-03-12,3,0,2012:3|2017:1|2020:1|2026:1
"Avril Lavigne, blackbear",6,2025-02-05,2025-06-08,2,0,2025:6
Axwell /\ Ingrosso,6,2017-02-15,2025-03-27,4,0,2017:4|2021:1|2025:1
Azumi Inoue,6,2022-04-14,2023-12-07,3,0,2022:4|2023:2
Baby Queen,6,2021-05-03,2024-07-16,4,0,2021:2|2022:1|2023:2|2024:1
Baden Powell,6,2006-02-27,2017-06-18,3,0,2006:3|2007:1|2010:1|2017:1
Baha Men,6,2007-03-31,2022-10-20,2,0,2007:1|2008:1|2009:1|2010:1|2015:1|2022:1
BANKS,6,2014-06-03,2019-08-15,5,0,2014:1|2015:1|2017:1|2019:3
Bazzi,6,2019-06-15,2024-06-21,6,0,2019:2|2020:3|2024:1
Ben Lee,6,2015-01-24,2015-10-02,2,0,2015:6
Benny Benassi,6,2012-05-18,2021-03-15,6,0,2012:2|2013:1|2017:2|2021:1
Bill Evans,6,2015-09-07,2017-09-13,4,0,2015:4|2017:2
Bill Withers,6,2006-05-12,2014-01-12,4,0,2006:1|2008:2|2010:2|2014:1
Billy Bragg,6,2026-04-17,2026-04-20,2,0,2026:6
Biosphere,6,2012-10-28,2026-08-24,4,0,2012:1|2026:5
Black Sabbath,6,2006-09-08,2009-11-05,3,0,2006:1|2007:2|2008:2|2009:1
Blake Shelton,6,2009-10-17,2014-05-28,4,0,2009:1|2012:2|2013:1|2014:2
Bomfunk MC's,6,2006-06-14,2011-01-10,3,0,2006:1|2007:4|2011:1
Boozoo Bajou,6,2012-04-01,2013-02-06,2,0,2012:5|2013:1
BossaCucaNova,6,2006-02-27,2010-01-04,1,0,2006:3|2008:2|2010:1
Boy & Bear,6,2014-10-08,2019-07-21,4,0,2014:3|2015:2|2019:1
Boyish,6,2021-02-15,2024-04-30,3,0,2021:4|2022:1|2024:1
Boyz II Men,6,2008-12-24,2017-05-15,2,0,2008:1|2010:4|2017:1
Brandi Carlile,6,2012-07-14,2025-11-12,3,0,2012:4|2023:1|2025:1
Brigitte Fontaine,6,2012-03-27,2024-10-02,1,0,2012:4|2013:1|2024:1
BSO Love Actually,6,2008-12-24,2011-01-19,5,0,2008:2|2009:1|2011:3
Butterfly Boucher,6,2006-09-04,2010-10-15,1,0,2006:2|2007:3|2010:1
BØRNS,6,2017-08-07,2024-06-02,3,0,2017:1|2024:5
Canned Heat,6,2009-12-12,2021-12-10,3,0,2009:1|2010:1|2011:1|2012:1|2013:1|2021:1
Car Seat Headrest,6,2024-08-11,2025-11-21,5,0,2024:1|2025:5
Caribou,6,2013-03-04,2022-04-13,4,0,2013:5|2022:1
Cass McCombs,6,2014-01-15,2026-07-24,4,0,2014:1|2019:1|2026:4
Cassius,6,2008-03-02,2026-09-04,5,0,2008:1|2012:3|2026:2
Cautious Clay,6,2019-09-05,2025-06-03,4,0,2019:1|2020:2|2023:2|2025:1
Celso Fonseca,6,2006-02-27,2010-01-04,1,0,2006:3|2008:1|2009:1|2010:1
Chantal Kreviazuk,6,2009-03-03,2026-05-24,2,0,2009:1|2010:4|2026:1
Cheap Trick,6,2007-08-07,2011-09-09,1,0,2007:2|2008:1|2010:2|2011:1
Chris Rea,6,2012-11-30,2022-12-24,1,0,2012:4|2020:1|2022:1
Churchill,6,2013-04-19,2023-02-12,1,0,2013:1|2014:1|2017:1|2020:1|2022:1|2023:1
Cigarettes After Sex,6,2019-08-27,2025-06-05,4,0,2019:2|2024:3|2025:1
Circa Waves,6,2015-04-08,2025-10-31,5,0,2015:3|2019:1|2020:1|2025:1
Claire Rosinkranz,6,2022-02-21,2026-05-29,5,0,2022:3|2026:3
Claude Monnet presents Monica Nogueira,6,2006-04-08,2012-12-08,1,0,2006:2|2007:2|2010:1|2012:1
Colossus,6,2006-03-14,2010-05-19,1,0,2006:1|2008:1|2009:2|2010:2
Coolio,6,2012-07-14,2017-05-24,1,0,2012:4|2013:1|2017:1
Craig Armstrong,6,2008-04-09,2017-09-29,2,0,2008:2|2009:1|2010:1|2011:1|2017:1
Cœur de Pirate,6,2016-02-04,2025-12-04,6,0,2016:3|2025:3
Damien Jurado,6,2014-01-16,2026-07-24,5,0,2014:1|2015:1|2022:1|2026:3
Daniel Caesar,6,2017-04-04,2025-12-23,5,0,2017:2|2024:1|2025:3
Dave Brubeck,6,2010-10-20,2017-09-12,4,0,2010:1|2013:3|2017:2
Daze,6,2012-05-23,2024-01-02,6,0,2012:2|2024:4
Deep Purple,6,2006-03-02,2020-03-23,2,0,2006:1|2008:1|2009:1|2010:2|2020:1
Deerhunter,6,2010-03-30,2026-07-16,5,0,2010:1|2013:2|2016:1|2026:2
Destiny's Child,6,2007-12-23,2022-10-20,4,0,2007:2|2008:1|2009:1|2022:2
Dimitri Vegas & Like Mike,6,2015-09-24,2024-05-23,5,0,2015:1|2017:4|2024:1
Dina Ögon,6,2023-09-11,2024-03-11,2,0,2023:3|2024:3
DJ Dez,6,2006-03-14,2010-05-07,1,0,2006:1|2007:1|2009:3|2010:1
DJ PoolBoi,6,2019-08-28,2021-03-06,2,0,2019:1|2021:5
DJ Spinna,6,2006-03-14,2010-11-16,1,0,2006:2|2009:2|2010:2
Doctor Jazz's Universal Remedy,6,2008-08-17,2010-10-04,1,0,2008:1|2009:2|2010:3
Doechii,6,2022-07-14,2026-04-13,5,0,2022:1|2024:3|2026:2
Drumagick,6,2006-11-02,2009-12-01,1,0,2006:1|2007:3|2009:2
Duncan Laurence,6,2020-11-28,2026-05-17,2,0,2020:3|2021:1|2026:2
Dutch Rhythm Combo,6,2008-02-24,2013-02-06,2,0,2008:2|2009:1|2010:1|2012:1|2013:1
Echo Soundsystem,6,2006-11-02,2009-11-14,1,0,2006:3|2007:1|2008:1|2009:1
Ed Askew,6,2026-08-06,2026-08-06,6,0,2026:6
Eddy Grant,6,2006-06-30,2015-12-08,2,0,2006:4|2010:1|2015:1
Edwin McCain,6,2012-05-11,2017-04-24,3,0,2012:5|2017:1
Egotrippi,6,2006-04-02,2015-11-20,2,0,2006:3|2007:1|2008:1|2015:1
Ela Minus,6,2024-12-29,2025-08-11,4,0,2024:1|2025:5
Eldridge Holmes,6,2007-04-11,2010-04-18,2,0,2007:1|2008:2|2009:1|2010:2
Elvis Costello,6,2008-04-12,2013-03-15,6,0,2008:1|2009:3|2013:2
Enzo,6,2016-02-03,2016-02-04,6,0,2016:6
Explosions in the Sky,6,2013-02-22,2024-11-04,6,0,2013:1|2014:1|2017:1|2019:1|2023:1|2024:1
fanclubwallet,6,2020-10-16,2022-03-11,3,0,2020:4|2022:2
Faye Webster,6,2019-08-19,2024-01-08,2,0,2019:2|2020:1|2021:1|2023:1|2024:1
Federico Aubele,6,2011-06-05,2013-04-22,3,0,2011:3|2012:1|2013:2
Fitz and the Tantrums,6,2012-05-14,2023-12-18,3,0,2012:1|2015:1|2017:2|2020:1|2023:1
"FKA twigs, Koreless",6,2025-01-23,2026-02-14,1,0,2025:3|2026:3
Flume,6,2013-05-24,2019-06-19,4,0,2013:2|2014:3|2019:1
Freddie Gibbs,6,2015-07-08,2022-08-03,6,0,2015:1|2019:3|2021:1|2022:1
Fritz Reiner,6,2008-02-22,2010-08-05,2,0,2008:3|2009:1|2010:2
Fuzzy & Glad,6,2023-09-06,2023-09-11,4,0,2023:6
GAYLE,6,2025-07-08,2025-07-09,6,0,2025:6
Generationals,6,2019-06-06,2023-06-20,6,0,2019:4|2021:1|2023:1
George Michael,6,2012-07-14,2014-01-13,3,0,2012:4|2014:2
Gladys Knight & The Pips,6,2006-11-18,2024-07-26,3,0,2006:1|2007:2|2014:1|2015:1|2024:1
Gnarls Barkley,6,2007-08-06,2022-02-16,3,0,2007:1|2008:2|2013:1|2021:1|2022:1
Goldfinger/Mest/Good Charlotte,6,2006-06-14,2012-07-30,1,0,2006:1|2007:1|2008:1|2009:1|2012:2
Grabbitz,6,2016-01-11,2023-01-18,3,0,2016:4|2023:2
Grace Pelle,6,2022-01-04,2022-01-07,5,0,2022:6
Great Lake Swimmers,6,2015-03-23,2023-05-18,3,0,2015:3|2017:1|2023:2
Gusttavo Lima,6,2012-07-13,2017-06-13,6,0,2012:1|2013:1|2017:4
Hall & Oates,6,2010-12-24,2015-06-25,4,0,2010:2|2013:2|2014:1|2015:1
Hardwell,6,2012-05-14,2017-09-18,6,0,2012:1|2013:2|2017:3
Hayseed Dixie,6,2015-09-07,2015-09-08,4,0,2015:6
Heather Scott & Lan Sin Lim,6,2017-03-01,2017-05-23,5,0,2017:6
Henry Jamison,6,2017-09-21,2021-08-22,6,0,2017:2|2020:1|2021:3
Hether,6,2021-01-01,2023-10-23,4,0,2021:1|2022:2|2023:3
Hopeton Lewis,6,2022-04-09,2022-10-21,3,0,2022:6
Horsegirl,6,2025-01-21,2025-03-17,5,0,2025:6
Hovvdy,6,2019-11-25,2024-04-30,4,0,2019:1|2022:2|2023:2|2024:1
"HUNTR/X, Ejae, AUDREY NUNA, REI AMI, KPop Demon Hunters Cast",6,2025-11-01,2026-01-12,3,0,2025:4|2026:2
Ice Spice,6,2023-11-30,2025-12-23,3,0,2023:2|2024:2|2025:2
Ilsey,6,2023-06-04,2023-12-20,2,0,2023:6
J Balvin,6,2017-06-17,2025-08-14,6,0,2017:1|2024:1|2025:4
Jacco Gardner,6,2013-04-29,2013-08-11,5,0,2013:6
Jai Wolf,6,2015-12-08,2019-09-27,2,0,2015:1|2017:1|2019:4
Jakatta,6,2012-10-24,2013-04-24,6,0,2012:5|2013:1
Jake Owen,6,2013-11-17,2021-07-25,4,0,2013:2|2014:2|2020:1|2021:1
James Morrison,6,2013-03-23,2019-08-15,4,0,2013:1|2019:5
Jamila Woods,6,2024-01-02,2026-05-26,5,0,2024:3|2026:3
Jan Lisiecki,6,2026-04-21,2026-04-21,5,0,2026:6
Janelle Monáe,6,2023-05-22,2024-05-24,4,0,2023:1|2024:5
Janis Joplin,6,2007-08-07,2013-04-14,3,0,2007:1|2008:1|2010:2|2012:1|2013:1
Janka Nabay,6,2017-04-04,2017-09-04,2,0,2017:6
Jannika B,6,2012-07-13,2024-03-02,5,0,2012:1|2020:1|2021:1|2024:3
Jazz Liberatorz,6,2006-03-14,2009-08-18,1,0,2006:4|2007:1|2009:1
Jellyfish,6,2006-04-10,2023-03-03,2,0,2006:2|2010:2|2023:2
Jessica Darrow,6,2022-04-20,2023-04-30,1,0,2022:5|2023:1
Jockstrap,6,2023-04-11,2025-01-30,5,0,2023:4|2025:2
Joesef,6,2020-07-30,2024-01-16,4,0,2020:3|2024:3
John Cale,6,2020-10-14,2025-07-28,4,0,2020:1|2021:1|2023:3|2025:1
Johnny Logan,6,2008-02-28,2009-01-18,4,0,2008:5|2009:1
Jorja Smith,6,2019-08-28,2026-02-20,5,0,2019:1|2023:3|2025:1|2026:1
Joseph,6,2017-09-21,2023-12-20,3,0,2017:1|2023:5
Josh Strickland,6,2014-09-26,2014-09-26,6,0,2014:6
José Feliciano,6,2009-12-12,2022-12-24,3,0,2009:1|2010:2|2012:1|2015:1|2022:1
JP Cooper,6,2017-04-18,2025-09-26,6,0,2017:2|2019:1|2021:1|2025:2
Juice WRLD,6,2019-05-16,2024-10-28,4,0,2019:3|2020:1|2021:1|2024:1
Julia Stone,6,2012-07-20,2015-04-08,3,0,2012:1|2014:1|2015:4
Jürgen Paape,6,2012-03-27,2026-08-28,2,0,2012:4|2013:1|2026:1
KC and The Sunshine Band,6,2007-09-09,2010-07-15,2,0,2007:1|2008:2|2010:3
Kelsea Ballerini,6,2015-09-14,2024-09-18,6,0,2015:2|2019:1|2020:2|2024:1
Kimbra,6,2013-08-26,2026-03-27,5,0,2013:3|2018:1|2024:1|2026:1
King Britt Pr Sylk 130 Ft Alma Horton,6,2006-03-01,2007-09-30,1,0,2006:2|2007:4
Kingfishr,6,2023-10-23,2026-05-05,4,0,2023:4|2024:1|2026:1
Klaxons,6,2008-11-10,2019-05-21,1,0,2008:1|2010:4|2019:1
KT Tunstall,6,2009-12-06,2026-05-24,4,0,2009:1|2010:1|2022:1|2023:1|2025:1|2026:1
"Käärijä, Erika Vikman",6,2024-10-09,2025-01-12,1,0,2024:3|2025:3
"Käärijä, Tommy Cash",6,2024-12-28,2025-01-14,1,0,2024:1|2025:5
Lady Antebellum,6,2010-11-28,2025-03-19,5,0,2010:1|2012:1|2014:1|2021:1|2025:2
Lady Danville,6,2013-04-16,2017-05-10,1,0,2013:3|2014:1|2017:2
"Lakko, Herba",6,2026-01-12,2026-01-12,1,0,2026:6
Lanu,6,2012-03-27,2024-10-02,1,0,2012:4|2013:1|2024:1
Lauv,6,2020-03-04,2025-08-18,6,0,2020:2|2021:1|2023:1|2025:2
Leif Ove Andsnes,6,2026-04-29,2026-04-29,6,0,2026:6
Lenine,6,2006-04-11,2012-05-31,3,0,2006:2|2008:1|2011:1|2012:2
Lido Pimienta,6,2020-04-06,2026-07-18,6,0,2020:1|2026:5
Limp Bizkit,6,2013-08-21,2026-04-06,4,0,2013:2|2022:1|2025:2|2026:1
Lisa Gerrard,6,2015-09-08,2017-11-28,4,0,2015:1|2017:5
Liv Tyler & Ben Affleck,6,2009-03-03,2010-11-23,1,0,2009:2|2010:4
Logic,6,2019-05-16,2019-05-17,4,0,2019:6
"London Philharmonic Orchestra, London Philharmonic Choir, The London Chorus and David Parry",6,2011-06-15,2013-03-20,5,0,2011:3|2013:3
Loyal,6,2015-11-16,2019-11-25,3,0,2015:2|2019:4
LRKR,6,2015-12-02,2017-11-28,4,0,2015:2|2017:4
Lucas Lucco,6,2017-06-12,2017-06-13,6,0,2017:6
Luiz Bonfá,6,2015-03-15,2021-11-20,4,0,2015:1|2017:4|2021:1
M-Swift,6,2010-08-05,2010-11-29,1,0,2010:6
Madder Rose,6,2026-04-17,2026-04-20,2,0,2026:6
Maddi Jane,6,2014-11-04,2015-04-07,2,0,2014:3|2015:3
Madison Cunningham,6,2019-06-15,2024-04-28,5,0,2019:1|2021:2|2022:1|2024:2
Madlib,6,2015-08-18,2019-09-18,4,0,2015:4|2017:1|2019:1
Mala,6,2013-11-17,2026-09-04,6,0,2013:2|2015:2|2019:1|2026:1
Malcolm Todd,6,2023-01-27,2026-05-26,5,0,2023:3|2025:1|2026:2
Manchester Orchestra,6,2012-05-14,2026-03-23,5,0,2012:1|2023:2|2024:1|2025:1|2026:1
Marcello Da Lua Feat Seu Jorge,6,2006-02-27,2009-12-01,1,0,2006:2|2007:1|2008:1|2009:2
Marilyn Manson,6,2009-03-21,2017-02-28,3,0,2009:3|2010:2|2017:1
Martha High,6,2013-04-11,2017-10-21,6,0,2013:5|2017:1
Mary Halvorson,6,2022-04-01,2026-01-20,5,0,2022:2|2026:4
Mash,6,2006-10-23,2009-12-02,1,0,2006:2|2008:3|2009:1
MATILD,6,2022-10-04,2024-07-12,4,0,2022:5|2024:1
Matoma,6,2019-06-19,2022-03-10,3,0,2019:1|2020:1|2021:2|2022:2
Matt Berninger,6,2020-08-28,2021-01-07,5,0,2020:5|2021:1
Maya Delilah,6,2026-01-27,2026-01-27,6,0,2026:6
Mazzy Star,6,2023-07-24,2026-07-15,2,0,2023:5|2026:1
Meat Loaf,6,2008-06-16,2013-09-21,4,0,2008:3|2010:1|2012:1|2013:1
Meg Mac,6,2015-09-09,2026-03-27,4,0,2015:1|2019:2|2023:2|2026:1
Megan Davies,6,2015-09-14,2021-08-22,5,0,2015:2|2020:3|2021:1
Melosense,6,2016-01-11,2017-11-27,3,0,2016:4|2017:2
Michael E,6,2013-02-16,2013-02-16,4,0,2013:6
Michelle Williams,6,2009-10-09,2023-12-13,2,0,2009:1|2020:1|2022:3|2023:1
Miguel Migs,6,2006-10-17,2015-09-30,5,0,2006:2|2009:1|2010:1|2012:1|2015:1
Miriam Makeba,6,2017-01-06,2017-01-07,6,0,2017:6
misc.inc,6,2021-02-21,2021-03-14,3,0,2021:6
Mogwai,6,2014-01-15,2026-07-16,5,0,2014:3|2020:1|2026:2
Mojo,6,2006-11-20,2007-11-10,2,0,2006:3|2007:3
Molly Parden,6,2020-10-13,2023-05-18,4,0,2020:2|2021:2|2023:2
Mon Rovîa,6,2023-02-04,2023-12-28,4,0,2023:6
MONEYPHONE,6,2019-08-28,2020-11-27,3,0,2019:1|2020:5
Morrissey,6,2009-10-17,2026-07-16,5,0,2009:1|2023:2|2026:3
Mura Masa,6,2015-09-03,2026-08-21,5,0,2015:2|2019:1|2020:1|2026:2
Mýa,6,2006-09-17,2024-08-22,3,0,2006:2|2008:1|2009:1|2011:1|2024:1
Naomi,6,2009-08-11,2021-04-09,1,0,2009:1|2010:1|2011:1|2012:1|2013:1|2021:1
Naughty Boy,6,2019-05-06,2021-12-01,4,0,2019:2|2021:4
Nora En Pure,6,2014-09-21,2025-05-23,4,0,2014:3|2015:1|2025:2
Nosaj Thing,6,2013-03-04,2024-10-14,5,0,2013:3|2016:1|2017:1|2024:1
Nourished by Time,6,2025-07-31,2026-01-22,2,0,2025:5|2026:1
Obongjayar,6,2019-05-13,2025-05-28,6,0,2019:1|2022:2|2024:1|2025:2
Oceanvs Orientalis,6,2017-12-17,2017-12-17,6,0,2017:6
Oh Wonder,6,2015-09-03,2026-07-07,5,0,2015:2|2022:1|2024:1|2026:2
Oklou,6,2019-11-26,2025-11-07,4,0,2019:1|2025:5
Orlandivo,6,2006-02-27,2010-01-04,1,0,2006:2|2007:3|2010:1
Oscar Lang,6,2021-01-16,2023-06-05,5,0,2021:5|2023:1
Osunlade,6,2012-03-27,2024-10-02,1,0,2012:4|2013:1|2024:1
Other Lives,6,2014-01-16,2024-12-16,4,0,2014:2|2015:3|2024:1
Ottmar Liebert,6,2008-12-24,2010-12-26,1,0,2008:2|2010:4
Overcoats,6,2019-11-24,2022-02-19,2,0,2019:1|2021:3|2022:2
Pablo Nouvelle,6,2017-11-27,2021-03-14,2,0,2017:1|2021:5
Pacha Massive,6,2009-08-11,2021-04-09,1,0,2009:1|2010:1|2012:1|2013:2|2021:1
Paul Anka,6,2008-12-29,2025-12-23,5,0,2008:3|2009:1|2025:2
Paul Simon,6,2014-01-12,2026-07-21,5,0,2014:2|2022:1|2023:1|2024:1|2026:1
Perrin Lamb,6,2014-12-22,2015-11-13,2,0,2014:1|2015:5
Phats & Small,6,2006-10-15,2012-08-28,2,0,2006:2|2007:2|2008:1|2012:1
Pom Pom Squad,6,2019-08-28,2026-03-23,5,0,2019:1|2021:1|2022:2|2024:1|2026:1
PRhyme,6,2015-12-02,2017-11-28,3,0,2015:3|2017:3
Priscilla Ahn,6,2012-05-14,2022-07-28,5,0,2012:1|2021:2|2022:3
Puzzle Muteson,6,2015-03-23,2020-08-12,2,0,2015:5|2020:1
Rachid Taha,6,2006-05-11,2010-09-23,1,0,2006:1|2007:2|2008:1|2009:1|2010:1
Rappin' Hood,6,2006-11-02,2008-09-19,1,0,2006:3|2007:1|2008:2
Reba McEntire,6,2007-12-09,2015-09-14,3,0,2007:2|2008:1|2009:1|2015:2
Rebecca Black,6,2025-03-05,2025-08-11,3,0,2025:6
Red Neptune,6,2023-09-06,2023-09-11,4,0,2023:6
Rosa Pistola,6,2026-04-17,2026-04-17,6,0,2026:6
Rosie Carney,6,2020-07-31,2021-10-31,4,0,2020:4|2021:2
Rostam,6,2016-02-03,2026-08-21,6,0,2016:1|2017:1|2019:1|2020:1|2026:2
Ryan Beatty,6,2019-08-15,2024-02-22,4,0,2019:2|2023:2|2024:2
Ryuichi Sakamoto,6,2017-05-31,2026-02-27,5,0,2017:3|2026:3
Samara Cyn,6,2024-05-12,2026-01-22,4,0,2024:1|2025:3|2026:2
Sarah Klang,6,2023-07-17,2024-03-11,4,0,2023:2|2024:4
Satoshi Takebe,6,2022-04-16,2022-07-28,4,0,2022:6
ScHoolboy Q,6,2014-12-03,2019-08-14,3,0,2014:1|2019:5
Shintaro Sakamoto,6,2026-01-26,2026-01-26,6,0,2026:6
Silvio Cesar And Meirelles,6,2006-11-02,2008-10-20,1,0,2006:1|2007:3|2008:2
sinee,6,2021-02-21,2021-06-22,1,0,2021:6
Slayyyter,6,2026-08-21,2026-08-21,6,0,2026:6
Slowdive,6,2015-09-03,2026-07-15,5,0,2015:1|2021:1|2023:1|2024:1|2026:2
Soak,6,2015-03-23,2020-12-30,6,0,2015:2|2019:2|2020:2
Son,6,2021-02-21,2021-06-22,1,0,2021:6
Son Little,6,2015-11-18,2021-03-06,3,0,2015:1|2017:2|2020:2|2021:1
Sons of the East,6,2015-03-20,2015-06-28,1,0,2015:6
Sound Providers,6,2006-03-14,2010-05-07,1,0,2006:1|2008:2|2009:2|2010:1
SRTW,6,2021-02-21,2021-06-22,1,0,2021:6
Stereo Macaranã,6,2006-02-27,2010-01-04,1,0,2006:4|2008:1|2010:1
Stigmato Inc.,6,2008-08-17,2012-12-09,1,0,2008:1|2009:2|2010:2|2012:1
Styles,6,2006-03-23,2010-11-17,1,0,2006:1|2007:1|2008:2|2010:2
Stéphane,6,2025-07-24,2025-11-25,4,0,2025:6
Summer Camp,6,2012-07-20,2012-07-20,6,0,2012:6
Sunrise Avenue,6,2011-02-07,2023-01-19,3,0,2011:2|2015:1|2022:2|2023:1
Swindle,6,2014-12-09,2023-02-05,4,0,2014:1|2017:4|2023:1
Tavares,6,2008-08-07,2010-04-29,1,0,2008:3|2009:2|2010:1
Teenage Dads,6,2023-06-11,2024-01-11,3,0,2023:4|2024:2
Teenage Fanclub,6,2012-05-07,2023-07-17,5,0,2012:1|2013:1|2015:1|2017:1|2022:1|2023:1
that dog.,6,2026-04-17,2026-04-20,2,0,2026:6
Thayne Jasperson,6,2022-03-05,2022-05-17,1,0,2022:6
The Avett Brothers,6,2015-03-20,2020-12-04,3,0,2015:4|2017:1|2020:1
The Bangles,6,2006-09-20,2013-03-06,4,0,2006:2|2007:1|2010:2|2013:1
The Big Moon,6,2015-12-16,2026-03-23,3,0,2015:1|2019:1|2020:1|2022:1|2023:1|2026:1
The Black Atlantic,6,2015-01-24,2017-09-21,1,0,2015:5|2017:1
The Brian Setzer Orchestra,6,2007-12-23,2008-12-24,1,0,2007:3|2008:3
The Dandy Warhols,6,2014-11-05,2026-07-16,3,0,2014:2|2017:3|2026:1
The Japanese House,6,2021-05-03,2024-01-08,4,0,2021:2|2023:3|2024:1
The Jesus and Mary Chain,6,2013-02-15,2023-10-26,2,0,2013:1|2017:2|2021:1|2023:2
The Kiffness,6,2022-04-21,2023-02-09,1,0,2022:4|2023:2
The Knack,6,2007-10-27,2010-10-15,1,0,2007:1|2008:1|2009:2|2010:2
The Lively Ones,6,2007-08-07,2010-09-24,1,0,2007:2|2008:1|2009:1|2010:2
The Pains of Being Pure at Heart,6,2010-08-07,2012-07-20,2,0,2010:4|2012:2
The Pointer Sisters,6,2009-06-14,2021-02-20,5,0,2009:1|2013:2|2014:1|2021:2
The Polyphonic Spree,6,2007-09-20,2010-09-28,1,0,2007:1|2008:1|2009:1|2010:3
The Presidents of the United States of America,6,2013-03-20,2023-06-10,3,0,2013:1|2015:2|2017:2|2023:1
The Pussycat Dolls,6,2009-07-14,2024-07-17,3,0,2009:4|2017:1|2024:1
The Techniques,6,2022-04-09,2022-04-09,2,0,2022:6
The Woodlands,6,2013-01-16,2015-12-04,2,0,2013:1|2015:5
Thes One,6,2006-03-14,2010-05-07,1,0,2006:1|2008:1|2009:2|2010:2
Thierry Von Der Warth,6,2023-03-09,2023-06-20,3,0,2023:6
Thomas Dolby,6,2023-11-26,2023-11-26,2,0,2023:6
Thomas Rhett,6,2014-05-27,2025-09-11,4,0,2014:3|2017:1|2021:1|2025:1
Tim Berg,6,2024-05-23,2025-03-09,3,0,2024:1|2025:5
Tim Maia,6,2012-05-07,2017-07-02,6,0,2012:2|2014:1|2015:1|2017:2
Toddler Tunes,6,2021-09-25,2021-11-11,2,0,2021:6
Tom Fire,6,2012-03-27,2013-11-19,1,0,2012:4|2013:2
Tommy Cash,6,2025-03-07,2025-06-13,2,0,2025:6
Tommy Richman,6,2024-06-21,2025-07-23,3,0,2024:3|2025:3
Toots and The Maytals,6,2015-09-29,2022-10-21,3,0,2015:1|2021:1|2022:4
Tragédie,6,2007-03-31,2011-09-09,2,0,2007:3|2009:2|2011:1
Trey Songz,6,2012-08-28,2023-11-05,5,0,2012:2|2017:2|2023:2
Trouble Man,6,2006-02-27,2007-10-23,1,0,2006:3|2007:3
Turisti,6,2026-01-12,2026-03-26,3,0,2026:6
Vianney,6,2025-11-13,2025-12-02,4,0,2025:6
View,6,2010-11-03,2011-01-19,1,0,2010:5|2011:1
Westside Gunn,6,2022-07-14,2026-07-06,5,0,2022:3|2026:3
Wiley,6,2012-10-03,2017-07-11,3,0,2012:1|2013:2|2017:3
will.i.am,6,2011-01-15,2022-03-03,5,0,2011:1|2012:2|2013:1|2021:1|2022:1
"Windows95Man, Sturgeon",6,2025-01-13,2025-01-14,1,0,2025:6
Woodkid,6,2013-02-15,2026-06-03,4,0,2013:1|2014:2|2015:1|2025:1|2026:1
Woods,6,2013-04-29,2020-10-21,5,0,2013:5|2020:1
YAYA,6,2025-05-14,2025-11-18,5,0,2025:6
Yazmin Lacey,6,2017-10-25,2025-11-07,5,0,2017:1|2020:1|2025:4
Yoke Lore,6,2017-10-24,2024-02-04,3,0,2017:1|2019:2|2020:1|2024:2
Yuna,6,2014-06-03,2022-07-14,5,0,2014:2|2015:1|2020:2|2022:1
Yussef Dayes,6,2022-12-02,2024-05-15,4,0,2022:1|2023:2|2024:3
Zac Efron,6,2020-12-08,2023-12-13,1,0,2020:1|2022:3|2023:2
Zahed Sultan,6,2012-03-27,2013-02-06,2,0,2012:5|2013:1
Ziggy Marley & The Melody Makers,6,2012-05-10,2015-12-08,6,0,2012:3|2013:1|2015:2
Океан Ельзи,6,2012-05-13,2022-08-29,6,0,2012:1|2022:5
5 Seconds of Summer,5,2019-08-28,2025-06-07,4,0,2019:1|2020:2|2022:1|2025:1
A$AP Ferg,5,2018-01-04,2025-12-23,4,0,2018:1|2020:1|2025:3
"A. R. Rahman, Blaaze & Tanvi Shah",5,2009-05-17,2010-10-15,1,0,2009:1|2010:4
"A. R. Rahman, Sukhvinder Singh, Tanvi Shah & Mahalaxmi Iyer",5,2009-12-02,2010-05-08,1,0,2009:1|2010:4
Aaron Taos,5,2020-10-09,2020-12-18,2,0,2020:5
Adé,5,2022-10-22,2025-11-25,3,0,2022:1|2025:4
Afterlife,5,2010-11-29,2021-04-10,5,0,2010:1|2012:1|2013:2|2021:1
AJR,5,2021-03-04,2024-01-17,4,0,2021:1|2023:2|2024:2
Aknestik,5,2006-03-01,2010-02-28,1,0,2006:3|2009:1|2010:1
Alfie Templeman,5,2019-11-10,2022-07-25,4,0,2019:1|2020:2|2022:2
Alice Phoebe Lou,5,2023-06-07,2025-01-22,4,0,2023:4|2025:1
Alicia Keys/Tony! Toni! Toné!,5,2008-11-27,2010-10-31,1,0,2008:2|2009:1|2010:2
Alien Ant Farm,5,2006-09-08,2026-04-06,2,0,2006:1|2007:1|2009:1|2010:1|2026:1
Alle Farben,5,2015-09-24,2023-03-09,4,0,2015:1|2017:2|2023:2
Almost Monday,5,2023-01-18,2023-12-20,2,0,2023:5
altopalo,5,2019-09-25,2022-03-29,2,0,2019:3|2022:2
Aly & AJ,5,2022-07-10,2025-11-21,5,0,2022:3|2024:1|2025:1
Amaro Freitas,5,2024-07-13,2026-01-20,5,0,2024:1|2026:4
America,5,2008-01-14,2026-07-28,1,0,2008:1|2009:1|2010:1|2015:1|2026:1
Ana Carolina,5,2012-05-07,2013-12-04,5,0,2012:3|2013:2
Andy Shauf,5,2019-08-19,2025-01-13,4,0,2019:3|2020:1|2025:1
Angelo Badalamenti,5,2017-06-29,2025-02-17,5,0,2017:1|2025:4
Angie McMahon,5,2019-08-13,2026-08-15,4,0,2019:1|2020:1|2023:2|2026:1
Annatoria,5,2024-08-12,2024-08-12,5,0,2024:5
Another Taste,5,2024-07-10,2024-07-12,3,0,2024:5
Anthony Johnson,5,2009-03-27,2022-04-09,2,0,2009:1|2010:1|2012:1|2022:2
Antonio Adolfo,5,2006-11-02,2010-03-02,1,0,2006:1|2007:1|2008:1|2009:1|2010:1
"Ariana Grande, Brandy, Monica",5,2024-06-21,2024-08-03,2,0,2024:5
Arooj Aftab,5,2024-07-15,2026-08-19,3,0,2024:2|2026:3
Arthur Verocai,5,2009-08-14,2017-10-27,4,0,2009:1|2012:1|2017:3
Ash,5,2017-05-03,2026-07-16,3,0,2017:1|2021:1|2023:2|2026:1
Austyn Johnson,5,2020-12-08,2023-12-13,1,0,2020:1|2022:3|2023:1
Ayra Starr,5,2023-01-08,2025-06-25,1,0,2023:1|2024:3|2025:1
Band Aid 20,5,2006-03-31,2008-12-24,1,0,2006:2|2007:1|2008:2
Barefoot Truth,5,2012-05-10,2012-05-13,5,0,2012:5
Basic Element,5,2012-10-26,2012-10-26,5,0,2012:5
Baxter Dury,5,2020-12-09,2026-01-19,5,0,2020:1|2026:4
BBMak,5,2008-08-18,2022-10-20,2,0,2008:2|2009:1|2012:1|2022:1
Beat Connection,5,2012-07-18,2015-11-26,2,0,2012:4|2015:1
Bebe Rexha,5,2017-04-18,2024-08-03,4,0,2017:1|2020:1|2023:2|2024:1
Benny Sings,5,2011-01-12,2023-12-20,4,0,2011:1|2019:1|2020:1|2023:2
Between Friends,5,2023-12-20,2024-02-24,3,0,2023:4|2024:1
Bicep,5,2017-11-27,2026-08-28,5,0,2017:2|2019:1|2022:1|2026:1
Big Red Machine,5,2020-08-12,2026-06-05,3,0,2020:1|2021:3|2026:1
Billy Mack,5,2010-04-29,2010-12-26,1,0,2010:5
Black Street &Mya,5,2006-05-06,2010-03-02,2,0,2006:1|2007:1|2008:1|2009:1|2010:1
Blu Bizness,5,2006-03-14,2010-05-07,1,0,2006:2|2009:2|2010:1
Blu Cantrell,5,2006-04-11,2026-08-15,2,0,2006:1|2007:1|2026:3
Bon Iver & St. Vincent,5,2009-10-21,2010-10-11,2,0,2009:2|2010:3
Bonnie Tyler,5,2007-01-16,2011-02-10,2,0,2007:2|2010:2|2011:1
Bowerbirds,5,2013-04-25,2015-12-04,3,0,2013:1|2014:2|2015:2
Brantley Gilbert,5,2014-05-27,2025-09-11,2,0,2014:3|2023:1|2025:1
Brett Eldredge,5,2014-05-27,2022-12-24,4,0,2014:2|2020:1|2022:2
Brigitte,5,2012-05-27,2025-12-02,2,0,2012:3|2013:1|2025:1
Bully,5,2023-06-04,2024-03-01,3,0,2023:3|2024:2
Butthole Surfers,5,2007-11-02,2026-05-31,3,0,2007:2|2009:1|2017:1|2026:1
Cam'ron,5,2006-11-16,2025-08-08,3,0,2006:1|2009:1|2010:1|2014:1|2025:1
Catfish and the Bottlemen,5,2017-07-06,2024-03-11,3,0,2017:2|2024:3
Cazzette,5,2014-12-11,2017-09-18,3,0,2014:1|2017:4
Central Cee,5,2023-01-01,2026-04-08,3,0,2023:3|2024:1|2026:1
Chamillionaire,5,2007-11-03,2011-02-10,1,0,2007:1|2009:1|2010:1|2011:2
Chezile,5,2024-02-23,2024-06-17,1,0,2024:5
Chicago,5,2006-06-14,2025-07-11,4,0,2006:1|2007:1|2010:2|2025:1
Chisu,5,2010-11-21,2012-07-27,5,0,2010:3|2012:2
Chris O'Brien,5,2015-01-24,2015-09-17,1,0,2015:5
Chris Young,5,2013-11-17,2019-05-07,4,0,2013:1|2014:3|2019:1
Château Flight,5,2006-02-27,2008-08-15,1,0,2006:3|2007:1|2008:1
Cody ChesnuTT,5,2013-08-09,2013-12-08,4,0,2013:5
Coin,5,2017-08-12,2021-10-27,4,0,2017:1|2019:1|2021:3
Cratouille,5,2021-02-21,2021-03-14,1,0,2021:5
Cyberfit,5,2006-03-30,2010-05-04,1,0,2006:4|2010:1
Dake,5,2014-09-21,2015-01-11,1,0,2014:4|2015:1
Dan Croll,5,2014-11-04,2023-06-20,3,0,2014:3|2015:1|2023:1
Danielle Bradbery,5,2015-09-14,2026-09-06,5,0,2015:1|2025:1|2026:3
Daphne & Celeste,5,2006-04-15,2010-02-28,1,0,2006:2|2008:1|2010:2
Dargz,5,2022-09-26,2024-03-01,3,0,2022:2|2024:3
Dash Berlin,5,2012-05-27,2016-02-02,4,0,2012:3|2016:2
Dasha,5,2025-07-08,2025-09-26,4,0,2025:5
David Batiste,5,2008-10-10,2010-11-16,1,0,2008:1|2009:1|2010:3
Dean Lewis,5,2017-09-21,2025-09-19,4,0,2017:1|2022:1|2023:1|2025:2
DEBBY FRIDAY,5,2023-01-16,2023-11-30,3,0,2023:5
Deep Forest,5,2006-06-25,2008-01-13,1,0,2006:3|2007:1|2008:1
Def Leppard,5,2024-06-24,2026-05-29,2,0,2024:2|2025:2|2026:1
Del Amitri,5,2012-11-28,2017-01-10,1,0,2012:3|2013:1|2017:1
Del Water Gap,5,2021-10-23,2023-12-20,2,0,2021:3|2023:2
Deluxe,5,2012-03-27,2013-02-06,1,0,2012:4|2013:1
Diana Ross,5,2006-06-30,2022-08-24,3,0,2006:1|2007:1|2014:1|2022:2
Diane Guerrero,5,2022-04-20,2023-04-30,1,0,2022:4|2023:1
Diplo,5,2013-03-20,2023-10-19,5,0,2013:1|2021:3|2023:1
Dirty Projectors,5,2014-01-15,2020-11-02,4,0,2014:2|2017:1|2019:1|2020:1
DJ ClicK,5,2012-03-27,2013-02-06,1,0,2012:4|2013:1
DJ Khaled,5,2017-06-27,2023-11-05,4,0,2017:1|2019:2|2023:2
Dj Nugz,5,2006-03-02,2011-01-16,1,0,2006:3|2008:1|2011:1
DJ Vadim,5,2014-04-30,2026-05-25,5,0,2014:1|2021:1|2026:3
dj-Nate,5,2026-03-26,2026-03-26,5,0,2026:5
Dobby Dobson,5,2022-04-09,2022-04-09,2,0,2022:5
Doctor Rockit,5,2012-04-01,2013-11-18,3,0,2012:3|2013:2
dodie,5,2021-08-22,2023-07-24,2,0,2021:1|2022:2|2023:2
Dom Salvador E Abolicao,5,2006-11-02,2010-11-03,1,0,2006:1|2007:2|2008:1|2010:1
Don Covay,5,2007-09-28,2010-04-18,1,0,2007:1|2008:2|2009:1|2010:1
Donny Hathaway,5,2010-12-24,2022-12-24,2,0,2010:3|2014:1|2022:1
Drama,5,2019-08-16,2019-09-27,3,0,2019:5
Dreadzone,5,2012-05-27,2013-11-17,1,0,2012:3|2013:2
Drugdealer,5,2022-08-25,2024-04-28,2,0,2022:1|2023:3|2024:1
Dry the River,5,2013-04-25,2026-07-24,5,0,2013:1|2015:2|2026:2
Duke Dumont,5,2013-08-27,2019-08-28,4,0,2013:1|2015:1|2017:2|2019:1
DVBBS,5,2017-02-15,2021-03-15,2,0,2017:4|2021:1
Eastern Sun,5,2013-03-04,2016-02-03,3,0,2013:2|2014:1|2015:1|2016:1
Edson Frederico E A Transa,5,2006-11-02,2008-10-20,1,0,2006:2|2007:2|2008:1
Electrasy,5,2007-09-29,2010-09-30,1,0,2007:1|2008:1|2009:1|2010:2
Electric Guest,5,2012-05-13,2019-06-05,2,0,2012:2|2013:1|2017:1|2019:1
Electric Youth,5,2012-05-26,2015-11-26,3,0,2012:4|2015:1
Elis Regina & Adoniran Barbosa,5,2006-04-11,2007-09-29,1,0,2006:4|2007:1
Ella Fitzgerald & Louis Armstrong,5,2008-08-09,2013-03-07,5,0,2008:4|2013:1
Emilíana Torrini,5,2015-01-24,2015-09-17,1,0,2015:5
Eminence Symphony Orchestra,5,2017-03-01,2023-04-07,5,0,2017:4|2023:1
Emmi,5,2007-01-14,2008-08-31,2,0,2007:4|2008:1
ENHYPEN,5,2024-07-16,2024-08-14,3,0,2024:5
Erasmo Carlos,5,2014-06-11,2017-07-02,5,0,2014:1|2017:4
Eric Benet,5,2006-09-04,2010-11-22,1,0,2006:1|2009:2|2010:2
Eurythmics,5,2006-11-30,2009-12-11,2,0,2006:1|2007:3|2009:1
Evinha,5,2006-11-02,2026-06-05,2,0,2006:1|2007:2|2008:1|2026:1
Ezéchiel Pailhès,5,2025-07-24,2025-09-11,5,0,2025:5
Fabio Gasser,5,2026-08-28,2026-08-28,5,0,2026:5
Faith Hill,5,2008-12-29,2010-12-26,3,0,2008:2|2010:3
Fanfarlo,5,2012-05-31,2015-12-04,3,0,2012:2|2013:1|2015:2
Faouzia,5,2021-03-04,2026-07-14,3,0,2021:1|2022:2|2026:2
Felix Jaehn,5,2015-08-17,2026-08-28,2,0,2015:4|2026:1
Fergie,5,2009-03-20,2024-07-20,3,0,2009:1|2014:1|2015:1|2024:2
Finghin Collins,5,2013-03-20,2013-03-20,5,0,2013:5
Flavien Berger,5,2025-09-08,2026-03-12,5,0,2025:4|2026:1
flowerovlove,5,2022-01-12,2023-12-20,3,0,2022:3|2023:2
Frightened Rabbit,5,2012-05-04,2023-06-12,5,0,2012:4|2023:1
Frou Frou,5,2007-12-16,2012-05-27,3,0,2007:1|2008:1|2010:2|2012:1
Future,5,2022-08-04,2025-08-08,4,0,2022:2|2024:2|2025:1
Gary B,5,2012-07-15,2013-01-20,3,0,2012:2|2013:3
Giorgia,5,2012-07-14,2012-08-04,2,0,2012:5
Glee Cast,5,2012-12-23,2025-12-24,4,0,2012:1|2013:1|2020:2|2025:1
Go-Jo,5,2023-05-12,2025-05-30,2,0,2023:1|2025:4
Godfather,5,2006-04-22,2009-03-05,1,0,2006:3|2007:1|2009:1
Godspeed You! Black Emperor,5,2013-04-07,2025-01-29,4,0,2013:2|2025:3
Gold Panda,5,2013-01-13,2017-05-17,3,0,2013:2|2015:1|2016:1|2017:1
GoldLink,5,2018-01-04,2026-08-07,5,0,2018:1|2019:1|2026:3
Good Neighbours,5,2024-02-26,2025-11-10,4,0,2024:2|2025:3
Grace Bowers & The Hodge Podge,5,2024-08-22,2024-08-22,5,0,2024:5
Grace VanderWaal,5,2017-06-29,2025-09-19,4,0,2017:2|2025:3
"Gracie Abrams, Taylor swift",5,2024-07-04,2024-10-28,1,0,2024:5
Greta Van Fleet,5,2023-12-18,2023-12-20,1,0,2023:5
Guided by Voices,5,2009-06-14,2026-02-26,5,0,2009:2|2015:1|2022:1|2026:1
Gwendoline,5,2025-07-16,2025-11-30,3,0,2025:5
Haloo Helsinki!,5,2020-06-15,2025-02-15,4,0,2020:2|2021:2|2025:1
Hana Eid,5,2023-03-16,2023-12-20,2,0,2023:5
Hand Habits,5,2023-06-19,2025-09-08,2,0,2023:2|2025:3
Handsome Boy Modeling School,5,2009-07-29,2015-04-10,3,0,2009:2|2014:2|2015:1
Hannes,5,2021-08-22,2022-12-29,3,0,2021:1|2022:4
Harry Gregson-Williams,5,2012-11-15,2022-04-18,4,0,2012:1|2015:1|2017:2|2022:1
Hearts & Colors,5,2015-09-17,2020-12-29,4,0,2015:1|2017:3|2020:1
Heidi Cooper,5,2021-12-26,2022-03-10,3,0,2021:2|2022:3
Helado Negro,5,2019-08-27,2026-03-12,4,0,2019:1|2020:1|2024:2|2026:1
Helena,5,2025-11-24,2025-12-30,3,0,2025:5
Helios,5,2013-03-04,2015-12-11,4,0,2013:4|2015:1
Hollow Coves,5,2017-08-12,2024-01-15,4,0,2017:1|2021:1|2024:3
Holy Ghost!,5,2012-07-19,2019-08-27,4,0,2012:3|2015:1|2019:1
Horace Andy,5,2017-02-17,2022-04-09,4,0,2017:1|2022:4
Hortense Ellis,5,2022-04-09,2022-04-09,4,0,2022:5
Hot Chocolate,5,2007-10-23,2015-11-17,1,0,2007:1|2008:1|2011:1|2013:1|2015:1
Hüsker Dü,5,2025-06-25,2026-07-16,4,0,2025:1|2026:4
Ice Cube,5,2009-02-27,2024-06-16,3,0,2009:1|2024:4
Iggy Azalea,5,2014-08-19,2015-07-03,4,0,2014:3|2015:2
Ingrid Andress,5,2021-03-04,2023-03-07,3,0,2021:1|2023:4
Inna,5,2012-05-03,2022-08-21,5,0,2012:3|2013:1|2022:1
Inner Circle,5,2007-03-31,2021-03-27,3,0,2007:2|2008:1|2015:1|2021:1
Isaiah Rashad,5,2014-11-20,2026-03-23,4,0,2014:1|2015:1|2018:1|2023:1|2026:1
Isbells,5,2015-01-24,2015-12-04,2,0,2015:5
Izïa,5,2025-02-13,2025-11-25,2,0,2025:5
J-Boogie's Dubtronic Science,5,2006-03-14,2010-05-07,1,0,2006:2|2009:2|2010:1
J. Tillman,5,2014-06-03,2015-12-04,2,0,2014:1|2015:4
Ja Rule,5,2010-01-07,2011-01-16,1,0,2010:4|2011:1
Jack Harlow,5,2019-10-01,2024-04-18,5,0,2019:1|2020:1|2022:2|2024:1
Jade,5,2025-06-03,2025-10-13,5,0,2025:5
James Blunt,5,2010-11-28,2023-11-05,4,0,2010:1|2015:1|2017:1|2023:2
Jan Hammer,5,2006-09-14,2007-07-27,4,0,2006:3|2007:2
Jason Aldean,5,2008-11-24,2020-04-03,5,0,2008:1|2012:1|2020:3
Jason Derulo,5,2017-06-27,2023-11-05,4,0,2017:2|2021:1|2023:2
JayCov,5,2023-09-12,2023-10-26,2,0,2023:5
Jean Dawson,5,2020-09-26,2024-04-28,4,0,2020:2|2022:1|2023:1|2024:1
Jeanette,5,2012-05-26,2012-07-27,3,0,2012:5
Jelly Crystal,5,2023-06-08,2023-10-23,3,0,2023:5
Jenni Vartiainen,5,2012-07-27,2024-01-06,5,0,2012:3|2020:1|2024:1
Jess Glynne,5,2015-05-29,2019-05-06,2,0,2015:4|2019:1
Jess Morgan,5,2015-03-30,2020-07-31,2,0,2015:3|2020:2
Jesse Boykins III,5,2015-08-18,2024-05-08,4,0,2015:2|2021:2|2024:1
Jhené Aiko,5,2014-06-03,2026-01-26,4,0,2014:2|2021:1|2025:1|2026:1
Jimmy Cliff,5,2015-06-25,2022-10-21,4,0,2015:2|2021:1|2022:2
Joachim Knop,5,2006-04-24,2008-04-09,1,0,2006:3|2007:1|2008:1
Joey Bada$$,5,2014-07-26,2022-08-04,5,0,2014:1|2017:1|2018:1|2022:2
Johannes Bornlof,5,2017-11-28,2017-11-28,5,0,2017:5
John Fogerty,5,2008-04-26,2010-10-18,5,0,2008:1|2009:3|2010:1
John Frusciante,5,2012-05-03,2025-12-15,4,0,2012:4|2025:1
John Mellencamp,5,2009-10-09,2012-05-31,4,0,2009:3|2012:2
John Powell,5,2007-01-16,2010-11-21,1,0,2007:1|2010:4
Johnny Osbourne,5,2009-01-29,2022-04-23,3,0,2009:1|2010:1|2022:3
Jordin Sparks,5,2007-12-09,2010-01-27,2,0,2007:1|2008:1|2009:2|2010:1
Jorge & Mateus,5,2017-06-12,2017-06-27,5,0,2017:5
Joyner Lucas,5,2019-05-16,2019-08-14,3,0,2019:5
Joywave,5,2014-12-17,2025-03-13,3,0,2014:1|2015:1|2024:2|2025:1
Junior Boys,5,2012-07-20,2012-07-20,5,0,2012:5
Justin Moore,5,2014-05-27,2025-09-11,4,0,2014:2|2023:1|2025:2
KAJ,5,2025-04-18,2026-03-08,1,0,2025:3|2026:2
Kaki King,5,2014-12-29,2018-01-05,3,0,2014:1|2015:3|2018:1
Karen Ramirez,5,2006-10-15,2011-09-09,1,0,2006:3|2007:1|2011:1
Karri Koira,5,2013-04-07,2024-02-16,3,0,2013:1|2017:1|2024:3
Kathy Mattea,5,2008-12-24,2010-12-26,1,0,2008:1|2009:1|2010:3
Keala Settle,5,2020-12-08,2023-12-13,1,0,2020:1|2022:3|2023:1
Keeley Valentino,5,2015-01-24,2015-09-17,1,0,2015:5
Keen'V,5,2012-04-29,2012-04-29,4,0,2012:5
keiyaA,5,2021-01-19,2026-08-21,4,0,2021:1|2025:2|2026:2
Kenny Dope,5,2006-03-01,2009-12-01,1,0,2006:3|2009:2
Kevin Morby,5,2020-10-21,2026-04-18,4,0,2020:1|2023:3|2026:1
Kid Koala,5,2013-03-20,2026-08-10,5,0,2013:1|2026:4
Kids United,5,2025-11-13,2025-12-02,3,0,2025:5
Kilo Kish,5,2015-09-03,2026-02-23,4,0,2015:1|2022:1|2024:1|2026:2
knife girl,5,2023-07-07,2024-07-11,5,0,2023:1|2024:4
Knife Party,5,2012-11-28,2017-09-18,2,0,2012:1|2013:1|2017:3
Langhorne Slim,5,2015-12-04,2021-01-30,4,0,2015:1|2017:1|2019:1|2020:1|2021:1
Larry June,5,2022-08-04,2026-07-06,5,0,2022:2|2026:3
Last Dinosaurs,5,2012-06-28,2012-07-03,3,0,2012:5
Laura Mvula,5,2013-04-14,2015-12-14,3,0,2013:1|2014:1|2015:3
Lava La Rue,5,2020-09-26,2022-08-25,3,0,2020:2|2021:1|2022:2
Lee Brice,5,2013-11-17,2015-09-14,3,0,2013:1|2014:3|2015:1
Lee Mendelson/Vince Guaraldi,5,2006-03-16,2010-05-07,1,0,2006:1|2008:2|2010:2
Leif Vollebekk,5,2017-10-17,2025-04-28,4,0,2017:2|2020:2|2025:1
Lena Horne,5,2009-08-11,2021-04-09,1,0,2009:1|2010:1|2012:1|2013:1|2021:1
Less Is More,5,2014-11-04,2015-09-14,1,0,2014:2|2015:3
Levitation,5,2006-04-10,2024-09-09,1,0,2006:1|2008:1|2010:1|2012:1|2024:1
Lil' Wayne,5,2010-06-01,2026-03-03,4,0,2010:1|2012:1|2013:1|2015:1|2026:1
Lipe Forbes,5,2022-04-21,2022-04-21,5,0,2022:5
Lisa Bassenge & The J-Chestra,5,2012-05-27,2013-11-17,1,0,2012:3|2013:2
Little Mix,5,2019-06-19,2026-04-22,4,0,2019:1|2021:2|2024:1|2026:1
Lo-Fang,5,2014-11-30,2015-09-03,1,0,2014:2|2015:3
Loe Shimmy,5,2024-03-29,2025-12-01,4,0,2024:2|2025:3
Long Beach Shortbus,5,2009-10-09,2009-10-09,5,0,2009:5
Lord Echo,5,2015-09-28,2017-10-27,4,0,2015:1|2017:4
Lord of the Lost,5,2023-06-03,2023-06-03,1,0,2023:5
Los Del Rio,5,2007-09-03,2017-06-17,1,0,2007:3|2015:1|2017:1
Lotte Kestner,5,2014-11-04,2021-10-31,1,0,2014:2|2015:1|2020:1|2021:1
"Louane, P3GASE",5,2025-10-20,2025-12-09,1,0,2025:5
love trio in dub,5,2007-09-15,2010-04-09,4,0,2007:4|2010:1
lovelytheband,5,2023-01-18,2023-03-22,1,0,2023:5
Lowland Hum,5,2015-12-01,2017-09-21,2,0,2015:3|2017:2
Lucy Kaplansky,5,2015-03-18,2015-09-17,1,0,2015:5
Ludacris,5,2008-10-09,2025-12-23,5,0,2008:1|2009:3|2025:1
Ludwig Goransson,5,2015-11-30,2026-07-31,5,0,2015:1|2017:1|2024:1|2026:2
Luhh Dyl,5,2025-12-01,2025-12-31,4,0,2025:5
Låpsley,5,2020-03-23,2026-07-06,4,0,2020:1|2022:1|2026:3
Léonie,5,2025-12-01,2025-12-01,2,0,2025:5
Léonie Pernet,5,2025-07-16,2026-09-03,3,0,2025:3|2026:2
Mac Miller,5,2021-06-01,2026-06-08,5,0,2021:1|2025:3|2026:1
Maddie Jay,5,2019-09-25,2020-10-20,2,0,2019:4|2020:1
Madeline Kenney,5,2019-08-30,2020-12-31,2,0,2019:3|2020:2
Mannheim Steamroller,5,2008-12-24,2010-12-26,1,0,2008:1|2010:4
Mansionair,5,2019-06-13,2019-09-05,4,0,2019:5
Manu Dibango,5,2006-03-30,2010-04-17,1,0,2006:1|2007:1|2009:2|2010:1
Marc Anthony,5,2015-08-27,2017-09-20,2,0,2015:2|2017:3
Maris,5,2023-02-12,2023-03-22,2,0,2023:5
Mart'nália,5,2012-05-07,2017-07-02,5,0,2012:3|2017:2
Martin Garrix,5,2015-05-27,2023-11-07,4,0,2015:2|2019:1|2023:2
Matilda Mann,5,2020-11-27,2023-04-07,3,0,2020:2|2021:1|2023:2
Matthew Halsall,5,2017-09-12,2019-08-30,3,0,2017:3|2019:2
Mega Bog,5,2023-07-17,2026-08-19,4,0,2023:1|2025:3|2026:1
Michael Gordon,5,2022-04-08,2022-10-21,3,0,2022:5
Mickey Guyton,5,2014-05-27,2026-04-01,3,0,2014:3|2024:1|2026:1
Mika Newton,5,2023-05-16,2023-05-16,2,0,2023:5
Mike,5,2022-04-01,2026-07-07,4,0,2022:2|2025:1|2026:2
Miloe,5,2020-10-16,2021-02-17,2,0,2020:4|2021:1
Milton Keys,5,2021-02-21,2021-03-06,1,0,2021:5
Milton Nascimento,5,2015-04-01,2017-06-18,4,0,2015:2|2017:3
Miniature Tigers,5,2012-05-14,2013-03-26,4,0,2012:3|2013:2
Minor Majority,5,2013-09-08,2013-09-08,5,0,2013:5
Minus 8,5,2008-08-17,2013-02-16,2,0,2008:1|2009:2|2010:1|2013:1
MKTO,5,2013-03-24,2015-05-25,2,0,2013:3|2014:1|2015:1
Morgan Page,5,2023-11-01,2023-11-06,1,0,2023:5
Morgan Wallen,5,2020-12-31,2026-08-07,5,0,2020:1|2021:1|2023:1|2026:2
Mr Eazi,5,2017-04-06,2021-01-04,3,0,2017:4|2021:1
Mutabaruka,5,2021-09-29,2022-10-21,2,0,2021:1|2022:4
Myles Smith,5,2024-06-21,2025-11-01,5,0,2024:1|2025:4
Måneskin,5,2021-06-06,2023-10-19,5,0,2021:1|2022:1|2023:3
N.W.H.,5,2006-11-18,2007-07-30,2,0,2006:2|2007:3
Nabihah Iqbal,5,2023-07-11,2024-01-16,1,0,2023:2|2024:3
"Nate Smith, Avril Lavigne",5,2024-11-08,2025-05-16,3,0,2024:2|2025:3
Nation of Language,5,2020-11-22,2025-01-13,4,0,2020:2|2023:1|2025:2
Nause,5,2013-03-16,2023-06-23,3,0,2013:2|2017:2|2023:1
Nemahsis,5,2023-12-20,2026-07-14,3,0,2023:2|2026:3
Nep,5,2023-01-16,2024-04-18,3,0,2023:2|2024:3
New Radicals,5,2009-10-09,2026-07-07,5,0,2009:3|2012:1|2026:1
Nouvelle Vague,5,2010-10-05,2015-09-17,2,0,2010:1|2015:4
Nova Nova,5,2012-05-03,2013-02-06,2,0,2012:4|2013:1
Ocie Elliott,5,2021-08-22,2025-11-12,3,0,2021:2|2023:2|2025:1
ODESZA,5,2015-09-24,2026-09-02,5,0,2015:1|2017:2|2019:1|2026:1
Okkervil River,5,2014-11-19,2014-11-19,5,0,2014:5
Olivia Olson,5,2008-12-24,2010-12-26,1,0,2008:1|2010:4
Omar,5,2014-01-14,2017-09-04,2,0,2014:1|2015:1|2017:3
Only Child,5,2006-04-08,2012-12-08,1,0,2006:1|2007:2|2010:1|2012:1
Oracle Sisters,5,2019-09-03,2023-11-22,3,0,2019:1|2023:4
Orgel Sound J-Pop,5,2023-04-07,2023-04-07,5,0,2023:5
Orgy,5,2007-10-14,2017-01-18,1,0,2007:2|2010:1|2017:2
Orquestra St Moritz,5,2006-11-02,2011-01-18,1,0,2006:1|2007:1|2009:2|2011:1
Pacific Air,5,2014-01-15,2020-10-25,2,0,2014:2|2017:2|2020:1
Pale Waves,5,2020-11-22,2024-05-04,4,0,2020:2|2021:1|2022:1|2024:1
Paloma Faith,5,2012-08-29,2026-07-14,5,0,2012:1|2013:1|2022:1|2026:2
Parachute,5,2015-01-24,2022-02-19,1,0,2015:3|2022:2
Parquet Courts,5,2013-04-07,2026-03-10,4,0,2013:1|2025:2|2026:2
Patrick Bruel,5,2025-02-14,2025-12-02,2,0,2025:5
Paul Russell,5,2020-08-03,2025-07-18,3,0,2020:2|2023:2|2025:1
Paul van Dyk,5,2006-11-20,2012-05-27,2,0,2006:1|2007:1|2008:1|2010:1|2012:1
Paulina Rubio,5,2009-03-19,2017-09-20,5,0,2009:1|2012:2|2017:2
Peach Pit,5,2019-11-10,2022-03-11,3,0,2019:1|2022:4
Pete Murray,5,2012-05-10,2012-05-13,4,0,2012:5
Petit Biscuit,5,2019-06-19,2026-09-02,3,0,2019:2|2023:2|2026:1
Phaeleh,5,2012-12-20,2017-11-27,5,0,2012:1|2013:1|2014:1|2017:2
Photay,5,2014-12-09,2019-05-10,2,0,2014:2|2017:2|2019:1
Phyllis Dillon,5,2022-04-08,2022-10-21,4,0,2022:5
Piae Cantiones,5,2021-12-24,2021-12-24,5,0,2021:5
Picture Parlour,5,2023-07-17,2024-02-15,1,0,2023:1|2024:4
PNAU,5,2012-07-20,2023-05-21,5,0,2012:4|2023:1
Porject Idee,5,2006-03-03,2009-11-19,2,0,2006:1|2007:1|2008:2|2009:1
Purr,5,2019-11-24,2023-06-12,4,0,2019:1|2021:1|2023:3
Rae & Christian,5,2007-07-27,2026-05-25,3,0,2007:3|2009:1|2026:1
Rag'n'Bone Man,5,2017-08-08,2025-06-07,3,0,2017:2|2025:3
Raphael Gualazzi,5,2012-05-27,2013-11-17,1,0,2012:3|2013:2
Rayland Baxter,5,2017-09-21,2019-06-30,3,0,2017:3|2019:2
Republica,5,2010-08-18,2023-08-12,1,0,2010:1|2012:1|2022:1|2023:2
Revers Gagnant,5,2022-10-04,2025-07-24,3,0,2022:4|2025:1
Rhiannon Giddens,5,2020-12-30,2024-08-29,3,0,2020:1|2021:2|2024:2
Rhythm & Sound,5,2007-11-03,2019-08-08,3,0,2007:1|2010:1|2012:2|2019:1
Robin Cook,5,2007-07-30,2012-10-26,2,0,2007:3|2008:1|2012:1
Rose Royce,5,2007-10-06,2015-09-30,2,0,2007:1|2008:2|2009:1|2015:1
Rouge Rouge,5,2012-04-01,2019-06-14,2,0,2012:4|2019:1
Rouge Rouge feat. Karin Viard,5,2007-11-03,2012-05-28,2,0,2007:2|2011:1|2012:2
Rukaiya Russell,5,2014-12-09,2017-05-02,2,0,2014:2|2017:3
Rush Hour,5,2007-10-15,2010-01-04,1,0,2007:2|2008:1|2009:1|2010:1
Safri Duo,5,2006-04-28,2022-09-07,2,0,2006:1|2007:2|2008:1|2022:1
Salt Tank,5,2006-04-10,2012-05-27,2,0,2006:1|2007:2|2010:1|2012:1
Samantha Crain,5,2015-11-25,2025-11-21,5,0,2015:1|2021:2|2025:2
Sanni,5,2023-07-07,2024-04-24,3,0,2023:1|2024:4
Sarah Connor,5,2007-04-23,2022-12-24,2,0,2007:1|2008:1|2009:2|2022:1
SARAPATA,5,2022-01-04,2022-01-04,5,0,2022:5
Saves the Day,5,2006-03-02,2010-05-17,1,0,2006:1|2007:1|2008:1|2009:1|2010:1
Sergio Ricardo,5,2006-11-02,2008-12-15,1,0,2006:1|2007:1|2008:3
Seun Kuti,5,2009-08-05,2023-05-23,5,0,2009:4|2023:1
Shake Shake Go,5,2015-03-02,2015-12-07,3,0,2015:5
Shania Twain,5,2008-08-06,2026-09-06,5,0,2008:2|2015:2|2026:1
"Shawn Mendes, Camila Cabello",5,2020-02-28,2025-10-14,1,0,2020:2|2024:1|2025:2
Shazz,5,2012-12-08,2021-04-09,2,0,2012:1|2013:3|2021:1
Sheppard,5,2014-12-22,2015-09-10,2,0,2014:1|2015:4
Shivaree,5,2007-01-23,2010-09-25,1,0,2007:1|2008:1|2010:3
Shortie No Mass,5,2006-03-14,2010-05-07,1,0,2006:1|2007:2|2009:1|2010:1
Silkinpehmee,5,2021-01-08,2021-01-10,5,0,2021:5
Simply Red,5,2008-07-25,2011-02-01,1,0,2008:1|2010:3|2011:1
Sissal,5,2025-05-19,2025-10-21,1,0,2025:5
sjowgren,5,2019-06-05,2024-04-30,4,0,2019:1|2022:1|2023:1|2024:2
Skinny Pelembe,5,2017-09-01,2025-01-13,4,0,2017:4|2025:1
Sky Ferreira,5,2024-09-02,2026-08-21,3,0,2024:1|2025:3|2026:1
slenderbodies,5,2019-09-25,2021-01-16,3,0,2019:3|2021:2
Slim Smith,5,2022-04-08,2022-10-21,4,0,2022:5
Slowberry,5,2023-09-05,2023-09-11,3,0,2023:5
Smokey Robinson and The Miracles,5,2007-12-23,2024-06-21,4,0,2007:2|2008:1|2015:1|2024:1
Sons Of Maria,5,2016-01-11,2017-12-04,3,0,2016:2|2017:3
Souleance,5,2011-06-12,2017-10-25,2,0,2011:3|2014:1|2017:1
Sparky Deathcap,5,2023-10-28,2024-03-02,3,0,2023:3|2024:2
Spice,5,2024-08-11,2024-08-11,5,0,2024:5
Spiritualized,5,2019-09-02,2022-10-06,2,0,2019:2|2022:3
Squid,5,2020-12-09,2026-03-25,4,0,2020:1|2025:1|2026:3
ST*RMAN,5,2014-06-03,2016-02-04,4,0,2014:4|2016:1
Stan Getz & João Gilberto,5,2006-10-18,2024-07-13,2,0,2006:1|2007:2|2010:1|2024:1
Stardust,5,2012-05-16,2026-09-04,1,0,2012:1|2026:4
Starland Vocal Band,5,2006-09-17,2010-04-08,1,0,2006:2|2007:1|2010:2
Stars,5,2008-02-28,2013-09-21,3,0,2008:2|2011:1|2012:1|2013:1
Starship,5,2007-09-03,2025-07-09,1,0,2007:3|2008:1|2025:1
Stéphane Pompougnac feat. Lady Linn,5,2012-05-28,2012-05-28,5,0,2012:5
Summer Walker,5,2022-12-29,2026-03-26,4,0,2022:1|2025:3|2026:1
Super8 & Tab,5,2013-05-20,2013-05-20,5,0,2013:5
Superorganism,5,2017-10-24,2025-02-10,4,0,2017:1|2019:3|2025:1
Sweetfire,5,2014-09-21,2016-02-03,4,0,2014:1|2015:3|2016:1
Tall Heights,5,2017-08-08,2021-08-22,3,0,2017:3|2019:1|2021:1
Tape Machines,5,2021-02-21,2021-03-14,1,0,2021:5
Tarkan,5,2006-10-15,2008-04-07,4,0,2006:2|2007:2|2008:1
"Taylor Swift, Bon Iver",5,2024-11-07,2025-07-14,1,0,2024:1|2025:4
Temples,5,2019-05-21,2022-09-04,4,0,2019:3|2020:1|2022:1
Terry Jacks,5,2007-03-19,2013-08-29,1,0,2007:3|2010:1|2013:1
The 5th Dimension,5,2009-12-12,2020-09-08,3,0,2009:2|2010:1|2012:1|2020:1
The All-American Boys Chorus,5,2012-12-23,2012-12-23,5,0,2012:5
The Animals,5,2008-03-02,2012-12-19,5,0,2008:1|2012:4
The Aubreys,5,2021-10-23,2022-02-21,3,0,2021:3|2022:2
The Bar-Kays,5,2007-09-30,2010-04-18,1,0,2007:4|2010:1
The Beatles Tribute Project,5,2012-12-19,2012-12-19,5,0,2012:5
The Champs,5,2006-06-11,2010-09-30,3,0,2006:1|2008:3|2010:1
The Countdown Kids,5,2021-09-25,2021-12-12,4,0,2021:5
The Dave Brubeck Quartet,5,2012-12-10,2017-09-13,3,0,2012:1|2013:2|2017:2
The Horrors,5,2012-08-03,2025-01-30,2,0,2012:1|2013:2|2020:1|2025:1
The J. Geils Band,5,2006-10-27,2010-09-30,1,0,2006:1|2007:2|2008:1|2010:1
The Jepettos,5,2014-11-04,2015-12-04,2,0,2014:2|2015:3
The John Butler Trio,5,2012-05-10,2013-03-19,5,0,2012:3|2013:2
The Lovin' Spoonful,5,2009-12-12,2012-12-19,4,0,2009:3|2012:2
The Lowest Pair,5,2015-12-01,2015-12-04,1,0,2015:5
The Middle East,5,2014-01-16,2017-10-24,3,0,2014:1|2015:2|2017:2
The Mighty Diamonds,5,2022-04-09,2022-04-09,5,0,2022:5
"The National, Bon Iver",5,2024-08-09,2025-07-17,1,0,2024:4|2025:1
The O'Jays,5,2011-09-09,2015-11-18,3,0,2011:1|2012:1|2013:1|2015:2
"The Roots, Common, Mos Def, Dice Raw Black Thoughts",5,2007-12-13,2010-01-17,1,0,2007:1|2008:2|2009:1|2010:1
The Stooges,5,2008-09-16,2010-11-18,1,0,2008:1|2009:2|2010:2
THE TORTURED POETS DEPARTMENT Live Session,5,2024-06-21,2024-07-05,3,0,2024:5
The Trammps,5,2008-09-25,2023-06-10,3,0,2008:1|2010:2|2013:1|2023:1
The Wanted,5,2012-05-05,2013-03-23,4,0,2012:2|2013:3
The Young Dubliners,5,2008-02-28,2009-03-06,3,0,2008:4|2009:1
The Youngbloods,5,2006-05-20,2009-12-12,1,0,2006:2|2007:2|2009:1
Thirty Seconds to Mars,5,2023-09-16,2024-04-18,2,0,2023:4|2024:1
Tiffany Day,5,2021-02-05,2021-02-05,5,0,2021:5
Tina Turner,5,2007-04-16,2023-07-18,4,0,2007:1|2008:2|2012:1|2023:1
Tirzah,5,2014-11-19,2026-08-19,3,0,2014:1|2026:4
TNT,5,2026-07-18,2026-08-22,3,0,2026:5
Toby Keith,5,2010-11-28,2010-12-26,3,0,2010:5
Todd Terje,5,2014-01-14,2017-04-06,5,0,2014:1|2015:3|2017:1
Tom Johnston,5,2006-11-05,2010-05-06,1,0,2006:1|2007:2|2010:2
Tom Waits,5,2007-03-31,2024-09-02,4,0,2007:1|2009:1|2013:2|2024:1
Tom Zé,5,2017-06-13,2017-07-02,4,0,2017:5
Tontelas,5,2012-05-27,2013-11-18,1,0,2012:3|2013:2
Trentemøller,5,2013-03-04,2015-11-30,3,0,2013:1|2015:4
Truby Trio Feat Marcia Montez,5,2006-02-27,2007-04-14,1,0,2006:3|2007:2
Twin Shadow,5,2012-08-04,2019-09-16,3,0,2012:1|2019:4
Ultra Bra,5,2006-04-01,2007-01-15,2,0,2006:4|2007:1
UnoTheActivist,5,2023-08-21,2023-10-23,3,0,2023:5
Us The Duo,5,2014-11-04,2021-10-31,2,0,2014:2|2015:2|2021:1
USA for Africa,5,2006-03-31,2006-05-12,1,0,2006:5
Valante,5,2021-02-21,2021-03-14,1,0,2021:5
Vanessa Paradis,5,2010-10-04,2025-12-04,3,0,2010:1|2013:1|2014:2|2025:1
"Vianney, Zazie",5,2025-10-23,2025-11-26,1,0,2025:5
Violent Femmes,5,2021-09-14,2026-07-16,2,0,2021:3|2023:1|2026:1
Voice,5,2021-04-28,2021-04-28,5,0,2021:5
Wallice,5,2022-02-21,2023-07-17,3,0,2022:2|2023:3
Waylon Jennings,5,2007-09-02,2026-02-26,4,0,2007:1|2010:1|2012:1|2025:1|2026:1
Waylon Malloy Payne,5,2006-05-20,2010-04-09,1,0,2006:3|2010:2
Wayne Shorter,5,2015-09-29,2024-08-14,4,0,2015:1|2017:3|2024:1
Wee Bee Foolish,5,2006-03-14,2010-05-07,1,0,2006:2|2009:2|2010:1
Weldon Irvine,5,2007-09-15,2015-08-17,2,0,2007:3|2008:1|2015:1
Whitesnake,5,2013-01-08,2025-07-09,4,0,2013:2|2023:1|2025:2
Whitney,5,2019-07-24,2024-11-11,4,0,2019:1|2020:2|2021:1|2024:1
Wilson De Neves,5,2006-11-02,2008-10-20,1,0,2006:1|2007:3|2008:1
Wu-Tang Clan,5,2015-12-02,2023-11-26,4,0,2015:2|2017:1|2023:2
Wugo,5,2022-10-04,2022-10-22,3,0,2022:5
Xinobi,5,2021-02-21,2021-06-22,1,0,2021:5
Yabby You,5,2022-04-09,2022-04-09,3,0,2022:5
Yacht,5,2012-05-13,2014-01-15,3,0,2012:3|2013:1|2014:1
YBN Cordae,5,2019-05-16,2019-08-14,4,0,2019:5
Yeboyah,5,2022-08-03,2024-07-21,4,0,2022:1|2023:1|2024:3
Yosi Horikawa,5,2026-04-12,2026-04-12,4,0,2026:5
You+Me,5,2014-11-04,2015-04-02,1,0,2014:2|2015:3
Zappacosta,5,2006-09-17,2010-05-06,1,0,2006:3|2010:2
Zen Café,5,2006-04-01,2007-01-17,3,0,2006:4|2007:1
Ziv Zaifman,5,2020-12-08,2023-12-13,1,0,2020:1|2022:3|2023:1
Zwicker,5,2010-10-04,2013-02-06,2,0,2010:1|2012:3|2013:1
عمر دياب,5,2012-04-06,2012-04-25,4,0,2012:5
#1 Beatles Now,4,2012-12-19,2012-12-19,4,0,2012:4
$uicideboy$,4,2024-07-04,2025-06-05,3,0,2024:1|2025:3
16 Bit Lolitas,4,2016-01-11,2016-02-02,2,0,2016:4
65daysofstatic,4,2007-07-24,2013-02-15,2,0,2007:1|2009:1|2010:1|2013:1
88rising,4,2019-09-16,2019-09-16,4,0,2019:4
A R Rahman ft. Palakkad Sriram & Madhumitha,4,2009-05-17,2010-07-04,1,0,2009:1|2010:3
A.A. Bondy,4,2015-01-24,2015-09-17,1,0,2015:4
Aaron May,4,2019-05-16,2024-06-16,3,0,2019:3|2024:1
Above & Beyond,4,2017-09-18,2024-05-05,4,0,2017:3|2024:1
AceMo,4,2019-10-05,2022-04-13,4,0,2019:1|2020:1|2021:1|2022:1
Active Child,4,2014-01-15,2026-05-26,4,0,2014:1|2017:1|2021:1|2026:1
Alamein,4,2014-09-21,2016-02-03,1,0,2014:2|2015:1|2016:1
Alberta Cross,4,2015-11-25,2024-01-16,3,0,2015:1|2024:3
Alessandro Boschi,4,2012-07-15,2013-01-20,2,0,2012:2|2013:2
Alex Cornell,4,2014-11-04,2015-04-02,1,0,2014:2|2015:2
Alexia,4,2007-09-03,2009-10-17,2,0,2007:2|2008:1|2009:1
ALEXSUCKS,4,2023-07-17,2023-07-22,2,0,2023:4
Alice Coltrane,4,2017-04-04,2017-07-11,2,0,2017:4
All We Are,4,2020-12-08,2022-09-04,2,0,2020:1|2022:3
Amanaska,4,2013-01-21,2013-01-23,3,0,2013:4
Amanda Perez,4,2008-01-14,2009-11-23,1,0,2008:1|2009:3
Ambré,4,2024-08-22,2024-08-22,4,0,2024:4
Ame Strong,4,2006-04-10,2010-05-04,1,0,2006:2|2007:1|2010:1
Amon Tobin,4,2013-03-20,2014-04-30,4,0,2013:3|2014:1
Amythyst Kiah,4,2021-08-22,2024-08-29,2,0,2021:1|2023:1|2024:2
Anavitória,4,2017-06-13,2017-06-27,4,0,2017:4
Andrew Applepie,4,2019-06-30,2019-09-16,2,0,2019:4
"Andrew Bird, Madison Cunningham",4,2025-04-14,2025-04-28,4,0,2025:4
Andrew Combs,4,2017-10-20,2020-07-31,2,0,2017:1|2019:1|2020:2
Andrew Wyatt,4,2023-07-10,2023-11-01,1,0,2023:4
Andy McKee,4,2014-12-29,2015-12-09,2,0,2014:1|2015:3
Angel Haze,4,2013-08-11,2013-08-11,4,0,2013:4
Anggun & Jonas Winge Leisner,4,2006-04-24,2006-09-19,1,0,2006:4
Angine de poitrine,4,2026-04-14,2026-04-20,2,0,2026:4
Anitta,4,2013-11-26,2017-06-13,4,0,2013:3|2017:1
Anjimile,4,2020-10-20,2025-01-13,2,0,2020:2|2023:1|2025:1
Ann Bell Fell,4,2007-10-06,2010-04-09,1,0,2007:1|2008:2|2010:1
Anna Ternheim,4,2014-05-01,2025-09-15,4,0,2014:2|2017:1|2025:1
Annie and the Caldwells,4,2026-01-14,2026-01-14,4,0,2026:4
Anthony Ramos,4,2022-03-05,2022-03-08,3,0,2022:4
Antigoni,4,2026-04-15,2026-05-11,1,0,2026:4
Antiloop,4,2006-04-01,2010-03-02,2,0,2006:1|2009:2|2010:1
Antonio Carlos E Jocafi,4,2006-11-02,2009-03-27,1,0,2006:1|2007:1|2008:1|2009:1
Aoife O'Donovan,4,2017-09-21,2026-09-05,4,0,2017:1|2020:2|2026:1
Arakatuba Feat Lilliana Chachi,4,2006-02-27,2008-10-31,1,0,2006:3|2008:1
Ashley Monroe,4,2015-09-14,2026-09-06,4,0,2015:1|2021:1|2024:1|2026:1
Ashley Tisdale,4,2007-12-23,2009-10-15,1,0,2007:2|2008:1|2009:1
Ashnikko,4,2021-01-07,2025-06-05,3,0,2021:1|2023:2|2025:1
Astrud Gilberto W/ Antonio Carlos Jobim,4,2006-10-26,2010-02-05,1,0,2006:2|2007:1|2010:1
Attlas,4,2016-01-11,2017-11-27,2,0,2016:2|2017:2
Au Revoir Simone,4,2012-10-01,2013-08-27,4,0,2012:3|2013:1
Austin Basham,4,2015-11-25,2020-07-31,1,0,2015:1|2017:1|2020:2
Autograf,4,2015-09-24,2026-08-28,3,0,2015:1|2024:2|2026:1
Avalon Emerson,4,2023-06-20,2025-01-13,3,0,2023:1|2025:3
"Avicii, Aloe Blacc",4,2025-02-09,2025-05-20,1,0,2025:4
"Avicii, MishCatt",4,2025-02-09,2025-03-09,1,0,2025:4
"Avicii, Sandro Cavazza",4,2025-02-09,2025-06-06,1,0,2025:4
B.B. King,4,2012-12-19,2012-12-19,3,0,2012:4
Babyface,4,2007-12-23,2008-12-24,1,0,2007:2|2008:2
Bad Company,4,2006-05-11,2015-06-25,2,0,2006:1|2008:1|2009:1|2015:1
Balu Brigada,4,2023-06-05,2023-12-20,2,0,2023:4
Bar Italia,4,2024-01-08,2026-03-12,3,0,2024:3|2026:1
Barbara Mendes,4,2008-08-17,2012-12-09,1,0,2008:1|2009:1|2010:1|2012:1
Barfalk,4,2014-09-25,2016-02-05,3,0,2014:1|2015:2|2016:1
Bartees Strange,4,2021-01-21,2026-04-08,4,0,2021:1|2022:1|2025:1|2026:1
Batu,4,2026-07-03,2026-07-05,2,0,2026:4
BBY,4,2023-09-27,2024-06-08,2,0,2023:2|2024:2
BEHARIE,4,2023-07-11,2023-09-12,2,0,2023:4
Bel,4,2022-03-29,2024-01-02,3,0,2022:2|2023:1|2024:1
Bella Poarch,4,2021-06-23,2024-10-28,3,0,2021:1|2023:1|2024:2
Ben Kweller,4,2026-07-22,2026-07-24,4,0,2026:4
Ben Sollee,4,2015-03-23,2018-01-05,4,0,2015:3|2018:1
Ben Westbeech,4,2009-08-14,2021-04-10,4,0,2009:2|2015:1|2021:1
BENEE,4,2020-12-02,2025-08-18,4,0,2020:1|2022:1|2023:1|2025:1
Beth McCarthy,4,2024-02-14,2024-02-26,1,0,2024:4
Big Data,4,2014-11-05,2015-01-24,1,0,2014:3|2015:1
Big K.R.I.T.,4,2019-05-16,2026-03-23,4,0,2019:3|2026:1
Big Sean,4,2014-12-30,2026-02-03,3,0,2014:1|2019:2|2026:1
Big Wild,4,2022-08-24,2026-08-28,3,0,2022:1|2023:2|2026:1
BigXthaPlug,4,2023-01-01,2026-08-07,3,0,2023:2|2026:2
Bill Medley,4,2025-02-23,2025-02-23,4,0,2025:4
Billie Black,4,2014-12-09,2017-05-02,1,0,2014:2|2017:2
Billy Currington,4,2012-05-07,2021-07-25,3,0,2012:1|2014:2|2021:1
Bing Crosby & David Bowie,4,2008-12-24,2010-12-26,1,0,2008:1|2010:3
Birdtalker,4,2017-09-21,2023-04-07,2,0,2017:1|2019:1|2021:1|2023:1
"Black Thought, Pharoahe Monch & Talib Kweli",4,2009-04-12,2010-10-01,1,0,2009:3|2010:1
BlasterJaxx,4,2025-04-24,2025-04-28,2,0,2025:4
Bledbox,4,2012-07-15,2012-07-15,2,0,2012:4
Blood Cultures,4,2020-10-14,2022-10-06,2,0,2020:1|2022:3
Blu Detiger,4,2022-06-13,2026-08-03,3,0,2022:1|2024:1|2026:2
Blundetto,4,2012-05-27,2013-02-06,1,0,2012:3|2013:1
Blusher,4,2024-04-19,2026-08-21,4,0,2024:2|2026:2
Bob Junior,4,2024-01-11,2024-03-11,2,0,2024:4
Bokani Dyer,4,2024-05-04,2024-05-15,2,0,2024:4
Boldy James,4,2020-09-01,2026-07-06,4,0,2020:1|2026:3
Bootsy collind ft Kelli Ali,4,2007-08-14,2010-01-03,1,0,2007:2|2009:1|2010:1
Boris Gardiner,4,2006-09-23,2011-02-02,1,0,2006:1|2007:1|2010:1|2011:1
Boulevard des Airs,4,2025-12-01,2025-12-02,3,0,2025:4
"Britney Spears, Monica, Joe, -NSYNC, Christina Aguilera, Santana, Jars of Clay, Dave Matthews, Dido, Steps, Backstreet Boys, R. Kelly, Donell Jones, TLC, Toni Braxton, Whitney Houston",4,2006-10-27,2008-12-24,1,0,2006:1|2008:3
Cafe Les Costes Club Dj Chillout,4,2013-11-19,2013-11-24,4,0,2013:4
"Camilo Forero, Minecraft",4,2025-01-18,2025-01-21,3,0,2025:4
Captain Jack,4,2007-10-06,2009-03-20,3,0,2007:1|2008:1|2009:2
Carbon Based Lifeforms,4,2013-03-04,2013-04-24,3,0,2013:4
Cardi B,4,2020-03-24,2023-10-08,4,0,2020:2|2021:1|2023:1
Carl Douglas,4,2021-11-12,2022-10-21,1,0,2021:1|2022:3
Carolina Chocolate Drops,4,2015-09-07,2024-08-31,1,0,2015:2|2024:2
Caroline Loveglow,4,2021-11-12,2022-02-09,2,0,2021:2|2022:2
Cartola,4,2015-04-01,2024-07-13,2,0,2015:1|2017:2|2024:1
Cary Pierce,4,2015-01-24,2015-09-17,1,0,2015:4
Cascada,4,2006-05-12,2012-12-23,3,0,2006:1|2012:3
Cate Le Bon,4,2024-09-03,2025-10-13,3,0,2024:1|2025:3
Charlie Feathers,4,2006-05-10,2010-10-15,2,0,2006:2|2007:1|2010:1
Cheb Mami,4,2012-04-06,2012-05-25,2,0,2012:4
Chelsea Jade,4,2019-08-27,2024-05-05,3,0,2019:2|2024:2
Cheryl Cole,4,2010-05-31,2013-01-06,2,0,2010:1|2012:2|2013:1
Chet Faker,4,2014-09-21,2026-04-18,4,0,2014:2|2020:1|2026:1
Chihei Hatakeyama,4,2026-02-25,2026-02-27,2,0,2026:4
Chilled Pig,4,2024-02-24,2024-02-26,2,0,2024:4
Chingon,4,2006-04-02,2007-10-20,1,0,2006:3|2007:1
Chris and Thomas,4,2015-01-24,2015-09-17,1,0,2015:4
"Chris Potter, John Patitucci, Brian Blade, Brad Mehldau",4,2026-01-19,2026-01-20,4,0,2026:4
Chris Trapper,4,2015-01-24,2015-10-02,1,0,2015:4
Christian Löffler,4,2019-05-03,2024-12-27,2,0,2019:2|2024:2
Christophe Maé,4,2023-12-15,2025-12-04,4,0,2023:1|2025:3
Christopher Jackson,4,2017-11-27,2022-03-08,3,0,2017:1|2019:1|2022:2
Chromatics,4,2012-07-19,2017-04-19,4,0,2012:1|2013:1|2014:1|2017:1
Cisco Swank,4,2023-06-05,2026-06-05,2,0,2023:3|2026:1
Clannad,4,2006-04-04,2016-02-04,1,0,2006:1|2010:2|2016:1
Clark,4,2021-02-05,2025-01-13,3,0,2021:1|2023:2|2025:1
Claudia Leitte,4,2012-07-09,2017-06-13,3,0,2012:1|2013:1|2014:1|2017:1
Clay Aiken,4,2007-12-23,2008-12-24,1,0,2007:3|2008:1
Clinton Kane,4,2021-03-04,2026-07-09,4,0,2021:2|2026:2
CMAT,4,2022-05-23,2025-10-13,3,0,2022:1|2023:1|2025:2
CocoRosie,4,2020-10-14,2026-05-29,4,0,2020:1|2024:1|2026:2
COLETON RUBIN,4,2020-11-22,2023-04-07,2,0,2020:2|2021:1|2023:1
Coone,4,2026-07-18,2026-08-22,3,0,2026:4
Cornershop,4,2015-04-10,2026-07-20,3,0,2015:1|2020:1|2026:2
Courting,4,2024-01-15,2026-04-23,4,0,2024:1|2025:1|2026:2
Craig Morgan,4,2008-04-12,2012-05-14,2,0,2008:2|2009:1|2012:1
Crazy Frog,4,2009-10-31,2024-04-06,2,0,2009:1|2022:2|2024:1
Criolo,4,2014-11-20,2020-10-26,2,0,2014:2|2015:1|2020:1
Cyanea,4,2023-09-11,2023-09-11,3,0,2023:4
Cynthia Erivo,4,2025-04-29,2025-07-31,3,0,2025:4
Cécile Corbel,4,2022-04-16,2022-07-28,3,0,2022:4
Céu,4,2015-09-08,2017-07-02,4,0,2015:1|2017:3
D-Sturb,4,2026-07-18,2026-08-22,3,0,2026:4
d4vd,4,2023-01-13,2023-05-31,3,0,2023:4
Da Lata,4,2006-10-17,2010-10-15,1,0,2006:2|2007:1|2010:1
Dab,4,2012-07-15,2013-01-20,2,0,2012:2|2013:2
Dafna,4,2023-11-12,2024-01-16,1,0,2023:2|2024:2
"Daft Punk, Pharrell Williams, Nile Rodgers",4,2024-06-26,2025-04-02,2,0,2024:3|2025:1
Dana Glover,4,2007-08-06,2010-04-08,1,0,2007:2|2010:2
"Dance Music, EDM, Sigma Boy",4,2025-03-04,2025-04-10,4,0,2025:4
Danielle Ponder,4,2023-12-14,2026-06-22,2,0,2023:3|2026:1
Dario Caminita presents Da.Ma.Project,4,2012-05-27,2013-02-06,1,0,2012:3|2013:1
Dark Dark Dark,4,2013-01-16,2014-01-16,4,0,2013:1|2014:3
Darlingside,4,2020-10-13,2021-08-22,2,0,2020:3|2021:1
"Dave, James Blake",4,2026-01-05,2026-01-12,2,0,2026:4
David Carradine and Uma Thurman,4,2006-03-02,2010-04-08,2,0,2006:2|2010:2
Daya,4,2020-03-04,2025-10-14,3,0,2020:1|2024:1|2025:2
dayaway,4,2023-07-11,2024-01-15,3,0,2023:3|2024:1
Dayglow,4,2022-07-25,2025-03-23,4,0,2022:2|2024:1|2025:1
Daði Freyr,4,2021-05-22,2023-05-21,3,0,2021:2|2022:1|2023:1
Debbie Reynolds,4,2006-11-30,2010-03-24,1,0,2006:1|2008:1|2009:1|2010:1
Deborah's Child,4,2019-09-03,2020-11-27,2,0,2019:1|2020:3
Deepend,4,2023-03-09,2023-06-20,3,0,2023:4
Delroy Wilson,4,2022-04-08,2022-10-21,3,0,2022:4
Delta Goodrem,4,2024-06-24,2026-05-11,2,0,2024:1|2025:1|2026:2
Denai Moore,4,2014-06-03,2020-12-31,2,0,2014:1|2020:3
Dev,4,2012-05-18,2013-03-23,4,0,2012:2|2013:2
Devon Again,4,2021-07-31,2024-02-14,3,0,2021:2|2024:2
DIIV,4,2017-04-25,2025-02-04,3,0,2017:1|2024:1|2025:2
DJ Jazzy Jeff,4,2015-12-02,2017-11-28,2,0,2015:2|2017:2
DJ Sandrinho,4,2006-02-27,2007-11-10,1,0,2006:3|2007:1
Dolly Parton,4,2012-12-23,2022-12-24,3,0,2012:1|2014:1|2015:1|2022:1
Dominguinhos,4,2006-11-02,2008-10-21,1,0,2006:1|2007:1|2008:2
Don Toliver,4,2020-04-07,2025-07-16,3,0,2020:1|2024:2|2025:1
Donald Byrd,4,2012-07-16,2026-06-05,3,0,2012:1|2014:1|2015:1|2026:1
Dr. Dog,4,2013-08-20,2022-05-04,3,0,2013:1|2016:1|2022:2
Dreamville,4,2019-06-19,2019-08-14,4,0,2019:4
Drug Cabin,4,2023-11-22,2024-01-16,1,0,2023:2|2024:2
Dua Saleh,4,2019-08-14,2026-04-07,4,0,2019:1|2020:2|2026:1
Duptribe,4,2012-05-27,2013-02-06,1,0,2012:3|2013:1
Dustin O'Halloran,4,2016-02-04,2017-06-13,4,0,2016:3|2017:1
Dusty Springfield,4,2007-07-30,2015-11-17,2,0,2007:2|2009:1|2015:1
Earl,4,2006-03-14,2009-08-18,1,0,2006:2|2009:2
Eartha Kitt,4,2007-12-23,2008-10-28,1,0,2007:3|2008:1
Eddie Berman,4,2017-09-21,2020-08-12,2,0,2017:1|2019:1|2020:2
eee gee,4,2023-09-03,2023-09-12,1,0,2023:4
Efecto Pasillo,4,2017-09-20,2021-11-21,4,0,2017:3|2021:1
Elan Mehler,4,2009-08-14,2017-10-25,4,0,2009:2|2017:2
Electric Light Orchestra,4,2010-08-18,2026-05-02,3,0,2010:1|2022:1|2026:2
Eleni Drake,4,2020-10-13,2023-05-18,2,0,2020:2|2023:2
Eli Young Band,4,2014-05-27,2025-07-27,3,0,2014:2|2021:1|2025:1
Eliza Doolittle,4,2012-07-14,2013-05-05,2,0,2012:3|2013:1
Ellinoora,4,2020-12-02,2021-12-24,2,0,2020:2|2021:2
Elliot Goldenthal,4,2006-05-10,2010-04-05,1,0,2006:1|2007:2|2010:1
Em Beihold,4,2022-09-20,2025-10-14,4,0,2022:1|2024:1|2025:2
Embee,4,2017-11-27,2019-09-10,3,0,2017:2|2019:2
Emma Bale,4,2015-09-24,2021-01-17,2,0,2015:1|2017:2|2021:1
Emmett Kai,4,2019-09-25,2020-04-06,2,0,2019:3|2020:1
Emotional Oranges,4,2019-10-01,2024-08-22,4,0,2019:2|2020:1|2024:1
"Erykah Badu, The Alchemist",4,2025-07-27,2025-09-04,1,0,2025:4
Eva & The Heartmaker,4,2012-04-24,2012-07-20,3,0,2012:4
evalyn,4,2019-08-30,2019-11-25,1,0,2019:4
Evan and Jaron,4,2010-08-18,2013-03-20,2,0,2010:1|2012:2|2013:1
F,4,2024-02-16,2024-02-24,1,0,2024:4
Faces,4,2015-04-02,2026-07-21,3,0,2015:2|2019:1|2026:1
Fairport Convention,4,2015-12-03,2022-04-18,1,0,2015:1|2021:2|2022:1
Fake Plastic Heads,4,2025-03-19,2025-03-19,4,0,2025:4
Family of the Year,4,2013-04-25,2015-09-14,2,0,2013:1|2015:3
Fana Hues,4,2020-12-07,2024-04-18,4,0,2020:1|2021:1|2022:1|2024:1
Far Caspian,4,2019-06-24,2019-11-25,2,0,2019:4
Fatoumata Diawara,4,2012-04-07,2026-05-18,4,0,2012:1|2017:1|2026:2
Fay Wildhagen,4,2023-09-28,2024-03-11,3,0,2023:1|2024:3
Fcukers,4,2025-10-09,2026-03-13,3,0,2025:2|2026:2
Felix Ames,4,2022-02-15,2026-01-24,2,0,2022:1|2026:3
Fenne Lily,4,2017-09-21,2020-12-31,2,0,2017:1|2020:3
Fernanda Porto,4,2006-02-27,2015-08-18,2,0,2006:3|2015:1
Final Fantasy,4,2013-08-21,2013-08-21,3,0,2013:4
Finesse2tymes,4,2023-01-01,2025-09-26,3,0,2023:2|2025:2
FINNEAS,4,2020-03-04,2025-08-18,4,0,2020:1|2021:1|2025:2
Fjorden Baby!,4,2013-09-08,2013-09-08,4,0,2013:4
Flasher,4,2022-03-27,2022-05-04,1,0,2022:4
Fontella Bass,4,2006-03-03,2010-12-28,1,0,2006:1|2007:1|2010:2
Forrest Nolan,4,2021-02-15,2022-07-25,2,0,2021:3|2022:1
Frankie Cosmos,4,2016-02-03,2024-02-04,3,0,2016:1|2018:1|2024:2
Frankie Valli,4,2013-12-06,2017-09-04,1,0,2013:2|2014:1|2017:1
Freckle & Pete,4,2017-11-28,2019-04-30,2,0,2017:2|2018:1|2019:1
Freddie McGregor,4,2006-03-13,2022-10-21,3,0,2006:2|2010:1|2022:1
Freddie McKay,4,2008-01-05,2022-04-09,3,0,2008:1|2022:3
Freddie Mercury,4,2009-10-17,2026-02-20,3,0,2009:1|2021:2|2026:1
Free Cake For Every Creature,4,2026-03-01,2026-04-06,2,0,2026:4
Freedom Fry,4,2019-06-05,2023-07-19,4,0,2019:1|2021:2|2023:1
Funeral For A Friend,4,2008-09-01,2010-04-29,1,0,2008:1|2009:2|2010:1
Furry Phreaks feat. Terra Deva,4,2006-10-15,2010-12-12,1,0,2006:2|2009:1|2010:1
G-Eazy,4,2017-03-28,2018-01-04,3,0,2017:3|2018:1
G. Love,4,2012-05-10,2012-05-13,4,0,2012:4
G. Love & Special Sauce,4,2012-05-10,2012-05-13,4,0,2012:4
Gelka,4,2012-07-15,2013-01-20,2,0,2012:2|2013:2
Genesis Owusu,4,2023-07-11,2024-01-11,2,0,2023:2|2024:2
George Clinton,4,2006-05-13,2007-12-17,1,0,2006:2|2007:2
Geowulf,4,2019-08-30,2021-09-14,1,0,2019:3|2021:1
Gerrit van der Meer,4,2012-05-31,2021-04-09,2,0,2012:2|2013:1|2021:1
Gesaffelstein,4,2015-09-23,2026-01-29,2,0,2015:3|2026:1
Gettomasa,4,2022-08-03,2022-11-14,3,0,2022:4
Ghost Dubs,4,2026-08-24,2026-08-24,4,0,2026:4
Ghostpoet,4,2014-12-03,2026-07-06,3,0,2014:2|2020:1|2026:1
Ginger Root,4,2019-09-17,2023-01-09,4,0,2019:2|2022:1|2023:1
Ginger Williams,4,2022-04-08,2022-04-09,4,0,2022:4
Girl Ray,4,2021-10-27,2026-01-28,4,0,2021:1|2023:1|2026:2
Goapele/Zion I,4,2006-03-14,2009-08-18,1,0,2006:2|2009:2
Goat,4,2013-04-07,2025-01-30,4,0,2013:1|2022:1|2025:2
GoGo Penguin,4,2014-11-20,2019-08-08,2,0,2014:3|2019:1
Gold Fir,4,2019-09-25,2019-09-27,1,0,2019:4
Goldfinger,4,2011-01-18,2021-06-12,2,0,2011:3|2021:1
Goldie Boutilier,4,2023-06-19,2024-04-28,3,0,2023:1|2024:3
Good Morning,4,2018-01-05,2025-01-24,3,0,2018:1|2024:2|2025:1
Good Old War,4,2012-05-13,2017-10-24,3,0,2012:3|2017:1
Gorgon City,4,2014-09-21,2014-12-11,3,0,2014:4
Goth Babe,4,2019-08-13,2023-12-06,3,0,2019:3|2023:1
Grand Funk Railroad,4,2006-02-28,2010-04-22,1,0,2006:1|2009:1|2010:2
Grand palace,4,2008-08-17,2011-01-19,1,0,2008:1|2010:2|2011:1
Grande Mahogany,4,2024-07-10,2024-07-11,4,0,2024:4
Grandma,4,2020-11-27,2023-06-12,3,0,2020:1|2021:1|2023:2
Greentea Peng,4,2019-10-01,2025-02-07,3,0,2019:2|2025:2
Gregory Porter,4,2012-12-09,2020-10-02,4,0,2012:1|2013:1|2015:1|2020:1
Grupo Batuque,4,2009-08-14,2017-01-11,2,0,2009:3|2017:1
GUM,4,2023-06-20,2024-06-17,3,0,2023:3|2024:1
Guru Josh Project,4,2009-07-14,2009-09-05,1,0,2009:4
H.E.R.,4,2021-03-04,2024-07-19,3,0,2021:1|2022:2|2024:1
Haley Blais,4,2019-11-26,2023-06-08,3,0,2019:1|2021:2|2023:1
Haley Heynderickx,4,2020-08-12,2025-04-28,4,0,2020:1|2023:1|2025:2
Hamilton,4,2015-11-26,2025-06-03,3,0,2015:1|2021:1|2025:2
Hamish Hawk,4,2026-07-22,2026-07-24,2,0,2026:4
Hard Driver,4,2026-08-22,2026-08-22,4,0,2026:4
Harris & Ford,4,2026-07-18,2026-08-22,2,0,2026:4
Harrison Storm,4,2015-11-25,2019-11-26,4,0,2015:1|2017:2|2019:1
Harry Nilsson,4,2009-12-12,2021-12-10,2,0,2009:1|2010:2|2021:1
Hatchie,4,2019-06-30,2026-03-01,4,0,2019:1|2022:1|2025:1|2026:1
Hazel English,4,2022-10-06,2024-02-22,3,0,2022:1|2023:2|2024:1
Hector Plimmer,4,2014-12-10,2017-09-04,2,0,2014:1|2017:3
Henrique & Juliano,4,2017-06-12,2017-06-27,4,0,2017:4
High Klassified,4,2019-04-30,2019-04-30,4,0,2019:4
Hinder,4,2011-01-15,2017-06-14,3,0,2011:1|2017:3
Hurricane Bells,4,2009-10-21,2010-10-11,2,0,2009:2|2010:2
Husky Rescue,4,2010-09-28,2013-06-04,4,0,2010:1|2013:3
Hyd,4,2026-02-06,2026-08-21,4,0,2026:4
IAM,4,2025-09-22,2025-11-14,3,0,2025:4
Ian Britt,4,2015-01-24,2015-09-17,1,0,2015:4
Ian van Dahl,4,2006-10-15,2009-11-28,1,0,2006:1|2008:1|2009:2
Icarus,4,2019-08-28,2023-09-28,2,0,2019:1|2023:3
Iceage,4,2026-02-08,2026-05-31,4,0,2026:4
"Imagine Dragons, Jid, Arcane, League of Legends",4,2025-06-04,2025-06-05,1,0,2025:4
Indigo De Souza,4,2022-04-12,2026-04-20,3,0,2022:1|2024:1|2025:1|2026:1
Indila,4,2025-12-02,2025-12-04,3,0,2025:4
Infinity Song,4,2023-12-14,2023-12-20,2,0,2023:4
Inhaler,4,2023-01-18,2026-03-23,3,0,2023:2|2025:1|2026:1
Isabel LaRosa,4,2021-11-13,2023-10-19,3,0,2021:1|2022:1|2023:2
Ismaël Lô,4,2009-03-29,2010-04-18,1,0,2009:2|2010:2
Iyaz,4,2010-03-24,2025-07-09,1,0,2010:3|2025:1
J Mascis,4,2013-09-21,2024-01-15,3,0,2013:2|2015:1|2024:1
J-Why,4,2014-12-09,2020-10-26,1,0,2014:2|2017:1|2020:1
J. Moore,4,2015-11-26,2016-02-04,2,0,2015:1|2016:3
Jadu Heart,4,2019-06-24,2022-12-12,4,0,2019:2|2022:2
Jagwar Ma,4,2013-09-21,2019-08-27,4,0,2013:1|2017:2|2019:1
Jake Shimabukuro,4,2014-12-29,2021-10-31,2,0,2014:1|2015:2|2021:1
Jake Smith,4,2022-01-05,2022-03-10,2,0,2022:4
Jam da Silva,4,2011-06-12,2017-10-25,1,0,2011:3|2017:1
Jambo,4,2024-07-15,2024-07-15,2,0,2024:4
Jamisen,4,2022-02-09,2023-02-01,2,0,2022:2|2023:2
Jason Weaver,4,2006-04-22,2019-05-13,2,0,2006:1|2009:1|2010:1|2019:1
Jeff Beck,4,2007-09-12,2009-02-01,4,0,2007:1|2009:3
Jennifer Saunders,4,2006-11-06,2010-11-21,2,0,2006:1|2007:1|2010:2
Jenny Hval,4,2025-03-19,2025-11-21,4,0,2025:4
Jitwam,4,2020-07-30,2026-06-05,4,0,2020:1|2023:2|2026:1
Jo Manji,4,2012-05-27,2013-01-20,1,0,2012:3|2013:1
Joe,4,2010-12-24,2010-12-26,1,0,2010:4
Joe Dassin,4,2008-02-22,2010-10-04,2,0,2008:3|2010:1
Joe Goddard,4,2013-11-24,2026-08-28,4,0,2013:1|2019:2|2026:1
Joe Jonas,4,2024-08-02,2025-06-03,2,0,2024:1|2025:3
Joel Corry,4,2021-01-30,2024-05-26,3,0,2021:1|2022:1|2023:1|2024:1
Joey Pecoraro,4,2017-12-07,2021-02-22,3,0,2017:1|2019:1|2021:2
John Denver,4,2007-12-23,2008-02-04,1,0,2007:3|2008:1
Joker Out,4,2024-01-07,2026-05-25,1,0,2024:2|2025:1|2026:1
jome,4,2019-11-26,2023-10-28,2,0,2019:1|2023:3
Jorneymen DJ,4,2008-10-14,2010-04-06,1,0,2008:1|2009:2|2010:1
Joshua Hyslop,4,2018-01-05,2021-10-24,3,0,2018:1|2019:1|2021:2
Josiah and the Bonnevilles,4,2023-05-18,2023-05-18,2,0,2023:4
Joy Crookes,4,2020-07-30,2026-04-07,4,0,2020:1|2025:1|2026:2
Joy Williams,4,2019-05-07,2021-08-22,3,0,2019:1|2020:1|2021:2
Joya Landis,4,2022-04-09,2022-10-21,1,0,2022:4
JP Saxe,4,2019-09-05,2021-03-04,4,0,2019:1|2021:3
JT,4,2024-08-12,2024-08-12,4,0,2024:4
Juana Rozas,4,2026-02-14,2026-08-24,1,0,2026:4
Julia Holter,4,2013-04-07,2026-01-23,4,0,2013:1|2015:1|2025:1|2026:1
Julia Sheer,4,2015-03-02,2020-12-30,1,0,2015:3|2020:1
Julian Lage,4,2026-01-19,2026-01-20,4,0,2026:4
Juliana Hatfield,4,2023-07-17,2026-04-20,2,0,2023:1|2026:3
Jung JaeIl,4,2025-03-12,2025-04-10,1,0,2025:4
Junior English,4,2021-11-12,2022-10-21,1,0,2021:1|2022:3
Juryman feat. Cibelle,4,2006-02-27,2009-10-05,1,0,2006:2|2007:1|2009:1
Justin Hinds,4,2022-04-09,2022-10-21,2,0,2022:4
Jónsi,4,2013-08-22,2020-12-09,4,0,2013:3|2020:1
Kaina,4,2019-08-14,2026-04-08,3,0,2019:1|2022:2|2026:1
Kali,4,2020-11-22,2022-09-04,2,0,2020:2|2022:2
Kamasi Washington,4,2017-09-13,2026-01-20,4,0,2017:1|2026:3
KAN SANO,4,2019-08-23,2019-09-18,3,0,2019:4
Karen Dalton,4,2015-08-17,2025-11-20,4,0,2015:1|2025:3
Karuan,4,2012-05-27,2013-02-06,1,0,2012:3|2013:1
Katri Helena,4,2012-11-30,2021-12-24,1,0,2012:2|2020:1|2021:1
Kay Flock,4,2021-12-12,2022-04-18,3,0,2021:3|2022:1
Kelela,4,2025-03-13,2026-06-03,4,0,2025:2|2026:2
Ken Boothe,4,2006-12-12,2022-10-21,3,0,2006:1|2008:1|2022:2
"Kendji Girac, Vianney",4,2025-10-23,2025-11-24,1,0,2025:4
Kerkstra,4,2014-12-09,2017-05-02,2,0,2014:2|2017:2
Kevin Abstract,4,2019-09-27,2024-05-04,4,0,2019:2|2023:1|2024:1
King Hannah,4,2025-02-04,2026-04-08,3,0,2025:3|2026:1
Kitten,4,2021-10-23,2022-02-21,1,0,2021:2|2022:2
Kleerup,4,2012-07-10,2013-07-28,2,0,2012:1|2013:3
Krishnanda,4,2009-08-14,2017-01-11,2,0,2009:3|2017:1
"Käärijä, Baby Lasagna",4,2025-05-30,2025-10-11,2,0,2025:4
LA Priest,4,2020-11-22,2025-01-13,2,0,2020:3|2025:1
Larry Coleman 2020,4,2021-06-23,2024-05-01,4,0,2021:3|2024:1
Lauren Spencer Smith,4,2022-09-07,2025-07-23,4,0,2022:1|2023:1|2025:2
Lavender,4,2020-10-12,2020-12-19,2,0,2020:4
Lea Salonga,4,2012-10-20,2019-05-13,2,0,2012:1|2013:1|2014:1|2019:1
"Lee ""Scratch"" Perry",4,2022-04-08,2022-10-21,2,0,2022:4
lee - dorsey,4,2007-08-01,2010-04-18,1,0,2007:2|2008:1|2010:1
Lefto Early Bird,4,2024-05-04,2024-05-15,2,0,2024:4
Leith Ross,4,2022-04-22,2023-06-12,2,0,2022:2|2023:2
Leslie Carter,4,2007-09-12,2010-04-08,1,0,2007:2|2008:1|2010:1
Less Than Jake,4,2006-12-14,2008-08-20,3,0,2006:1|2007:1|2008:2
Let's Eat Grandma,4,2022-05-23,2026-08-19,4,0,2022:1|2024:1|2026:2
lightcore,4,2021-02-21,2021-03-14,1,0,2021:4
Lily & Madeleine,4,2014-11-04,2015-04-07,1,0,2014:2|2015:2
Linda Lampenius,4,2026-04-15,2026-05-11,1,0,2026:4
Lisa Loeb,4,2015-01-24,2026-01-12,3,0,2015:2|2017:1|2026:1
Little Big Town,4,2017-12-27,2020-04-03,4,0,2017:1|2020:3
Little Boots,4,2009-10-30,2010-01-27,1,0,2009:3|2010:1
Little Richard,4,2012-12-19,2023-06-12,4,0,2012:1|2015:1|2017:1|2023:1
Lo Fidelity Allstars,4,2006-12-13,2010-03-23,2,0,2006:1|2007:1|2009:1|2010:1
Logistics,4,2012-07-15,2012-10-23,2,0,2012:4
Lola Scott,4,2021-02-15,2024-01-15,2,0,2021:3|2024:1
Lonestar,4,2009-10-09,2012-05-07,4,0,2009:2|2010:1|2012:1
Los Del Río,4,2024-11-10,2024-11-12,2,0,2024:4
Louie Austen,4,2010-06-28,2013-01-19,2,0,2010:2|2012:1|2013:1
Love Arcade,4,2008-10-10,2013-05-13,2,0,2008:2|2013:2
Lowd/Presto,4,2006-03-14,2009-08-18,1,0,2006:3|2009:1
Loyle Carner,4,2019-09-27,2020-12-09,3,0,2019:1|2020:3
Loyle-Carner,4,2026-02-03,2026-04-07,4,0,2026:4
Luan Santana,4,2017-06-12,2017-06-27,4,0,2017:4
Lucas Estrada,4,2017-11-23,2023-06-20,4,0,2017:1|2019:1|2023:2
Lucas Santtana,4,2014-06-11,2025-09-11,4,0,2014:1|2015:2|2025:1
Lucky Daye,4,2020-07-29,2024-07-16,4,0,2020:1|2024:3
Luisito,4,2006-11-02,2009-02-23,1,0,2006:1|2007:1|2008:1|2009:1
Luke Combs,4,2024-06-26,2024-08-14,4,0,2024:4
Maceo Plex,4,2012-03-27,2013-02-06,1,0,2012:3|2013:1
Macklemore,4,2013-05-21,2025-03-04,4,0,2013:2|2017:1|2025:1
Mad Chronic,4,2017-11-28,2019-09-18,1,0,2017:1|2018:1|2019:2
Madi Diaz,4,2021-02-18,2023-04-07,3,0,2021:3|2023:1
MAGIC!,4,2014-11-04,2015-12-08,2,0,2014:2|2015:2
Maisie Peters,4,2017-12-27,2024-02-04,3,0,2017:1|2020:1|2024:2
Marco Mengoni,4,2023-05-17,2024-02-19,1,0,2023:3|2024:1
Marcus King,4,2024-04-28,2025-03-13,2,0,2024:3|2025:1
Marcy Playground,4,2012-05-16,2023-02-12,1,0,2012:3|2023:1
Maren Morris,4,2015-09-14,2025-09-19,4,0,2015:1|2025:3
Maria Creuza,4,2006-02-27,2007-09-21,1,0,2006:3|2007:1
Maria Rita,4,2012-05-07,2017-07-02,4,0,2012:3|2017:1
Marian Hill,4,2015-09-03,2026-07-06,2,0,2015:3|2026:1
Marika Hackman,4,2020-12-31,2026-01-23,3,0,2020:2|2025:1|2026:1
Marine,4,2025-11-03,2026-07-10,3,0,2025:2|2026:2
Markscheider Kunst,4,2013-04-11,2013-04-12,4,0,2013:4
Marta Sánchez,4,2026-04-18,2026-04-18,4,0,2026:4
Mary Chapin Carpenter,4,2006-12-01,2021-03-14,2,0,2006:1|2008:1|2021:2
Mary Lattimore,4,2026-05-15,2026-05-15,4,0,2026:4
MaSaKa,4,2023-09-18,2023-09-19,2,0,2023:4
Masego,4,2022-12-29,2025-12-23,2,0,2022:2|2025:2
Matt Corby,4,2013-01-16,2023-07-30,3,0,2013:1|2015:1|2023:2
Matt Lange,4,2016-01-11,2017-11-27,3,0,2016:2|2017:2
Matt Maeson,4,2020-10-02,2023-03-22,2,0,2020:1|2023:3
Matt Simons,4,2013-04-14,2017-04-13,4,0,2013:1|2014:2|2017:1
Matthew Sweet,4,2017-01-18,2026-07-16,2,0,2017:3|2026:1
Matty Reynolds,4,2022-02-21,2022-03-11,1,0,2022:4
Maverick,4,2015-11-26,2016-02-05,2,0,2015:2|2016:2
Max Jury,4,2014-11-30,2015-04-20,2,0,2014:2|2015:2
Max Richter,4,2013-02-22,2017-11-28,4,0,2013:1|2017:3
maxime.,4,2020-11-22,2021-01-17,2,0,2020:3|2021:1
Mayday Parade,4,2020-04-03,2026-01-19,4,0,2020:1|2025:2|2026:1
Me'Shell Ndegéocello,4,2008-06-16,2026-05-24,3,0,2008:1|2010:1|2015:1|2026:1
Meija,4,2019-09-03,2021-01-17,2,0,2019:1|2020:1|2021:2
Melibea,4,2012-07-15,2013-01-20,2,0,2012:2|2013:2
Melissa Aldana,4,2026-01-19,2026-01-20,4,0,2026:4
Melissa Etheridge,4,2006-10-20,2013-08-21,2,0,2006:1|2008:1|2009:1|2013:1
Memoryhouse,4,2012-05-26,2014-01-16,4,0,2012:2|2014:2
Mezzoforte,4,2006-10-17,2007-10-05,1,0,2006:2|2007:2
Mia Koden,4,2026-07-06,2026-07-06,4,0,2026:4
Michael Calfan,4,2017-02-15,2021-03-15,3,0,2017:3|2021:1
Michelle,4,2020-10-09,2026-04-08,4,0,2020:2|2026:2
Mighty Oaks,4,2015-03-20,2015-04-01,1,0,2015:4
Mikko Harju,4,2022-02-24,2024-04-29,1,0,2022:3|2024:1
Milk & Sugar,4,2012-08-27,2017-06-12,3,0,2012:2|2013:1|2017:1
"Minecraft, Jukio Kallio",4,2025-01-18,2025-01-18,4,0,2025:4
Mipso,4,2019-05-07,2020-10-21,3,0,2019:1|2020:3
Mirror Signal,4,2014-11-20,2017-05-02,2,0,2014:2|2015:1|2017:1
Miss Montreal,4,2012-07-14,2012-08-04,1,0,2012:4
Mo Kolours,4,2014-11-20,2017-10-27,3,0,2014:1|2015:2|2017:1
Mobb Deep,4,2008-01-12,2024-05-05,3,0,2008:1|2010:1|2017:1|2024:1
Mocky,4,2017-10-27,2022-10-06,3,0,2017:2|2022:2
Modeselektor,4,2013-03-04,2024-11-21,4,0,2013:1|2015:1|2024:2
Mohombi,4,2010-11-27,2013-05-06,4,0,2010:1|2012:1|2013:2
Monica Heldal,4,2015-03-30,2015-12-04,1,0,2015:4
MorMor,4,2019-08-13,2020-11-02,4,0,2019:2|2020:2
Morten Varano,4,2012-12-08,2021-04-09,2,0,2012:1|2013:2|2021:1
Moser Mashup,4,2009-02-05,2010-05-04,3,0,2009:3|2010:1
Mother Mother,4,2012-05-26,2023-12-02,3,0,2012:1|2021:1|2023:2
Mountain Faith,4,2015-09-08,2015-11-16,2,0,2015:4
Mt. Joy,4,2019-08-09,2022-06-14,3,0,2019:1|2021:2|2022:1
Mura Kami,4,2019-08-23,2019-09-18,3,0,2019:4
Muroki,4,2024-01-11,2024-01-15,1,0,2024:4
Musiq,4,2008-12-12,2015-09-04,2,0,2008:1|2010:2|2015:1
mxmtoon,4,2019-07-21,2022-07-25,3,0,2019:1|2022:3
Myd,4,2020-11-02,2026-09-02,4,0,2020:1|2026:3
Myra,4,2020-11-19,2025-11-14,3,0,2020:1|2025:3
N*E*R*D,4,2006-02-28,2011-01-18,3,0,2006:1|2009:2|2011:1
Nadia Reid,4,2017-09-21,2024-05-04,3,0,2017:1|2020:1|2021:1|2024:1
Nala Sinephro,4,2022-03-27,2025-01-29,4,0,2022:3|2025:1
Nao,4,2017-04-05,2025-05-27,3,0,2017:2|2020:1|2025:1
Nashville Cast,4,2014-11-04,2015-04-02,1,0,2014:2|2015:2
Nelli Matula,4,2025-02-09,2025-02-10,1,0,2025:4
Nero,4,2012-07-15,2013-03-16,2,0,2012:3|2013:1
New Order,4,2013-01-11,2023-07-24,3,0,2013:2|2019:1|2023:1
NewDad,4,2020-12-07,2022-02-24,2,0,2020:1|2022:3
Nick Hakim,4,2014-12-09,2017-05-02,1,0,2014:2|2015:1|2017:1
Nicky Jam,4,2015-09-10,2017-09-20,3,0,2015:1|2017:3
Nicolas Jaar,4,2012-05-31,2025-07-28,2,0,2012:1|2013:1|2024:1|2025:1
Niko,4,2007-11-03,2012-05-28,1,0,2007:1|2008:1|2012:2
NikojaSanttu,4,2024-10-06,2026-01-12,2,0,2024:1|2025:2|2026:1
Nina Cobham,4,2021-02-05,2025-06-14,3,0,2021:1|2024:1|2025:2
Nina Nesbitt,4,2019-05-07,2021-10-20,3,0,2019:3|2021:1
Nobukazu Takemura,4,2026-02-25,2026-02-26,2,0,2026:4
Noga Erez,4,2020-11-11,2026-05-26,3,0,2020:1|2024:1|2025:1|2026:1
Normani,4,2019-08-28,2024-07-18,3,0,2019:1|2022:2|2024:1
North Downs,4,2019-09-25,2020-12-08,2,0,2019:3|2020:1
NPR,4,2007-03-27,2011-05-26,3,0,2007:1|2010:2|2011:1
Nuit Incolore,4,2025-10-23,2025-11-25,2,0,2025:4
O-Town,4,2012-05-14,2015-11-17,2,0,2012:2|2015:2
Old Sea Brigade,4,2017-09-21,2021-01-30,4,0,2017:2|2020:1|2021:1
Oliver Tree,4,2022-11-16,2024-01-14,3,0,2022:1|2023:2|2024:1
Olly Murs,4,2012-04-26,2017-12-07,4,0,2012:1|2013:1|2014:1|2017:1
Original Soundtrack (Various),4,2006-04-24,2006-04-24,4,0,2006:4
Otha,4,2026-05-12,2026-05-12,2,0,2026:4
Paco Fernandez,4,2006-04-10,2013-01-20,2,0,2006:1|2009:1|2010:1|2013:1
PALOSUEÑO,4,2022-10-05,2022-11-17,2,0,2022:4
Panda Bear,4,2015-04-20,2022-10-06,3,0,2015:1|2022:3
Pantha du Prince,4,2013-03-04,2016-02-02,2,0,2013:1|2015:2|2016:1
Paolo Nutini,4,2007-09-03,2019-08-15,4,0,2007:1|2010:2|2019:1
Paris Paloma,4,2023-09-03,2024-04-18,4,0,2023:3|2024:1
Patrick Swayze,4,2008-09-21,2010-05-06,1,0,2008:1|2009:1|2010:2
Patrick Watson,4,2014-01-16,2026-07-16,4,0,2014:1|2015:1|2026:2
Paul & Price,4,2007-08-08,2012-05-27,2,0,2007:2|2012:2
Paula Lima,4,2006-02-27,2010-01-04,1,0,2006:2|2007:1|2010:1
Penny and Sparrow,4,2013-01-16,2023-05-18,3,0,2013:1|2020:1|2023:2
Pentatonix,4,2012-12-23,2021-12-24,4,0,2012:1|2020:1|2021:2
Percy Sledge,4,2008-09-24,2010-10-08,1,0,2008:1|2009:1|2010:2
Pete Yorn,4,2007-11-25,2010-11-15,3,0,2007:1|2009:2|2010:1
Peter Bradley Adams,4,2015-01-24,2017-09-21,2,0,2015:2|2017:2
Phantogram,4,2017-10-23,2025-06-09,3,0,2017:1|2023:2|2025:1
Phoebe Green,4,2019-07-21,2021-05-03,3,0,2019:1|2020:1|2021:2
POLIÇA,4,2019-08-30,2025-10-31,2,0,2019:3|2025:1
Poolside,4,2015-11-26,2019-06-19,2,0,2015:1|2016:1|2019:2
Prince Royce,4,2015-09-10,2017-09-20,4,0,2015:1|2017:3
Princess Nokia,4,2025-07-23,2026-02-03,3,0,2025:3|2026:1
Profound Revival,4,2022-02-19,2022-03-10,2,0,2022:4
Prom,4,2022-02-09,2023-07-11,2,0,2022:2|2023:2
Proud Like A God,4,2006-09-19,2007-10-27,1,0,2006:2|2007:2
Punch Brothers,4,2015-03-02,2015-12-04,3,0,2015:4
Purple Disco Machine,4,2017-11-23,2024-05-05,4,0,2017:1|2022:1|2023:1|2024:1
Purple Mountains,4,2024-11-11,2026-06-05,4,0,2024:3|2026:1
Q,4,2020-10-14,2026-05-25,4,0,2020:2|2021:1|2026:1
Quarter-Life Crisis,4,2020-10-14,2020-11-27,3,0,2020:4
Quentin Tarantino,4,2006-04-24,2007-11-16,2,0,2006:1|2007:3
"QUICKLY, QUICKLY",4,2019-09-18,2025-01-13,4,0,2019:1|2021:1|2023:1|2025:1
Rainer Trueby,4,2013-03-12,2013-03-12,4,0,2013:4
Ralph MacDonald,4,2008-08-07,2010-04-12,1,0,2008:2|2009:1|2010:1
Random Rab,4,2012-12-20,2017-12-07,3,0,2012:1|2015:1|2016:1|2017:1
Raphael Saadiq,4,2014-01-12,2020-07-29,4,0,2014:1|2015:2|2020:1
Ratatat,4,2013-09-21,2025-04-04,3,0,2013:1|2014:1|2015:1|2025:1
Rebecca & Fiona,4,2012-07-20,2012-07-20,4,0,2012:4
Redveil,4,2022-07-28,2025-12-31,3,0,2022:2|2024:1|2025:1
Reino & The Rhinos,4,2013-04-11,2013-04-12,4,0,2013:4
Rema,4,2022-12-02,2023-11-07,2,0,2022:2|2023:2
Richard Cheese,4,2008-04-09,2014-11-23,4,0,2008:3|2014:1
Rick James,4,2007-11-25,2021-08-24,2,0,2007:1|2008:1|2009:1|2021:1
Rival Consoles,4,2017-04-07,2025-01-24,4,0,2017:1|2019:1|2024:1|2025:1
Rivers Cuomo,4,2013-03-08,2020-06-16,3,0,2013:2|2020:2
Robohands,4,2022-09-26,2022-09-26,4,0,2022:4
Rodriguez,4,2013-04-14,2026-07-28,4,0,2013:1|2014:2|2026:1
Roosevelt,4,2019-06-17,2019-11-25,2,0,2019:4
Rosvosektori,4,2017-04-07,2017-04-07,4,0,2017:4
Rosé,4,2025-09-15,2026-02-02,2,0,2025:1|2026:3
"Rosé, Bruno Mars",4,2025-02-15,2026-01-30,1,0,2025:2|2026:2
Rubblebucket,4,2020-12-02,2023-08-30,3,0,2020:1|2022:2|2023:1
Rue du Soleil,4,2012-07-15,2013-01-20,2,0,2012:2|2013:2
RZA,4,2006-03-02,2010-11-29,1,0,2006:2|2007:1|2010:1
Róisín Murphy,4,2012-05-07,2023-06-19,4,0,2012:1|2020:2|2023:1
Sabrina Malheiros,4,2006-02-27,2008-07-25,1,0,2006:3|2008:1
Safari,4,2015-01-11,2016-02-05,3,0,2015:2|2016:2
Sam Cooke,4,2012-11-10,2015-11-18,3,0,2012:1|2013:1|2015:2
San Fermin,4,2015-03-23,2021-10-27,3,0,2015:1|2019:1|2021:2
Sans Soucis,4,2021-04-27,2024-01-21,2,0,2021:2|2024:2
Sara Evans,4,2009-01-07,2015-09-14,3,0,2009:1|2012:1|2014:1|2015:1
Saturday Sun,4,2014-06-03,2015-04-10,1,0,2014:1|2015:3
Savannah Conley,4,2020-07-31,2020-12-31,2,0,2020:4
Say Anything,4,2008-07-25,2023-10-22,3,0,2008:1|2012:2|2023:1
Searows,4,2023-07-30,2026-01-27,4,0,2023:2|2024:1|2026:1
Seether,4,2007-01-22,2025-10-27,1,0,2007:1|2008:1|2011:1|2025:1
Selah Sue,4,2013-04-08,2018-03-26,1,0,2013:2|2015:1|2018:1
"Selena Gomez, Benny Blanco",4,2025-06-03,2025-09-19,3,0,2025:4
Selma Savolainen,4,2024-07-11,2024-07-11,4,0,2024:4
Seven Mary Three,4,2009-10-09,2023-06-10,3,0,2009:2|2017:1|2023:1
Sha Na Na,4,2007-12-23,2008-12-24,1,0,2007:2|2008:2
Shaggy,4,2008-07-25,2017-04-13,2,0,2008:2|2011:1|2017:1
Shakin' Stevens,4,2012-11-30,2022-12-24,1,0,2012:3|2022:1
Shigeto,4,2014-12-03,2019-08-30,2,0,2014:1|2015:1|2019:2
"Sia, Sean Paul",4,2024-10-02,2024-11-09,1,0,2024:4
SiR,4,2017-04-04,2024-08-22,3,0,2017:2|2022:1|2024:1
Sir Georg Solti,4,2026-04-24,2026-04-24,4,0,2026:4
Skillet,4,2008-07-25,2009-10-13,1,0,2008:3|2009:1
SLIDE,4,2012-10-24,2012-10-24,2,0,2012:4
Slow Pulp,4,2020-10-13,2024-04-30,4,0,2020:2|2024:2
Slum Village,4,2017-04-04,2019-09-18,2,0,2017:3|2019:1
Smog,4,2012-10-01,2026-06-05,4,0,2012:3|2026:1
Snap!,4,2012-05-23,2025-05-26,3,0,2012:1|2013:1|2025:2
Sofa Surfers,4,2012-05-03,2021-11-29,4,0,2012:1|2013:2|2021:1
Solann,4,2024-04-19,2026-07-13,3,0,2024:1|2025:1|2026:2
"Sonu Nigam, Mahalaxmi Iyer & Alisha Chinai",4,2009-05-17,2010-11-21,1,0,2009:1|2010:3
Soran,4,2024-03-01,2026-07-14,3,0,2024:2|2026:2
Sorcha Richardson,4,2020-11-22,2024-01-02,3,0,2020:3|2024:1
South Park,4,2006-12-06,2021-09-11,2,0,2006:1|2007:1|2012:1|2021:1
SouthFM,4,2013-03-20,2013-03-26,3,0,2013:4
Space,4,2008-09-27,2017-03-27,2,0,2008:2|2010:1|2017:1
Spanky Wilson,4,2006-03-03,2009-11-24,1,0,2006:2|2008:1|2009:1
Sparklehorse,4,2023-10-26,2026-03-13,2,0,2023:3|2026:1
Spiro Projecto feat. Josefina Sanner,4,2008-02-28,2010-11-29,1,0,2008:2|2010:2
Stan Getz & Charlie Byrd,4,2007-03-30,2010-07-28,1,0,2007:2|2010:2
Stelar,4,2012-07-15,2013-01-20,2,0,2012:2|2013:2
Stephanie Mills,4,2006-06-11,2009-03-30,1,0,2006:1|2007:2|2009:1
Steve Aoki,4,2017-02-15,2026-08-22,4,0,2017:3|2026:1
Steve Jablonsky,4,2015-09-08,2017-11-28,3,0,2015:2|2017:2
Steve Smyth,4,2015-12-01,2015-12-04,1,0,2015:4
Sub Zero Project,4,2026-07-18,2026-08-22,3,0,2026:4
Suburban Dream,4,2013-04-24,2013-07-14,2,0,2013:4
Sun Kil Moon,4,2014-01-16,2015-03-19,2,0,2014:2|2015:2
Sun Mirage,4,2021-02-21,2021-06-22,1,0,2021:4
SUPER-Hi,4,2021-04-28,2023-03-09,1,0,2021:1|2022:1|2023:2
Surprise Chef,4,2022-09-22,2022-09-26,2,0,2022:4
Susie Suh,4,2015-01-19,2015-09-17,2,0,2015:4
Suzanne Vega,4,2007-11-03,2014-01-07,2,0,2007:1|2009:1|2010:1|2014:1
"Swedish House Mafia, The Weeknd",4,2025-03-27,2025-07-04,1,0,2025:4
Sydney Wayser,4,2015-03-20,2015-12-04,1,0,2015:4
Syl Johnson,4,2017-10-22,2017-10-22,4,0,2017:4
Syn Cole,4,2017-04-13,2024-06-24,3,0,2017:2|2023:1|2024:1
Synkro,4,2012-07-15,2024-10-14,2,0,2012:3|2024:1
Szymon,4,2023-11-22,2023-11-22,2,0,2023:4
Tacabro,4,2012-07-12,2012-07-21,2,0,2012:4
Taiska,4,2006-11-07,2009-04-11,1,0,2006:1|2007:2|2009:1
Take That,4,2009-04-11,2024-07-16,4,0,2009:1|2013:1|2019:1|2024:1
Taken by Trees,4,2014-05-01,2025-09-15,3,0,2014:1|2019:1|2020:1|2025:1
Talk Talk,4,2009-06-14,2025-07-28,3,0,2009:1|2013:1|2025:2
Tash Sultana,4,2017-07-06,2024-02-22,4,0,2017:1|2019:2|2024:1
"Tate McRae, The Kid LAROI",4,2025-02-23,2025-12-15,1,0,2025:4
Ted Nugent,4,2009-03-01,2013-03-16,3,0,2009:1|2010:1|2012:1|2013:1
Teebs,4,2015-04-20,2026-08-12,4,0,2015:3|2026:1
Teezo Touchdown,4,2020-11-27,2024-01-02,4,0,2020:2|2023:1|2024:1
Tenacious D,4,2007-10-27,2009-11-22,1,0,2007:1|2009:3
Tender,4,2017-10-24,2019-11-25,2,0,2017:1|2019:3
"Teya, Salena",4,2024-07-06,2024-10-17,1,0,2024:4
"Teyana Taylor, Lucky Daye",4,2025-09-04,2025-10-13,1,0,2025:4
The Band CAMINO,4,2019-09-04,2021-03-04,3,0,2019:2|2021:2
The Band Perry,4,2014-05-27,2026-09-06,2,0,2014:2|2017:1|2026:1
The Baseballs,4,2010-09-07,2010-09-30,3,0,2010:4
The Beautiful Girls,4,2012-05-10,2012-05-13,4,0,2012:4
The Belair Lip Bombs,4,2026-02-05,2026-03-12,3,0,2026:4
The Bird and the Bee,4,2012-11-10,2026-08-03,3,0,2012:3|2026:1
The Blossom,4,2020-10-16,2020-12-19,1,0,2020:4
The Centurians,4,2006-11-08,2010-11-19,1,0,2006:1|2007:1|2010:2
"The Chainsmokers, Coldplay",4,2024-12-28,2025-06-08,1,0,2024:1|2025:3
The Church,4,2006-06-29,2010-11-16,1,0,2006:1|2007:2|2010:1
The Darkness,4,2012-12-23,2025-11-22,2,0,2012:1|2013:1|2015:1|2025:1
The Flower Pot Men,4,2009-12-12,2012-09-16,1,0,2009:1|2010:2|2012:1
The Fratellis,4,2010-11-03,2026-06-01,2,0,2010:2|2011:1|2026:1
The Harmaleighs,4,2020-11-12,2020-11-12,4,0,2020:4
The Ipanemas,4,2009-08-14,2009-08-14,2,0,2009:4
The Last Shadow Puppets,4,2023-06-12,2026-04-06,3,0,2023:3|2026:1
The Lazy Eyes,4,2022-06-14,2022-08-25,3,0,2022:4
The Lemon Twigs,4,2023-12-14,2025-09-11,2,0,2023:2|2024:1|2025:1
The Mars Volta,4,2012-04-24,2023-07-11,3,0,2012:2|2023:2
The Misled Children & Odean Pope,4,2011-06-12,2011-06-18,1,0,2011:4
The Moss,4,2023-01-18,2023-12-04,2,0,2023:4
The Murder Capital,4,2023-01-06,2025-03-17,4,0,2023:1|2025:3
The Orb,4,2013-02-16,2015-04-10,4,0,2013:3|2015:1
The Perishers,4,2015-01-24,2015-09-17,1,0,2015:4
The Presets,4,2013-05-14,2013-05-14,4,0,2013:4
The Ronettes,4,2008-01-27,2022-12-24,2,0,2008:1|2010:1|2012:1|2022:1
The Roots feat. Mos Def-,4,2006-11-16,2007-08-08,1,0,2006:2|2007:2
The Streets,4,2021-09-20,2026-03-23,4,0,2021:1|2025:1|2026:2
The Supremes,4,2012-12-23,2015-11-17,3,0,2012:1|2013:1|2015:2
The Sweet Remains,4,2015-01-24,2017-09-21,2,0,2015:3|2017:1
The Tins,4,2012-05-13,2017-01-24,1,0,2012:1|2013:2|2017:1
The Versatiles,4,2022-04-08,2022-10-21,1,0,2022:4
The Whispers,4,2006-12-14,2010-04-12,1,0,2006:1|2007:1|2009:1|2010:1
Theodore Shapiro,4,2006-12-04,2015-11-30,2,0,2006:1|2010:2|2015:1
Thunderclap Newman,4,2007-09-30,2007-11-17,1,0,2007:4
Thyra,4,2014-09-21,2015-01-11,3,0,2014:1|2015:3
"Tiken Jah Fakoly, Grand Corps Malade",4,2025-02-13,2025-10-20,1,0,2025:4
Timmy Curran,4,2012-05-10,2012-05-10,4,0,2012:4
Tinashe,4,2014-12-30,2024-07-17,4,0,2014:2|2021:1|2024:1
"Tiësto, Ava Max",4,2025-03-07,2025-05-23,1,0,2025:4
Tokyo Police Club,4,2012-05-13,2020-10-25,1,0,2012:2|2013:1|2020:1
Toledo,4,2021-01-17,2023-11-07,4,0,2021:3|2023:1
Tomora,4,2026-05-12,2026-05-13,1,0,2026:4
Towa Bird,4,2023-12-14,2025-12-05,3,0,2023:2|2025:2
Townes Van Zandt,4,2015-12-03,2022-04-18,3,0,2015:2|2021:1|2022:1
Trampled by Turtles,4,2015-09-07,2017-10-24,3,0,2015:2|2017:2
Travie McCoy,4,2010-06-25,2013-09-23,3,0,2010:3|2013:1
Trent Dabbs,4,2015-01-24,2015-04-01,2,0,2015:4
Tristan Prettyman,4,2012-05-10,2015-09-17,2,0,2012:1|2015:3
Troubaduo,4,2021-12-27,2022-03-10,2,0,2021:1|2022:3
TTRRUUCES,4,2023-06-19,2024-01-21,2,0,2023:2|2024:2
twenty one pilots,4,2025-09-26,2026-05-29,1,0,2025:3|2026:1
Twin Atlantic,4,2013-04-25,2023-09-18,3,0,2013:1|2015:1|2023:2
Twin Sister,4,2012-07-20,2012-07-20,4,0,2012:4
Tânia Maria,4,2006-04-11,2009-03-25,1,0,2006:3|2009:1
"Tété, Gaël Faye",4,2025-03-09,2025-10-20,1,0,2025:4
U-Roy,4,2015-12-08,2022-04-09,3,0,2015:1|2017:1|2022:2
Udaipur Convent School Nuns and Students,4,2008-02-22,2010-02-28,1,0,2008:3|2010:1
Urge Overkill,4,2006-09-19,2008-02-24,1,0,2006:1|2007:2|2008:1
Uriel Bromberg,4,2023-11-01,2023-11-02,1,0,2023:4
Vargo,4,2012-07-15,2014-09-21,2,0,2012:2|2013:1|2014:1
Velvet Revolver,4,2007-11-17,2012-05-03,3,0,2007:1|2008:1|2011:1|2012:1
Vendredi sur Mer,4,2025-07-16,2025-11-30,3,0,2025:4
"Verohallinto, Windows95man",4,2024-12-02,2025-01-05,2,0,2024:2|2025:2
Veronica Maggio,4,2009-07-14,2026-09-01,4,0,2009:2|2012:1|2026:1
Vertile,4,2026-07-18,2026-08-22,2,0,2026:4
Vetiver,4,2014-11-30,2015-03-23,2,0,2014:2|2015:2
Viagra Boys,4,2022-06-13,2026-01-16,4,0,2022:1|2025:1|2026:2
"Vianney, Ed Sheeran",4,2025-02-13,2025-10-20,1,0,2025:4
"Vianney, Kendji Girac, Soprano",4,2025-10-23,2025-11-24,1,0,2025:4
Vinícius de Moraes,4,2015-03-15,2017-07-02,3,0,2015:1|2017:3
Virgil Abloh,4,2022-12-04,2023-02-13,1,0,2022:3|2023:1
Vistas,4,2021-10-23,2022-02-21,2,0,2021:2|2022:2
Vivian Jones,4,2022-04-08,2022-04-09,3,0,2022:4
Wankelmut,4,2015-09-23,2017-11-23,2,0,2015:3|2017:1
Waterparks,4,2022-10-02,2025-07-21,4,0,2022:1|2023:2|2025:1
Wax Tailor,4,2018-01-04,2026-07-23,4,0,2018:1|2026:3
Ween,4,2017-03-28,2024-08-01,4,0,2017:2|2023:1|2024:1
Westerman,4,2019-08-19,2023-06-20,3,0,2019:2|2020:1|2023:1
Westward the Tide,4,2015-03-25,2015-12-04,1,0,2015:4
Weyes Blood,4,2023-06-11,2025-01-30,4,0,2023:2|2025:2
White Reaper,4,2023-01-06,2023-03-22,2,0,2023:4
Whitney Houston & Jordin Sparks,4,2012-07-14,2012-08-04,1,0,2012:4
Will Smith,4,2013-02-22,2013-04-18,2,0,2013:4
Wiz Khalifa,4,2014-12-30,2019-05-16,4,0,2014:2|2015:1|2019:1
Woody Guthrie,4,2013-03-07,2015-12-03,3,0,2013:3|2015:1
World's Experience Orchestra,4,2011-06-12,2011-06-17,1,0,2011:4
Wunderhorse,4,2023-01-18,2025-08-18,2,0,2023:3|2025:1
XG,4,2023-10-20,2025-05-27,4,0,2023:1|2024:2|2025:1
Yard Act,4,2024-02-22,2026-04-08,4,0,2024:2|2025:1|2026:1
Yebba,4,2019-11-27,2026-07-15,3,0,2019:1|2020:1|2024:1|2026:1
Yoga Radiance,4,2021-11-06,2021-11-06,4,0,2021:4
Your Brother's Keeper,4,2026-06-23,2026-06-24,2,0,2026:4
Youth Group,4,2012-12-08,2023-11-05,1,0,2012:1|2015:1|2023:2
Yukimi,4,2025-05-28,2026-05-26,4,0,2025:1|2026:3
Yumi Zouma,4,2017-10-23,2024-01-11,3,0,2017:1|2019:1|2024:2
Zach Gill,4,2012-05-10,2012-05-13,4,0,2012:4
Zeca Pagodinho,4,2012-05-07,2017-07-02,3,0,2012:2|2017:2
Zimpala,4,2008-08-17,2013-01-19,2,0,2008:1|2009:1|2010:1|2013:1
Ásgeir,4,2014-06-03,2024-01-15,4,0,2014:1|2020:1|2023:1|2024:1
松任谷由実,4,2022-04-14,2022-07-28,3,0,2022:4
野見祐二,4,2022-04-16,2022-07-25,3,0,2022:4
$Olal,3,2010-04-08,2013-01-19,1,0,2010:1|2011:1|2013:1
1-800 GIRLS,3,2022-02-09,2022-02-15,2,0,2022:3
1995,3,2012-04-28,2026-02-03,3,0,2012:2|2026:1
20th Century Steel Band,3,2010-08-07,2010-09-21,1,0,2010:3
21 Savage,3,2018-01-04,2024-07-05,3,0,2018:2|2024:1
24kGoldn,3,2020-04-07,2023-11-05,2,0,2020:1|2023:2
2raumwohnung,3,2012-05-03,2021-12-11,2,0,2012:2|2021:1
[unknown],3,2006-03-30,2006-06-25,3,0,2006:3
A$AP ANT,3,2023-08-21,2023-08-21,3,0,2023:3
A. G. Cook,3,2020-10-08,2024-12-28,2,0,2020:2|2024:1
"A. R. Rahman, Alka Yagnik & Ila Arun",3,2009-05-17,2010-05-08,1,0,2009:1|2010:2
A.Squared,3,2016-01-11,2017-11-27,1,0,2016:2|2017:1
Aaron Carter,3,2012-05-14,2017-04-18,3,0,2012:2|2017:1
Aaron Krause,3,2020-12-30,2021-10-31,1,0,2020:1|2021:2
"Abby Jasmine, Ransom, Alex Mali",3,2025-11-07,2025-12-31,1,0,2025:3
Abreu,3,2020-12-24,2022-08-21,2,0,2020:1|2021:1|2022:1
Adam Rafferty,3,2014-12-29,2015-12-09,1,0,2014:1|2015:2
Adèle Castillon,3,2025-11-25,2026-07-13,3,0,2025:1|2026:2
Aes Dana,3,2013-05-30,2013-05-30,3,0,2013:3
Afel Bocoum,3,2025-07-16,2026-05-18,2,0,2025:1|2026:2
Aidan Bissett,3,2023-01-18,2023-05-12,2,0,2023:3
Air France,3,2012-09-17,2012-10-23,3,0,2012:3
Al Dobson Jr.,3,2014-12-10,2017-05-02,1,0,2014:1|2017:2
Alan Silvestri,3,2015-11-30,2021-05-02,3,0,2015:1|2016:1|2021:1
alann8h,3,2020-07-30,2020-08-03,1,0,2020:3
Alejandro de Pinedo,3,2012-07-15,2013-01-20,2,0,2012:1|2013:2
Alessandra Celletti,3,2017-04-04,2017-09-04,1,0,2017:3
Aleuda,3,2009-08-14,2017-01-11,1,0,2009:2|2017:1
Alex amor,3,2023-07-30,2024-04-04,2,0,2023:2|2024:1
Alex Gaudino,3,2012-05-18,2012-10-07,3,0,2012:3
Alex Gopher,3,2013-03-14,2024-09-08,2,0,2013:1|2017:1|2024:1
Alex Turner,3,2015-01-24,2015-09-17,1,0,2015:3
Alexandra Stan,3,2012-05-18,2013-02-22,3,0,2012:2|2013:1
Alexis Weissenberg,3,2008-02-22,2010-02-28,1,0,2008:2|2010:1
Ali Farka Touré & Toumani Diabaté,3,2008-12-29,2008-12-30,3,0,2008:3
Alicai Harley,3,2019-10-01,2020-12-08,2,0,2019:2|2020:1
Aline,3,2022-10-04,2022-10-22,1,0,2022:3
Alis,3,2026-04-15,2026-05-11,1,0,2026:3
All Saints,3,2015-04-14,2022-10-19,2,0,2015:2|2022:1
Althea And Donna,3,2022-04-23,2022-10-21,2,0,2022:3
Alton Ellis,3,2015-09-30,2022-10-21,3,0,2015:1|2022:2
Amaarae,3,2021-01-19,2025-08-12,2,0,2021:1|2025:2
Amanda Tenfjord,3,2023-02-18,2024-05-05,2,0,2023:2|2024:1
Amber Mark,3,2020-07-29,2026-04-08,3,0,2020:1|2025:1|2026:1
amindi,3,2023-09-19,2023-09-27,2,0,2023:3
Aminé,3,2020-10-09,2025-05-27,3,0,2020:1|2024:1|2025:1
Amir,3,2025-11-25,2025-12-02,3,0,2025:3
Amtrac,3,2017-12-04,2019-09-10,2,0,2017:1|2019:2
Ana Tijoux,3,2010-09-15,2024-05-08,2,0,2010:2|2024:1
Anderson .Paak,3,2019-05-13,2020-07-30,3,0,2019:2|2020:1
Andras,3,2024-01-06,2024-01-11,1,0,2024:3
Andrea Bejar,3,2023-01-27,2025-06-14,3,0,2023:1|2024:1|2025:1
"Andrea Bocelli, Matteo Bocelli",3,2020-03-04,2024-11-22,1,0,2020:2|2024:1
Andrew W.K.,3,2007-09-29,2009-03-27,1,0,2007:1|2008:1|2009:1
André Andreo,3,2012-07-15,2013-01-20,1,0,2012:2|2013:1
Angelnumber 8,3,2022-03-10,2022-08-21,1,0,2022:3
Angelo De Augustine,3,2020-12-04,2023-05-31,2,0,2020:2|2023:1
Angie Stone,3,2008-04-07,2015-09-04,2,0,2008:2|2015:1
Angles,3,2006-10-27,2006-11-07,1,0,2006:3
Ani DiFranco,3,2015-01-24,2026-05-25,2,0,2015:1|2026:2
Anime Arcade Piano,3,2026-01-12,2026-03-26,2,0,2026:3
Anna Abreu,3,2011-02-07,2013-11-28,2,0,2011:1|2012:1|2013:1
Anna Kendrick,3,2020-03-19,2020-03-19,3,0,2020:3
Anna Mieke,3,2020-08-12,2021-03-14,1,0,2020:1|2021:2
Anna Nalick,3,2012-05-14,2013-09-08,3,0,2012:1|2013:2
Annisse,3,2026-01-20,2026-01-25,1,0,2026:3
Annual Probe,3,2006-10-18,2009-03-27,2,0,2006:1|2009:2
ANOHNI,3,2024-11-19,2025-01-13,3,0,2024:1|2025:2
Anouk,3,2010-10-31,2022-04-26,3,0,2010:1|2012:1|2022:1
Anoushka Shankar,3,2024-09-03,2024-10-02,1,0,2024:3
Antibalas Afrobeat Orchestra,3,2009-10-09,2009-10-09,3,0,2009:3
Antoine Dufour,3,2014-12-29,2015-12-09,1,0,2014:1|2015:2
Aphrodite's Child,3,2022-04-20,2022-04-20,3,0,2022:3
Apparat,3,2013-03-04,2024-09-03,2,0,2013:1|2015:1|2024:1
Archie Whitewater,3,2010-08-05,2021-07-12,1,0,2010:2|2021:1
Arden Jones,3,2021-01-29,2022-10-02,3,0,2021:1|2022:2
"Ariana Grande, Social House",3,2020-03-03,2020-03-04,1,0,2020:3
Armand van Helden,3,2012-05-03,2012-05-14,3,0,2012:3
"Armin Van Buuren, James Newman",3,2024-07-16,2024-08-07,1,0,2024:3
Arppa,3,2024-07-10,2024-07-11,3,0,2024:3
Arttu Wiskari,3,2021-01-30,2023-12-24,2,0,2021:1|2023:2
Arty,3,2015-05-26,2017-11-27,2,0,2015:1|2017:2
Asaf Avidan,3,2013-05-28,2014-01-15,1,0,2013:1|2014:2
Asheni,3,2012-05-27,2012-05-27,1,0,2012:3
Astoria,3,2023-08-26,2023-08-28,2,0,2023:3
Astral Weeks,3,2020-08-03,2020-10-03,1,0,2020:3
Athletic Progression,3,2022-09-26,2022-09-26,3,0,2022:3
Atjazz,3,2010-08-07,2010-09-20,1,0,2010:3
Atmozfears,3,2024-05-24,2026-08-22,3,0,2024:1|2026:2
Atoms for Peace,3,2024-11-21,2024-12-16,3,0,2024:3
Audio Bullys,3,2012-05-07,2015-04-10,3,0,2012:2|2015:1
Augustine,3,2019-08-27,2024-03-11,3,0,2019:1|2021:1|2024:1
austin powers,3,2008-09-05,2010-12-27,1,0,2008:1|2010:2
Austin Wintory,3,2017-06-02,2022-04-18,3,0,2017:2|2022:1
Autechre,3,2022-04-13,2026-08-13,3,0,2022:1|2026:2
"Avicii, Conrad Sewell",3,2025-02-09,2025-05-30,1,0,2025:3
"Avicii, Rita Ora",3,2025-02-09,2025-05-20,1,0,2025:3
"Avril Lavigne, mgk",3,2025-02-05,2025-05-15,1,0,2025:3
Axwell,3,2012-05-14,2012-05-31,3,0,2012:3
"Aya Nakamura, Damso",3,2025-02-20,2025-12-13,1,0,2025:3
Azari & III,3,2012-05-03,2012-07-20,2,0,2012:3
Azioni Musicali,3,2012-07-15,2013-01-20,1,0,2012:2|2013:1
Babe Rainbow,3,2015-12-11,2023-09-03,2,0,2015:1|2023:2
Babeheaven,3,2019-08-27,2020-11-27,2,0,2019:1|2020:2
Baird,3,2020-11-02,2022-03-29,2,0,2020:2|2022:1
Bambie Thug,3,2024-05-12,2024-05-21,1,0,2024:3
Bananarama,3,2006-10-15,2009-02-27,2,0,2006:1|2008:1|2009:1
Band Aid,3,2012-11-30,2022-12-24,2,0,2012:1|2020:1|2022:1
Banoffee,3,2015-09-03,2015-09-04,2,0,2015:3
Barns Courtney,3,2023-01-18,2023-05-12,2,0,2023:3
Barrington Levy,3,2008-04-16,2022-10-21,2,0,2008:1|2010:1|2022:1
Baths,3,2015-12-02,2026-03-03,3,0,2015:1|2019:1|2026:1
Bay Ledges,3,2019-09-04,2022-04-23,3,0,2019:2|2022:1
Beach Weather,3,2023-01-18,2025-06-09,2,0,2023:2|2025:1
Beady Eye,3,2012-05-13,2012-05-31,1,0,2012:3
Becca Mancari,3,2021-08-22,2023-07-17,3,0,2021:2|2023:1
Bedouine,3,2021-08-22,2024-11-14,3,0,2021:1|2022:1|2024:1
BEHM,3,2021-01-30,2023-03-05,2,0,2021:2|2023:1
Being Dead,3,2023-07-30,2025-01-28,2,0,2023:2|2025:1
Belinda Carlisle,3,2007-08-08,2023-07-18,1,0,2007:1|2010:1|2023:1
Bella White,3,2026-01-29,2026-09-05,3,0,2026:3
Ben Aler,3,2025-07-14,2025-07-14,3,0,2025:3
Ben Folds,3,2014-01-12,2026-04-30,3,0,2014:1|2022:1|2026:1
Ben Harper & The Innocent Criminals,3,2012-05-10,2012-05-11,3,0,2012:3
Ben Platt,3,2020-07-10,2025-03-23,3,0,2020:1|2021:1|2025:1
Bennett Coast,3,2019-09-03,2023-06-07,2,0,2019:1|2023:2
bennytheghost,3,2021-05-03,2022-06-14,3,0,2021:1|2022:2
Bensbeendead.,3,2020-10-16,2020-10-20,1,0,2020:3
Bibi Presents,3,2006-10-17,2006-12-05,1,0,2006:3
Big Blue Missile,3,2006-11-06,2007-10-10,1,0,2006:2|2007:1
Big Boi,3,2014-06-03,2017-09-26,3,0,2014:2|2017:1
Big Brother & The Holding Company,3,2006-09-17,2009-02-12,2,0,2006:1|2007:1|2009:1
Big Tymers,3,2006-11-19,2010-03-02,1,0,2006:1|2007:1|2010:1
Biggie and Blue Eyes,3,2009-02-12,2010-11-23,1,0,2009:1|2010:2
Bill Medley & Jennifer Warnes,3,2006-11-08,2010-05-06,1,0,2006:1|2007:1|2010:1
Billa Qause,3,2012-05-31,2013-11-19,1,0,2012:1|2013:2
Billy McLaughlin,3,2014-12-29,2015-12-09,1,0,2014:1|2015:2
Bingo Players,3,2012-05-14,2021-03-15,3,0,2012:1|2013:1|2021:1
Bishop Briggs,3,2020-04-06,2026-07-06,3,0,2020:1|2025:1|2026:1
Bitchin Bajas,3,2026-01-19,2026-01-31,3,0,2026:3
Black Gryph0n,3,2026-03-26,2026-03-26,3,0,2026:3
Black Light Burns,3,2007-07-24,2008-10-17,1,0,2007:2|2008:1
Blackstreet,3,2006-06-29,2008-04-09,1,0,2006:2|2008:1
Blanco White,3,2017-09-21,2020-07-31,2,0,2017:1|2020:2
Blaqk Audio,3,2008-01-05,2010-03-02,1,0,2008:2|2010:1
Blockhead,3,2013-03-20,2015-04-10,3,0,2013:1|2014:1|2015:1
"Blood Orange, Tariq Al-Sabir, Caroline Polachek, Daniel Caesar, The Durutti Column",3,2025-07-27,2025-10-31,1,0,2025:3
Blue Eyes Meets Bed Stuy (Feat. 2Pac),3,2008-03-02,2010-03-23,1,0,2008:1|2009:1|2010:1
Blue Rose Code,3,2015-03-20,2015-12-04,1,0,2015:3
Blue Roses,3,2015-03-31,2015-12-04,1,0,2015:3
blushful,3,2023-09-05,2023-09-11,2,0,2023:3
Bo Diddley,3,2009-06-13,2012-12-19,2,0,2009:1|2012:2
Bobby Darin,3,2008-12-29,2012-12-19,3,0,2008:2|2012:1
Bohren & der Club of Gore,3,2024-09-02,2025-07-28,2,0,2024:2|2025:1
Bombay Dub Orchestra,3,2024-09-03,2024-09-08,1,0,2024:3
Bon Entendeur,3,2022-10-05,2022-10-22,2,0,2022:3
Bonga,3,2009-01-07,2026-07-16,2,0,2009:1|2013:1|2026:1
Bonnie Raitt,3,2021-09-16,2024-08-01,3,0,2021:1|2022:1|2024:1
Boubacar Traoré,3,2008-12-30,2026-05-19,2,0,2008:1|2026:2
Bougie Soliterre,3,2009-12-07,2009-12-12,1,0,2009:3
Bow Wow,3,2015-04-14,2020-09-29,2,0,2015:2|2020:1
Boy Destroy,3,2023-09-11,2023-09-28,1,0,2023:3
Boys Noize,3,2022-12-04,2022-12-04,3,0,2022:3
BoyWithUke,3,2023-01-18,2023-05-30,2,0,2023:3
Bradley Cooper,3,2020-03-04,2024-07-20,2,0,2020:1|2024:2
Brandon Lake,3,2025-06-13,2025-06-13,3,0,2025:3
Brandt Brauer Frick,3,2026-02-25,2026-02-26,2,0,2026:3
BRELAND,3,2024-09-18,2026-08-07,2,0,2024:1|2026:2
Brent Cobb,3,2020-10-13,2024-04-28,2,0,2020:2|2024:1
Brett Bixby,3,2015-01-24,2015-03-19,1,0,2015:3
Bri Feel,3,2021-02-15,2021-02-16,1,0,2021:3
Brian McKnight (featuring Vince Gill),3,2010-12-24,2010-12-26,1,0,2010:3
Brian Mitchell,3,2006-03-15,2007-01-16,1,0,2006:2|2007:1
Broncho,3,2015-04-07,2021-10-27,3,0,2015:1|2019:1|2021:1
Broods,3,2014-11-30,2026-08-21,3,0,2014:2|2026:1
Brotherhood,3,2012-05-31,2014-08-19,1,0,2012:1|2013:1|2014:1
Brothers Of My Uncle,3,2022-09-26,2022-09-26,3,0,2022:3
Bruce Cockburn,3,2015-01-24,2015-08-03,1,0,2015:3
Bruno E Sexteto,3,2006-11-02,2007-11-03,1,0,2006:1|2007:2
Bryant Oden,3,2021-10-02,2021-12-12,2,0,2021:3
bstc feat keanna johnson,3,2010-08-07,2010-09-21,1,0,2010:3
BTS,3,2019-06-19,2026-06-22,3,0,2019:1|2021:1|2026:1
Bubba Sparxxx feat. Killer Mike and Coool Breeze,3,2007-09-02,2008-08-16,1,0,2007:1|2008:2
Buddy Sativa,3,2013-02-16,2013-02-16,1,0,2013:3
BUNT.,3,2017-04-13,2017-05-22,2,0,2017:3
Bzikebi,3,2026-04-15,2026-05-11,1,0,2026:3
Błoto,3,2026-06-01,2026-06-01,3,0,2026:3
Caballero,3,2026-07-07,2026-07-20,2,0,2026:3
Café Chillout Music Club,3,2012-05-27,2014-09-25,3,0,2012:1|2014:2
Caitlyn Smith,3,2015-09-14,2019-10-05,2,0,2015:1|2019:2
Califone,3,2015-03-23,2015-12-04,1,0,2015:3
Calogero,3,2025-12-02,2025-12-02,3,0,2025:3
Calum Graham,3,2014-12-29,2015-12-09,1,0,2014:1|2015:2
Calum Scott,3,2025-05-16,2025-06-03,2,0,2025:3
Cam,3,2015-03-18,2015-09-14,2,0,2015:3
Cameron Winter,3,2026-01-02,2026-01-16,2,0,2026:3
Cannibal kiss,3,2012-05-27,2012-07-29,1,0,2012:3
Cantoma,3,2013-01-21,2013-02-16,2,0,2013:3
Casey Dienel,3,2012-10-01,2012-10-01,3,0,2012:3
Cassadee Pope,3,2014-05-27,2015-09-14,1,0,2014:2|2015:1
Cat Burns,3,2024-07-16,2025-10-14,3,0,2024:2|2025:1
Cathedrals,3,2014-11-30,2015-01-11,1,0,2014:2|2015:1
Cattle & Cane,3,2015-03-31,2015-12-04,1,0,2015:3
Cedric Mercute,3,2021-02-21,2021-06-22,1,0,2021:3
Celia Cruz,3,2015-08-27,2017-06-17,2,0,2015:1|2017:2
Chadwick Stokes,3,2015-03-23,2015-12-04,1,0,2015:3
Chairlift,3,2015-04-10,2016-02-03,3,0,2015:2|2016:1
Chaka Khan,3,2007-10-12,2024-07-31,2,0,2007:1|2024:2
Chali 2na,3,2013-03-15,2013-03-15,3,0,2013:3
Chance Peña,3,2023-10-21,2025-11-12,2,0,2023:1|2024:1|2025:1
Channel Tres,3,2019-08-27,2021-01-01,2,0,2019:2|2021:1
Chants,3,2021-02-15,2021-02-16,1,0,2021:3
Charlene Soraia,3,2015-04-02,2025-09-15,1,0,2015:2|2025:1
Charli Adams,3,2020-10-14,2021-05-03,2,0,2020:2|2021:1
Charlie Burg,3,2022-03-29,2022-10-02,3,0,2022:3
Charlie Worsham,3,2014-05-27,2019-05-07,2,0,2014:2|2019:1
Charlotte Day Wilson,3,2019-08-16,2024-11-19,2,0,2019:1|2020:1|2024:1
Charlotte Sands,3,2020-12-07,2023-09-18,2,0,2020:1|2023:2
Chelsea Cutler,3,2021-08-22,2023-10-19,3,0,2021:1|2023:2
Cherry Glazerr,3,2021-01-17,2023-07-30,2,0,2021:1|2023:2
Chiiild,3,2020-10-09,2022-12-31,3,0,2020:1|2022:2
Chillout Varios,3,2013-08-22,2013-08-22,3,0,2013:3
Chong The Nomad,3,2019-08-19,2020-10-20,2,0,2019:2|2020:1
Chris Cornell,3,2012-05-04,2025-06-17,3,0,2012:1|2024:1|2025:1
Chris Joss,3,2013-04-22,2013-11-17,1,0,2013:3
Chris Patrick,3,2024-03-29,2025-12-31,3,0,2024:1|2025:2
Chris Staples,3,2023-08-25,2023-11-22,2,0,2023:3
Chris Stapleton,3,2019-05-07,2024-09-18,2,0,2019:1|2020:1|2024:1
Christian Leave,3,2020-11-27,2023-10-23,2,0,2020:1|2021:1|2023:1
Christopher Jak,3,2015-01-24,2015-08-03,1,0,2015:3
Chrome Sparks,3,2013-07-14,2019-09-09,2,0,2013:1|2019:2
Cian Ducrot,3,2022-04-29,2025-08-18,3,0,2022:1|2023:1|2025:1
Circuit des Yeux,3,2026-01-20,2026-01-20,3,0,2026:3
Citizen King,3,2006-11-21,2008-09-21,1,0,2006:1|2007:1|2008:1
Cktrl,3,2020-12-07,2025-12-16,3,0,2020:1|2025:2
Clairmont the Second,3,2020-07-16,2020-07-16,3,0,2020:3
Clara Moreno,3,2009-08-14,2017-01-11,1,0,2009:2|2017:1
Claude,3,2025-05-21,2025-11-13,1,0,2025:3
Claudia Telles,3,2006-02-27,2008-10-31,1,0,2006:2|2008:1
Clipse,3,2006-04-21,2026-01-30,2,0,2006:1|2007:1|2026:1
Coconut Records,3,2013-01-13,2013-11-24,2,0,2013:3
Cole Swindell,3,2014-05-27,2014-05-28,1,0,2014:3
Coletta,3,2020-10-16,2020-10-20,1,0,2020:3
Colleen Green,3,2012-04-24,2012-05-26,2,0,2012:3
Conor Maynard,3,2012-08-29,2013-07-10,3,0,2012:1|2013:2
Cosmo Notes,3,2013-02-16,2013-02-16,1,0,2013:3
Cosmo's Midnight,3,2017-07-06,2024-01-09,2,0,2017:1|2024:2
Craig D'Andrea,3,2014-12-29,2015-12-09,1,0,2014:1|2015:2
Craig David,3,2015-01-11,2022-10-20,3,0,2015:1|2019:1|2022:1
Crawlers,3,2022-02-21,2026-03-23,2,0,2022:2|2026:1
Crazy P,3,2019-08-17,2019-08-19,2,0,2019:3
Crumb,3,2019-09-17,2024-06-17,3,0,2019:1|2024:2
Crystal Fighters,3,2012-07-20,2024-06-17,3,0,2012:1|2019:1|2024:1
Cuco,3,2022-06-14,2022-12-29,3,0,2022:3
Cuica,3,2006-02-27,2010-04-08,1,0,2006:2|2010:1
Curren$y,3,2019-05-16,2026-03-13,3,0,2019:2|2026:1
Cut Chemist,3,2015-04-10,2026-07-23,3,0,2015:1|2026:2
Cut Worms,3,2020-10-13,2020-12-18,1,0,2020:3
Cymande,3,2017-10-22,2025-06-02,3,0,2017:2|2025:1
CYN,3,2019-10-01,2019-10-05,1,0,2019:3
Cássia Eller,3,2012-05-07,2017-07-02,3,0,2012:1|2017:2
Cécile McLorin Salvant,3,2015-07-08,2025-09-11,3,0,2015:1|2025:2
D-Block & S-te-Fan,3,2026-07-18,2026-08-22,2,0,2026:3
"Daft Punk, Julian Casablancas",3,2024-06-29,2025-04-02,2,0,2024:2|2025:1
Daisy the Great,3,2022-07-25,2024-02-14,3,0,2022:1|2023:1|2024:1
Dan D'Lion,3,2019-09-25,2019-09-27,1,0,2019:3
Dan Finnerty,3,2006-11-20,2010-04-08,1,0,2006:1|2008:1|2010:1
Dance Music,3,2025-03-06,2025-04-23,1,0,2025:3
Dandy Livingstone,3,2022-04-09,2022-10-21,2,0,2022:3
Danna Richards,3,2014-11-04,2015-03-02,1,0,2014:2|2015:1
Daryl Hall,3,2012-11-10,2013-03-06,3,0,2012:1|2013:2
DASTE,3,2019-09-25,2019-09-27,1,0,2019:3
Dave Gahan,3,2007-12-09,2022-04-20,2,0,2007:1|2010:1|2022:1
"Dave, Jim Legxacy",3,2026-01-05,2026-01-12,1,0,2026:3
"Dave, Kano",3,2026-01-05,2026-01-12,1,0,2026:3
"Dave, Tems",3,2026-01-05,2026-01-12,1,0,2026:3
David Byrne,3,2012-07-18,2023-12-14,2,0,2012:1|2013:1|2023:1
"David Gilmour, Romany GIlmour",3,2024-09-10,2025-07-11,3,0,2024:2|2025:1
"David Guetta & Joachim Garraud, Tim Deluxe, and Bob Sinclar",3,2007-03-08,2008-01-13,1,0,2007:2|2008:1
David McWilliams,3,2009-12-12,2020-09-08,1,0,2009:1|2012:1|2020:1
Dawn Wall,3,2017-11-23,2017-11-23,3,0,2017:3
Day Wave,3,2016-02-03,2023-08-30,3,0,2016:1|2022:1|2023:1
Dead by April,3,2009-07-14,2009-09-04,1,0,2009:3
Dean Wareham,3,2014-06-03,2020-09-30,2,0,2014:1|2020:2
Deaton Chris Anthony,3,2019-11-24,2022-09-04,3,0,2019:1|2020:1|2022:1
Deb Never,3,2020-10-05,2024-01-14,3,0,2020:1|2021:1|2024:1
Deee-Lite,3,2013-03-07,2025-05-23,1,0,2013:1|2017:1|2025:1
Deep Divers,3,2016-02-04,2016-02-04,3,0,2016:3
Default,3,2012-06-13,2025-10-27,2,0,2012:1|2013:1|2025:1
Delacey,3,2019-07-21,2024-04-30,2,0,2019:1|2020:1|2024:1
Delaney Bailey,3,2022-01-12,2022-07-25,1,0,2022:3
Delerium,3,2012-05-27,2013-08-22,3,0,2012:2|2013:1
Desert Sessions,3,2006-05-10,2007-08-14,1,0,2006:1|2007:2
Desire,3,2012-07-19,2013-05-06,2,0,2012:2|2013:1
Devonte Hynes,3,2015-01-11,2016-02-04,3,0,2015:1|2016:2
Diana,3,2014-09-21,2015-01-11,2,0,2014:2|2015:1
Digitano,3,2012-07-15,2013-01-20,1,0,2012:2|2013:1
Dinka,3,2016-01-11,2017-11-27,1,0,2016:2|2017:1
Dirty Pretty Things,3,2023-03-09,2026-06-01,2,0,2023:2|2026:1
Dirty South,3,2017-09-18,2017-09-19,2,0,2017:3
Disko-ions,3,2013-05-30,2014-05-01,2,0,2013:1|2014:2
Diviners,3,2017-04-13,2017-10-21,1,0,2017:3
Dixie Chicks,3,2009-01-07,2013-11-17,2,0,2009:1|2012:1|2013:1
DJ Dolores,3,2006-02-27,2007-10-26,1,0,2006:2|2007:1
DJ Food,3,2013-03-20,2015-04-10,3,0,2013:2|2015:1
DJ Koze,3,2019-05-03,2019-09-09,2,0,2019:3
"Dj Quick, Joé Dwèt Filé",3,2025-02-19,2025-02-22,1,0,2025:3
DJ Sammy & Yanou,3,2006-06-30,2025-03-14,2,0,2006:1|2011:1|2025:1
DJ Smash,3,2013-04-18,2023-02-12,3,0,2013:1|2015:1|2023:1
dltzk,3,2022-03-27,2022-03-27,3,0,2022:3
Dogpark,3,2024-01-15,2024-01-21,1,0,2024:3
Dogpiss,3,2006-06-14,2009-10-13,1,0,2006:2|2009:1
Don Carlos,3,2008-06-08,2022-10-21,2,0,2008:1|2009:1|2022:1
Donovan Woods,3,2017-09-21,2019-05-07,2,0,2017:2|2019:1
Doohickey Cubicle,3,2021-02-15,2021-02-17,1,0,2021:3
Doris Day,3,2008-12-30,2013-11-17,3,0,2008:1|2012:1|2013:1
Doris Days,3,2007-12-09,2021-04-11,2,0,2007:1|2009:1|2021:1
Dorthe Kollo,3,2009-04-24,2010-05-07,1,0,2009:2|2010:1
Doubutsu System,3,2019-08-23,2019-08-23,3,0,2019:3
Dougie MacLean,3,2015-01-24,2015-08-16,1,0,2015:3
Down Like Silver,3,2015-12-01,2015-12-04,1,0,2015:3
Dream Wife,3,2020-12-31,2023-09-16,2,0,2020:1|2023:2
Dreamer Boy,3,2021-01-17,2024-02-24,3,0,2021:2|2024:1
Dreams We've Had,3,2019-09-25,2019-09-27,1,0,2019:3
Duncan Sheik,3,2012-12-07,2023-06-10,2,0,2012:2|2023:1
Dylan Scott,3,2014-05-27,2025-08-18,2,0,2014:2|2025:1
Dzihan & Kamien,3,2012-05-27,2017-05-10,3,0,2012:1|2017:2
Easy Life,3,2022-06-14,2023-12-20,3,0,2022:2|2023:1
Echo & the Bunnymen,3,2013-02-15,2024-06-26,1,0,2013:1|2023:1|2024:1
Echosmith,3,2014-12-22,2015-09-09,2,0,2014:1|2015:2
Edamame,3,2024-09-03,2024-09-08,1,0,2024:3
Eddie C,3,2019-08-28,2021-12-29,2,0,2019:1|2021:2
Edouard Bielle,3,2025-07-24,2025-07-24,2,0,2025:3
Edu K,3,2006-11-02,2007-11-03,1,0,2006:1|2007:2
Edward Ong,3,2024-02-24,2024-02-26,2,0,2024:3
Eelke Kleijn,3,2014-12-01,2025-01-17,2,0,2014:2|2025:1
Egypt 80,3,2012-04-06,2012-04-06,3,0,2012:3
Eino Grön,3,2012-12-01,2012-12-01,2,0,2012:3
El Michels Affair,3,2011-06-12,2024-05-08,1,0,2011:2|2024:1
El Rego,3,2013-04-11,2013-04-12,3,0,2013:3
Elder Island,3,2015-09-30,2019-08-17,3,0,2015:1|2019:2
Ella Langley,3,2021-12-03,2026-07-28,3,0,2021:1|2025:1|2026:1
Ella Vos,3,2017-12-27,2021-05-03,3,0,2017:1|2019:1|2021:1
Elle King,3,2017-08-12,2024-07-19,3,0,2017:1|2021:1|2024:1
Ellen Krauss,3,2021-08-22,2024-02-21,2,0,2021:2|2024:1
Elliphant,3,2014-12-11,2026-08-21,3,0,2014:1|2015:1|2026:1
Ellysse Mason,3,2019-05-17,2019-11-27,1,0,2019:3
Elmiene,3,2024-08-22,2025-12-23,2,0,2024:1|2025:2
Elmo & Patsy,3,2008-12-24,2010-12-30,1,0,2008:1|2010:2
Eloise,3,2023-07-19,2023-12-20,1,0,2023:3
Else,3,2017-11-27,2026-09-02,3,0,2017:2|2026:1
EMA,3,2011-06-05,2011-06-17,1,0,2011:3
Emily Barker,3,2021-03-06,2021-03-14,2,0,2021:3
Emmelie de Forest,3,2013-05-20,2013-05-21,1,0,2013:3
Emmy,3,2022-01-04,2025-07-11,2,0,2022:1|2025:2
Eric Paslay,3,2014-05-27,2021-07-25,1,0,2014:2|2021:1
Eric Wainaina,3,2013-01-13,2013-01-13,3,0,2013:3
Erik Mongrain,3,2014-12-29,2015-12-09,1,0,2014:1|2015:2
Erika de Casier,3,2019-10-01,2025-11-21,2,0,2019:1|2021:1|2025:1
Ernest rareberrg,3,2021-09-25,2023-11-12,2,0,2021:1|2023:2
Escort,3,2012-08-04,2020-10-25,1,0,2012:1|2013:1|2020:1
Eska,3,2014-12-09,2024-05-08,1,0,2014:1|2020:1|2024:1
Eskimo Joe,3,2009-11-03,2010-10-11,1,0,2009:1|2010:2
Essi Wuorela,3,2012-12-01,2023-12-24,1,0,2012:1|2023:2
eva be feat. joe dukie,3,2007-07-13,2007-07-31,1,0,2007:3
Eva Shaw,3,2017-04-13,2017-10-21,1,0,2017:3
Evangeline,3,2023-10-21,2023-11-01,1,0,2023:3
Evenings,3,2014-05-01,2015-12-11,3,0,2014:1|2015:2
Everything Everything,3,2025-02-10,2025-02-10,3,0,2025:3
Exaltasamba,3,2012-05-07,2013-11-26,3,0,2012:1|2013:2
Fakear,3,2025-02-12,2025-04-29,1,0,2025:3
FAKTESS,3,2021-02-21,2021-03-14,1,0,2021:3
fatou seidi ghali,3,2017-04-04,2017-09-04,1,0,2017:3
FC/Kahuna,3,2013-03-13,2017-05-30,2,0,2013:1|2014:1|2017:1
FEB,3,2019-08-28,2021-04-25,2,0,2019:2|2021:1
Fernando & Sorocaba,3,2013-11-26,2017-06-13,3,0,2013:2|2017:1
Field Guide,3,2020-12-19,2023-05-18,2,0,2020:1|2023:2
Fifth Harmony,3,2015-04-07,2020-12-24,3,0,2015:2|2020:1
Fightmaster,3,2023-10-21,2024-07-13,3,0,2023:1|2024:2
Finger Eleven,3,2012-11-28,2012-12-08,1,0,2012:3
Fink,3,2013-03-20,2019-06-06,3,0,2013:1|2015:1|2019:1
Finnish Hockey Mafia feat. Antero Mertaranta,3,2011-06-12,2011-06-17,1,0,2011:3
fLako,3,2013-06-01,2014-12-09,3,0,2013:2|2014:1
Fletcher,3,2020-03-04,2025-07-18,3,0,2020:1|2024:1|2025:1
"FLO, KAYTRANADA",3,2025-07-14,2025-07-30,1,0,2025:3
Flobots,3,2013-03-15,2013-03-15,3,0,2013:3
Flora Cash,3,2019-06-13,2023-09-28,3,0,2019:2|2023:1
Florent Marchet,3,2025-03-11,2025-10-17,1,0,2025:3
Florist,3,2020-08-12,2025-01-30,3,0,2020:1|2024:1|2025:1
Flughand,3,2019-09-18,2021-07-12,2,0,2019:1|2020:1|2021:1
Flyte,3,2021-01-17,2023-04-07,2,0,2021:2|2023:1
Folk Bitch Trio,3,2026-03-25,2026-05-05,3,0,2026:3
Forest Swords,3,2017-04-06,2026-08-24,2,0,2017:2|2026:1
Fort Fairfield,3,2012-12-20,2013-05-30,3,0,2012:1|2013:2
Foxygen,3,2013-02-14,2021-12-10,2,0,2013:1|2019:1|2021:1
Fragma,3,2007-08-09,2010-10-23,1,0,2007:1|2010:2
Frankie Goes to Hollywood,3,2012-12-23,2023-11-26,2,0,2012:1|2023:2
Frankie Rose,3,2012-05-26,2023-01-16,3,0,2012:2|2023:1
Freak Slug,3,2022-06-14,2023-07-11,2,0,2022:1|2023:2
Fred Locks,3,2022-04-08,2022-04-09,2,0,2022:3
French For Rabbits,3,2015-03-23,2020-08-12,1,0,2015:2|2020:1
French Montana,3,2014-12-30,2022-08-08,3,0,2014:1|2017:1|2022:1
Freya Roy,3,2019-09-25,2019-09-27,1,0,2019:3
Freyr,3,2023-08-31,2023-09-11,1,0,2023:3
Friday,3,2021-12-27,2022-02-19,3,0,2021:2|2022:1
Friends,3,2012-07-14,2012-07-14,3,0,2012:3
Fruit Bats,3,2019-06-30,2021-10-27,2,0,2019:1|2020:1|2021:1
Fulanito,3,2006-04-18,2008-01-13,1,0,2006:2|2008:1
Gabrielle,3,2006-06-14,2010-01-16,1,0,2006:1|2008:1|2010:1
Gallant,3,2016-02-03,2026-08-07,3,0,2016:1|2026:2
gardenstate,3,2021-12-03,2024-05-05,2,0,2021:2|2024:1
Gareth Pearson,3,2014-12-29,2015-12-09,1,0,2014:1|2015:2
Gasellit,3,2023-03-05,2024-07-11,3,0,2023:1|2024:2
Gasthaus Orkesteri,3,2024-11-13,2024-11-13,3,0,2024:3
"Gaëtan Roussel, Adeline Lovo",3,2025-10-23,2025-11-25,1,0,2025:3
Gemma Hayes,3,2026-07-22,2026-07-24,2,0,2026:3
Gentle Giant,3,2022-04-20,2022-04-20,3,0,2022:3
George Riley,3,2023-02-10,2026-03-26,3,0,2023:1|2025:1|2026:1
Georgia Gets By,3,2024-03-01,2024-07-17,2,0,2024:3
Geron Hoy,3,2015-01-24,2015-03-19,1,0,2015:3
Gheorghe Zamfir,3,2006-06-29,2015-09-08,1,0,2006:1|2010:1|2015:1
GILLET,3,2019-09-25,2019-09-27,1,0,2019:3
Gillian Welch,3,2009-12-01,2021-03-06,3,0,2009:1|2020:1|2021:1
Gilligan Moss,3,2019-09-09,2026-09-04,2,0,2019:2|2026:1
"GIMS, DYSTINCT",3,2025-11-25,2025-12-30,1,0,2025:3
Gipsy Kings,3,2007-08-09,2017-06-17,2,0,2007:2|2017:1
Girlpool,3,2014-12-14,2022-03-29,3,0,2014:1|2020:1|2022:1
glaive,3,2025-07-21,2025-07-21,3,0,2025:3
Glass Beams,3,2024-06-17,2025-12-17,3,0,2024:1|2025:2
Glenn Frey,3,2007-08-09,2008-08-15,2,0,2007:2|2008:1
Goat Girl,3,2025-01-21,2026-04-23,3,0,2025:1|2026:2
Goldielocks,3,2024-03-11,2024-06-21,2,0,2024:3
Goldwash,3,2019-09-25,2019-09-27,1,0,2019:3
Goloka,3,2007-12-09,2013-01-19,2,0,2007:1|2011:1|2013:1
Gomez,3,2007-09-18,2009-02-28,1,0,2007:1|2008:1|2009:1
Good Shoes,3,2012-05-05,2013-04-19,1,0,2012:2|2013:1
Goofy Geese,3,2023-09-12,2023-09-28,1,0,2023:3
"Gorillaz, Del tha Funkee Homosapien",3,2025-07-17,2025-07-17,3,0,2025:3
Grand Corps Malade,3,2025-11-03,2025-11-13,2,0,2025:3
"Grand Corps Malade, Louane",3,2025-10-17,2025-11-13,1,0,2025:3
Grandmaster Melle Mel,3,2006-06-29,2006-11-17,1,0,2006:3
Gregory DAVID,3,2021-02-21,2021-03-14,1,0,2021:3
Groove Coverage,3,2009-10-31,2012-10-26,3,0,2009:2|2012:1
Gwyneth Paltrow,3,2014-01-13,2014-01-13,3,0,2014:3
Günther,3,2012-10-26,2012-10-26,3,0,2012:3
Haich Ber Na,3,2022-08-20,2022-10-06,1,0,2022:3
Halfcocked,3,2006-10-25,2010-04-08,1,0,2006:2|2010:1
half•alive,3,2023-01-18,2023-03-22,1,0,2023:3
Hank Mobley,3,2015-07-08,2024-08-14,3,0,2015:1|2017:1|2024:1
Hannah Read,3,2015-03-25,2015-12-04,1,0,2015:3
Harold van Lennep,3,2015-09-24,2016-02-02,1,0,2015:1|2016:2
Harry J Allstars,3,2022-04-08,2022-10-21,2,0,2022:3
Harry Mudie,3,2022-04-09,2022-04-09,3,0,2022:3
Harvey Sutherland,3,2017-07-06,2022-10-06,2,0,2017:1|2022:2
Haux,3,2020-07-31,2020-10-04,1,0,2020:3
Heart,3,2021-09-16,2024-08-02,2,0,2021:1|2023:1|2024:1
Heinrich Strecker;Schwanen Salon Orchestra,3,2011-06-12,2011-06-17,1,0,2011:3
Hemp & Denim,3,2022-02-19,2022-03-10,2,0,2022:3
Henrik B,3,2014-12-01,2014-12-22,2,0,2014:3
Henrik T.,3,2012-07-15,2013-01-20,1,0,2012:2|2013:1
Henrique & Diego,3,2017-06-12,2017-06-27,3,0,2017:3
Herra Ylppö,3,2021-01-30,2023-08-13,2,0,2021:1|2023:2
"hey, nothing",3,2023-05-18,2023-12-16,2,0,2023:3
Hiatus Kaiyote,3,2014-12-09,2026-05-26,3,0,2014:1|2015:1|2026:1
High Highs,3,2014-01-16,2015-04-10,3,0,2014:2|2015:1
HIM,3,2009-10-17,2025-07-26,3,0,2009:1|2025:2
Hindi Zahra,3,2012-05-31,2017-06-11,2,0,2012:1|2013:1|2017:1
Hiss Golden Messenger,3,2018-01-05,2020-10-21,2,0,2018:1|2020:2
HNNY,3,2015-12-11,2022-12-30,2,0,2015:1|2022:2
Holly Herndon,3,2024-09-03,2026-06-03,3,0,2024:1|2026:2
HoneyDripper,3,2021-02-15,2021-02-15,1,0,2021:3
Honeywhip,3,2020-08-03,2022-10-06,2,0,2020:2|2022:1
Houndmouth,3,2017-09-21,2019-06-17,2,0,2017:2|2019:1
Hunter Hunted,3,2013-09-21,2013-09-21,3,0,2013:3
Hunxho,3,2021-12-12,2022-04-18,2,0,2021:2|2022:1
Ibeyi,3,2015-04-20,2017-10-25,3,0,2015:1|2017:2
IDK,3,2024-07-06,2026-03-23,2,0,2024:2|2026:1
Ikebe Shakedown,3,2022-09-26,2022-09-26,3,0,2022:3
Ilham,3,2019-10-01,2019-10-05,1,0,2019:3
Incognito,3,2012-08-27,2026-05-25,3,0,2012:1|2015:1|2026:1
Indigo Girls,3,2023-12-14,2024-07-06,1,0,2023:2|2024:1
Infected Mushroom,3,2013-06-15,2017-08-02,1,0,2013:2|2017:1
Infernal,3,2022-08-21,2023-11-05,2,0,2022:1|2023:2
Instant Karma: The Amnesty International Campaign To Save Darfur,3,2007-12-23,2008-01-13,1,0,2007:2|2008:1
Isaac Delusion,3,2024-01-06,2024-01-11,1,0,2024:3
"Isaia Huron, Kehlani",3,2025-09-14,2025-09-29,1,0,2025:3
Isolée,3,2006-11-05,2007-11-25,1,0,2006:1|2007:2
J.J. Cale,3,2009-06-13,2023-12-06,2,0,2009:1|2023:2
Jaakko Eino Kalevi,3,2013-04-07,2021-09-14,3,0,2013:1|2019:1|2021:1
Jack Wall,3,2013-02-17,2022-04-18,3,0,2013:2|2022:1
Jai Paul,3,2019-08-19,2019-09-22,2,0,2019:3
Jaimie Branch,3,2022-12-02,2022-12-02,1,0,2022:3
Jake Klar,3,2015-12-01,2015-12-04,1,0,2015:3
James Apollo,3,2015-03-23,2015-12-04,1,0,2015:3
James TW,3,2020-12-30,2021-08-22,3,0,2020:1|2021:2
James Yuill,3,2012-07-20,2012-07-20,3,0,2012:3
Jamie Miller,3,2022-04-29,2025-08-18,3,0,2022:1|2024:1|2025:1
Jamie Woon,3,2014-10-28,2017-10-25,3,0,2014:1|2015:1|2017:1
Jan Vayne,3,2012-05-27,2012-07-29,2,0,2012:3
Jane Birkin,3,2013-02-26,2025-12-15,1,0,2013:2|2025:1
Janet Lee Davis,3,2022-04-08,2022-04-09,2,0,2022:3
Jason Isbell and the 400 Unit,3,2023-07-30,2024-09-18,2,0,2023:2|2024:1
Jason Wade,3,2006-11-08,2010-11-21,1,0,2006:1|2010:2
Jay Som,3,2019-09-25,2020-12-31,2,0,2019:2|2020:1
"Jeck, Carla",3,2025-10-23,2025-11-25,1,0,2025:3
Jeff Tweedy,3,2020-10-13,2025-11-12,2,0,2020:2|2025:1
Jenifer,3,2025-03-09,2025-10-20,1,0,2025:3
Jennie,3,2023-10-19,2025-04-19,2,0,2023:1|2024:1|2025:1
Jennifer Nettles,3,2014-05-27,2015-09-14,2,0,2014:2|2015:1
Jenny Owen Youngs,3,2015-08-24,2021-05-01,3,0,2015:2|2021:1
Jensen McRae,3,2022-04-22,2023-04-07,2,0,2022:2|2023:1
Jeremy McComb,3,2014-05-27,2014-05-28,1,0,2014:3
Jeremy Zucker,3,2019-11-27,2023-10-19,3,0,2019:1|2021:1|2023:1
Jerrod Niemann,3,2014-05-27,2014-05-28,1,0,2014:3
Jerry Douglas,3,2012-10-03,2015-12-04,2,0,2012:2|2015:1
Jessica Simpson,3,2008-12-30,2020-09-26,2,0,2008:2|2020:1
"Jessie J, Ariana Grande & Nicki Minaj",3,2020-03-19,2025-12-31,1,0,2020:1|2024:1|2025:1
Jessie Reyez,3,2022-07-14,2023-09-19,2,0,2022:1|2023:2
Jimmy Buffet Parody,3,2007-04-21,2007-12-01,1,0,2007:3
Jimmy Buffett,3,2021-07-25,2021-07-25,3,0,2021:3
Jimmy Smith,3,2008-09-09,2009-12-16,2,0,2008:2|2009:1
Jimmy Wahlsteen,3,2014-12-29,2015-12-09,1,0,2014:1|2015:2
Jite,3,2023-02-04,2023-11-12,2,0,2023:3
Joan Osborne,3,2007-04-21,2026-05-24,2,0,2007:1|2008:1|2026:1
Joaquin Phoenix & Reese Witherspoon,3,2006-05-20,2010-04-22,2,0,2006:1|2007:1|2010:1
Jodarok,3,2013-04-11,2013-04-12,3,0,2013:3
Jodphur Sikh Temple Congregation,3,2008-02-22,2010-02-28,1,0,2008:2|2010:1
Joe Cocker,3,2008-10-14,2012-12-19,2,0,2008:1|2010:1|2012:1
"Joel Corry, Jax Jones, Charli XCX, Saweetie",3,2024-08-17,2025-05-23,1,0,2024:1|2025:2
Joel Ross,3,2026-01-19,2026-01-20,3,0,2026:3
John Dahlbäck,3,2012-05-03,2023-02-02,3,0,2012:2|2023:1
John Frusciante and Josh Klinghoffer,3,2012-05-03,2012-05-03,3,0,2012:3
John Holt,3,2015-12-08,2022-10-21,3,0,2015:1|2022:2
John Martyn,3,2019-08-08,2023-03-03,2,0,2019:1|2023:2
John Newman,3,2014-01-15,2017-05-10,1,0,2014:1|2017:2
Johnathan Rice,3,2010-04-09,2012-04-26,1,0,2010:1|2011:1|2012:1
Johnny McEvoy,3,2008-02-28,2010-10-04,1,0,2008:1|2009:1|2010:1
Jollybeggarmen,3,2008-08-29,2009-12-01,1,0,2008:1|2009:2
Jon Cutler,3,2012-07-14,2013-01-24,1,0,2012:2|2013:1
Jonathan Jackson,3,2021-12-26,2022-03-10,1,0,2021:1|2022:2
Joseph Arthur,3,2008-11-30,2009-12-15,1,0,2008:1|2009:2
Joseph Kamel,3,2025-10-23,2025-11-24,1,0,2025:3
"Joseph Kamel, Julien Doré",3,2025-10-23,2025-11-24,1,0,2025:3
Josh Fudge,3,2020-10-16,2021-05-03,2,0,2020:2|2021:1
Josh Kelley,3,2014-05-27,2014-05-28,1,0,2014:3
Josh Ritter,3,2013-03-07,2013-04-18,2,0,2013:3
Josh Turner,3,2012-05-07,2021-07-25,3,0,2012:1|2015:1|2021:1
Joshua C.S.,3,2021-12-26,2022-03-10,1,0,2021:1|2022:2
José James,3,2009-08-14,2015-08-18,2,0,2009:1|2014:1|2015:1
José Mauro,3,2009-08-14,2017-01-11,1,0,2009:2|2017:1
Joulupukki,3,2012-12-01,2012-12-01,3,0,2012:3
Joy Downer,3,2019-09-25,2019-09-27,1,0,2019:3
Joy Orbison,3,2012-07-15,2015-12-02,2,0,2012:2|2015:1
JPEGMAFIA,3,2020-10-09,2025-05-28,3,0,2020:1|2024:1|2025:1
Jubël,3,2021-04-28,2023-03-09,2,0,2021:1|2023:2
Julia Vero,3,2013-09-21,2013-09-21,3,0,2013:3
Julian y Su Combo,3,2022-12-11,2023-02-05,1,0,2022:2|2023:1
Julie Byrne,3,2017-06-11,2025-01-13,3,0,2017:2|2025:1
Julie Roset,3,2026-01-27,2026-02-04,2,0,2026:3
Justin Vernon,3,2015-04-01,2019-08-27,2,0,2015:2|2019:1
JW Francis,3,2020-12-09,2023-08-31,3,0,2020:1|2022:1|2023:1
JWestern,3,2020-10-16,2020-12-19,1,0,2020:3
Jóhann Jóhannsson,3,2015-08-19,2022-04-02,2,0,2015:1|2022:2
K's Choice,3,2013-02-15,2017-01-12,1,0,2013:2|2017:1
K-X-P,3,2013-04-07,2015-08-17,2,0,2013:2|2015:1
K.Flay,3,2023-05-30,2023-09-16,2,0,2023:3
Kafka,3,2011-06-12,2011-06-16,1,0,2011:3
"Kali Uchis, Ravyn Lenae",3,2025-09-26,2025-10-14,1,0,2025:3
Karriem Riggins,3,2024-07-04,2024-10-05,1,0,2024:3
Kat DeLuna,3,2008-10-09,2026-08-09,2,0,2008:1|2026:2
Kate Bollinger,3,2019-06-30,2023-12-06,2,0,2019:1|2022:1|2023:1
Katherine Lynn-Rose,3,2022-02-09,2022-02-15,2,0,2022:3
Katori Walker,3,2019-05-16,2019-08-14,1,0,2019:3
kavabanga Depo kolibri,3,2026-05-29,2026-05-29,3,0,2026:3
Kazy Lambist,3,2022-10-05,2025-09-08,2,0,2022:2|2025:1
KC Flightt,3,2007-03-08,2009-11-18,1,0,2007:1|2009:2
Keaver & Brause,3,2011-06-12,2011-06-16,1,0,2011:3
Kellie Pickler,3,2008-12-30,2015-09-14,3,0,2008:1|2012:1|2015:1
Ken Milandou,3,2017-04-04,2017-09-04,1,0,2017:3
Keroué,3,2026-02-03,2026-07-07,3,0,2026:3
Kesha,3,2017-12-02,2025-09-15,3,0,2017:1|2025:2
Key Glock,3,2023-10-23,2025-05-30,2,0,2023:2|2025:1
Keyshia Cole,3,2007-09-29,2008-12-30,3,0,2007:1|2008:2
Kiasmos,3,2017-12-07,2026-08-24,3,0,2017:1|2024:1|2026:1
Kids Superstars,3,2021-11-11,2021-11-11,3,0,2021:3
Kike Wolf,3,2014-12-09,2017-05-02,1,0,2014:1|2017:2
Kiki Dee,3,2007-10-13,2011-01-30,1,0,2007:2|2011:1
Kim Carnes,3,2023-06-16,2024-07-17,1,0,2023:2|2024:1
King Charles,3,2012-10-06,2022-06-23,2,0,2012:1|2017:1|2022:1
King Creosote,3,2015-04-20,2026-07-24,3,0,2015:1|2026:2
"King Hannah, Sharon Van Etten",3,2024-07-13,2024-11-14,1,0,2024:3
Kinkajous,3,2017-04-04,2017-09-04,1,0,2017:3
Kiso,3,2017-05-23,2017-11-23,3,0,2017:3
Knucks,3,2022-12-29,2024-04-11,3,0,2022:1|2024:2
"Kofs, Ahmed Sylla",3,2025-02-19,2025-02-22,1,0,2025:3
Korn,3,2009-03-20,2011-09-09,1,0,2009:2|2011:1
Koru,3,2012-07-15,2013-01-20,2,0,2012:1|2013:2
KOTA The Friend,3,2019-05-17,2022-07-28,2,0,2019:2|2022:1
Kristin Hersh,3,2026-04-17,2026-04-20,1,0,2026:3
Kruder & Dorfmeister,3,2008-12-17,2021-02-25,3,0,2008:1|2015:1|2021:1
Kudasaibeats,3,2020-09-08,2021-07-12,2,0,2020:1|2021:2
Kurtis Wells,3,2021-09-25,2023-09-03,2,0,2021:1|2023:2
Kyson,3,2015-12-11,2019-11-25,2,0,2015:1|2019:2
"L'Impératrice, Maggie Rogers",3,2024-06-25,2024-07-12,1,0,2024:3
"Lady Gaga, Gesaffelstein",3,2026-01-05,2026-02-14,1,0,2026:3
Landon Austin,3,2020-12-29,2021-08-22,3,0,2020:2|2021:1
Laura Gagné,3,2022-10-04,2022-10-22,1,0,2022:3
Laura Misch,3,2017-10-24,2019-11-26,2,0,2017:2|2019:1
Laura Stevenson,3,2015-03-20,2026-06-05,2,0,2015:2|2026:1
Laura Veirs,3,2015-04-01,2026-08-14,2,0,2015:2|2026:1
Laura Voutilainen,3,2012-12-01,2020-12-24,2,0,2012:2|2020:1
Laura Wurster,3,2020-10-16,2020-10-20,1,0,2020:3
Lauren Christy,3,2007-08-03,2010-04-05,1,0,2007:1|2009:1|2010:1
Laurence Guy,3,2019-05-03,2023-02-10,2,0,2019:2|2023:1
Lay Low,3,2015-03-20,2015-12-04,1,0,2015:3
Leagues,3,2013-04-16,2014-01-15,1,0,2013:2|2014:1
Leah Marie Mason,3,2023-02-04,2023-03-17,2,0,2023:3
Lee Dorsey,3,2008-10-10,2017-10-22,2,0,2008:1|2010:1|2017:1
Lemonator,3,2007-11-06,2008-03-01,1,0,2007:2|2008:1
Lenie,3,2026-07-10,2026-07-13,2,0,2026:3
Lennon Stella,3,2014-12-07,2019-05-17,2,0,2014:1|2015:1|2019:1
Leon Ware,3,2015-08-18,2017-09-04,2,0,2015:1|2017:2
Les Baxter,3,2010-08-07,2010-09-21,1,0,2010:3
Les Négresses Vertes,3,2006-04-10,2010-05-04,1,0,2006:1|2008:1|2010:1
Lescop,3,2022-10-22,2025-11-14,3,0,2022:1|2025:2
Lewis Watson,3,2014-12-07,2021-08-22,2,0,2014:1|2015:1|2021:1
lexa gates,3,2024-04-22,2025-12-30,3,0,2024:1|2025:2
Liam St. John,3,2024-07-09,2024-07-09,3,0,2024:3
Libianca,3,2023-01-08,2024-09-03,2,0,2023:1|2024:2
Like,3,2014-12-10,2024-05-08,1,0,2014:1|2017:1|2024:1
LIL DUSTY G,3,2023-09-16,2023-09-16,1,0,2023:3
Lil POPPA,3,2025-12-23,2025-12-31,1,0,2025:3
Lil Yachty,3,2017-07-06,2024-06-17,3,0,2017:1|2024:2
Lila Downs,3,2010-08-07,2010-09-21,1,0,2010:3
Lilyisthatyou,3,2022-04-23,2026-03-27,2,0,2022:1|2026:2
Lime Cordiale,3,2021-10-23,2024-01-15,2,0,2021:2|2024:1
Linh,3,2025-11-03,2025-11-24,1,0,2025:3
Lion Ceccah,3,2026-04-15,2026-04-16,1,0,2026:3
Lionrock,3,2006-11-03,2007-12-15,2,0,2006:1|2007:2
"Lipps, Inc.",3,2007-10-27,2015-06-25,2,0,2007:1|2008:1|2015:1
Lisa Papineau,3,2011-06-12,2011-06-16,1,0,2011:3
Little Ditto,3,2021-10-16,2021-11-11,3,0,2021:3
Little Louie Vega,3,2010-09-28,2015-12-16,2,0,2010:2|2015:1
Little People,3,2015-12-11,2019-08-27,3,0,2015:1|2016:1|2019:1
Liz Phair,3,2017-02-28,2026-07-15,3,0,2017:1|2026:2
Ljuvski,3,2021-02-24,2021-03-06,1,0,2021:3
Lomelda,3,2020-10-20,2021-01-21,2,0,2020:2|2021:1
"London Philharmonic Orchestra, London Philharmonic Choir and David Parry",3,2011-06-15,2013-03-20,3,0,2011:2|2013:1
Lone,3,2011-06-12,2011-06-16,1,0,2011:3
Lonely God,3,2020-10-09,2021-10-24,2,0,2020:1|2021:2
Lonely in the Rain,3,2022-06-17,2022-06-17,3,0,2022:3
Lora,3,2022-02-09,2022-02-09,1,0,2022:3
Lord Composer,3,2021-09-29,2022-10-21,1,0,2021:1|2022:2
Lord Tanamo,3,2022-04-09,2022-04-09,2,0,2022:3
Lorie,3,2025-12-11,2025-12-12,3,0,2025:3
Lorkin O'Reilly,3,2020-07-31,2020-10-04,1,0,2020:3
Los Ladrones,3,2006-10-17,2009-12-01,1,0,2006:2|2009:1
"Louane, Styleto",3,2025-10-20,2025-11-24,1,0,2025:3
Louie Vega,3,2023-07-31,2023-08-12,2,0,2023:3
Louis Prima,3,2008-12-29,2020-08-31,3,0,2008:2|2020:1
Lounge Makers,3,2014-09-21,2016-02-03,1,0,2014:1|2015:1|2016:1
Love and Theft,3,2014-05-27,2014-05-28,1,0,2014:3
Lovers Lane,3,2012-07-15,2013-01-20,1,0,2012:2|2013:1
LSDXOXO,3,2024-07-10,2024-07-11,3,0,2024:3
Luis Eca,3,2006-11-02,2010-01-04,1,0,2006:1|2007:1|2010:1
Luke Sital-Singh,3,2015-03-31,2021-08-22,2,0,2015:2|2021:1
Lulu & The Lampshades,3,2014-12-07,2015-04-07,1,0,2014:1|2015:2
Luminus,3,2012-07-15,2013-01-20,1,0,2012:2|2013:1
Lunatic,3,2025-09-22,2025-09-25,2,0,2025:3
Lydia Luce,3,2021-03-06,2023-05-18,2,0,2021:1|2023:2
Lô Borges,3,2006-11-02,2008-10-21,1,0,2006:1|2007:1|2008:1
M. Pokora,3,2025-03-11,2025-10-20,1,0,2025:3
M.A. Numminen,3,2021-06-08,2022-04-23,2,0,2021:2|2022:1
Mabes,3,2021-08-22,2021-08-22,3,0,2021:3
Madcon,3,2011-02-07,2013-03-24,2,0,2011:1|2012:1|2013:1
Maddie Medley,3,2020-12-31,2023-04-07,2,0,2020:1|2021:1|2023:1
Maisha,3,2020-09-29,2023-02-05,1,0,2020:1|2022:1|2023:1
Maléna,3,2006-10-17,2010-05-13,1,0,2006:2|2010:1
Maneli Jamal,3,2014-12-29,2015-12-09,1,0,2014:1|2015:2
Marcelo Zarvos,3,2015-11-30,2025-11-30,2,0,2015:1|2025:2
Marcia Griffiths,3,2013-02-16,2022-04-09,3,0,2013:1|2015:1|2022:1
Marie Davidson,3,2025-01-23,2025-03-05,3,0,2025:3
Marija Šerifović,3,2026-04-19,2026-04-19,1,0,2026:3
Marisa Monte,3,2012-05-07,2017-07-02,3,0,2012:1|2014:1|2017:1
"Mark de Clive-Lowe, Shigeto, Melanie Charles",3,2024-07-06,2024-10-10,1,0,2024:3
"Mark Ronson, RAYE",3,2025-07-31,2025-09-04,1,0,2025:3
Marlon Roudette,3,2012-07-14,2015-07-03,2,0,2012:2|2015:1
Marlon Williams,3,2017-10-24,2025-06-02,2,0,2017:1|2025:2
marshall allen,3,2015-09-28,2015-12-16,1,0,2015:3
Marshmello,3,2017-12-04,2019-06-19,2,0,2017:2|2019:1
Mary Lou Lord,3,2026-04-17,2026-04-20,1,0,2026:3
Mates of State,3,2013-04-19,2020-10-25,2,0,2013:1|2015:1|2020:1
Matrimony,3,2015-03-30,2015-12-04,1,0,2015:3
Matthew and the Atlas,3,2015-03-20,2019-08-27,3,0,2015:1|2017:1|2019:1
Matthew Kramer,3,2012-05-27,2012-07-15,3,0,2012:3
Matthew Thomas,3,2021-12-26,2022-03-10,1,0,2021:1|2022:2
Maxi Priest,3,2015-12-07,2015-12-08,3,0,2015:3
Maxine Nightingale,3,2007-10-23,2010-04-08,1,0,2007:1|2008:1|2010:1
Maxo Kream,3,2022-07-28,2022-08-08,1,0,2022:3
MAY-A,3,2023-09-03,2023-12-20,2,0,2023:3
Maya de Vitry,3,2021-03-06,2021-08-22,2,0,2021:3
McKinley Dixon,3,2026-01-02,2026-01-02,3,0,2026:3
"McKinley Dixon, Quelle Chris, Anjimile",3,2025-05-28,2026-01-02,1,0,2025:2|2026:1
Meat Puppets,3,2020-10-24,2025-06-08,1,0,2020:1|2023:1|2025:1
MedaSin,3,2019-05-03,2026-08-24,2,0,2019:2|2026:1
Melanie B,3,2006-10-25,2010-03-18,1,0,2006:1|2007:1|2010:1
Melanie C,3,2020-03-23,2026-05-07,2,0,2020:2|2026:1
Menomena,3,2007-07-30,2024-11-04,2,0,2007:2|2024:1
Mercer Henderson,3,2024-03-29,2024-06-09,2,0,2024:3
MFSB,3,2008-09-17,2009-01-07,1,0,2008:2|2009:1
Mia Doi Todd,3,2017-04-04,2017-09-04,1,0,2017:3
Mic Max,3,2012-07-15,2013-01-20,1,0,2012:2|2013:1
Michael Prophet,3,2021-09-29,2022-10-21,1,0,2021:1|2022:2
Michael St Laurent,3,2016-01-11,2017-11-27,1,0,2016:2|2017:1
Mick Flannery,3,2020-07-31,2020-10-04,1,0,2020:3
Mick Jagger and Joss Stone,3,2008-12-24,2010-01-02,1,0,2008:2|2010:1
Mighty Sparrow,3,2021-09-29,2022-10-21,1,0,2021:1|2022:2
Miguel,3,2023-01-13,2025-10-16,3,0,2023:2|2025:1
Mikey Dread,3,2021-09-29,2022-10-21,1,0,2021:1|2022:2
"Miko Marks, The Resurrectors, Tre Burt",3,2024-06-26,2024-08-31,1,0,2024:3
Mild Minds,3,2024-01-11,2026-08-28,2,0,2024:2|2026:1
Millie Small,3,2007-10-27,2011-01-17,1,0,2007:1|2010:1|2011:1
Milo Greene,3,2015-03-20,2017-10-24,2,0,2015:2|2017:1
"Mimi Webb, Meghan Trainor",3,2025-05-21,2025-10-14,1,0,2025:3
Mindy Smith,3,2015-01-24,2015-03-19,1,0,2015:3
Minister Julius,3,2021-01-04,2021-06-23,2,0,2021:3
minthaze,3,2017-11-28,2019-09-18,2,0,2017:1|2019:2
Minus the Bear,3,2013-08-19,2013-08-27,2,0,2013:3
Mirel Wagner,3,2014-07-26,2015-11-25,2,0,2014:1|2015:2
MISSIO,3,2017-08-12,2019-06-13,2,0,2017:1|2019:2
moanday,3,2021-02-15,2021-02-16,1,0,2021:3
Momma,3,2025-07-15,2025-11-21,3,0,2025:3
Monotonix,3,2011-06-05,2011-06-17,1,0,2011:3
Monroe,3,2026-04-15,2026-05-11,1,0,2026:3
Montmartre,3,2022-10-22,2025-03-16,2,0,2022:1|2025:2
Montée,3,2012-07-20,2013-09-08,2,0,2012:1|2013:2
Moonbootica,3,2010-09-26,2010-10-04,2,0,2010:3
Moondog,3,2017-04-26,2017-06-29,2,0,2017:3
Moonia,3,2023-09-11,2023-09-11,2,0,2023:3
MOTO BANDIT,3,2022-05-04,2022-06-13,2,0,2022:3
Mount Eerie,3,2018-01-05,2025-07-28,2,0,2018:1|2024:1|2025:1
Mr. Oizo,3,2025-11-30,2026-04-27,2,0,2025:1|2026:2
Ms. Lauryn Hill,3,2015-11-18,2017-09-26,2,0,2015:1|2017:2
Muddy Waters,3,2012-12-19,2013-04-14,2,0,2012:1|2013:2
Mudvayne,3,2009-10-17,2026-04-06,2,0,2009:1|2026:2
Muni Long,3,2024-07-05,2025-12-23,3,0,2024:2|2025:1
musicalbasics,3,2022-06-04,2023-02-12,2,0,2022:2|2023:1
"Mustard, Travis Scott",3,2024-06-21,2024-06-21,1,0,2024:3
My Ugly Clementine,3,2023-06-05,2023-07-17,1,0,2023:3
Myriam Fares,3,2012-04-06,2012-04-06,3,0,2012:3
N.O.R.E.,3,2007-04-15,2007-10-27,2,0,2007:3
Nada Surf,3,2017-01-18,2026-04-30,2,0,2017:1|2023:1|2026:1
Naeem,3,2020-10-12,2020-10-13,1,0,2020:3
Nalle,3,2021-08-08,2022-04-23,1,0,2021:2|2022:1
Nanna,3,2023-07-30,2023-08-25,1,0,2023:3
Nardo Wick,3,2021-02-05,2021-12-12,2,0,2021:3
Natiruts,3,2012-05-07,2013-11-26,3,0,2012:2|2013:1
Natural Sound Makers,3,2017-09-04,2017-09-04,3,0,2017:3
Nature Recordings,3,2017-09-04,2017-09-04,3,0,2017:3
Natures Plan,3,2014-12-02,2014-12-09,1,0,2014:3
Nação Zumbi,3,2012-05-06,2017-07-02,3,0,2012:1|2017:2
Ne-Yo,3,2012-10-03,2017-05-15,3,0,2012:1|2015:1|2017:1
Neil Halstead,3,2020-07-31,2020-10-04,1,0,2020:3
Nel,3,2021-02-15,2021-02-16,1,0,2021:3
Nell Mescal,3,2024-01-14,2024-01-16,1,0,2024:3
Nemo,3,2024-05-12,2024-11-09,1,0,2024:3
Nera,3,2012-07-15,2013-01-20,2,0,2012:1|2013:2
NERVO,3,2012-06-01,2021-03-15,3,0,2012:1|2017:1|2021:1
Nessa Barrett,3,2023-01-18,2024-08-02,3,0,2023:2|2024:1
New Look,3,2011-06-12,2011-06-16,1,0,2011:3
Niall Horan,3,2017-12-27,2026-07-07,3,0,2017:1|2024:1|2026:1
Nick Carter,3,2012-05-14,2012-05-14,3,0,2012:3
Nick Jonas,3,2015-05-27,2021-08-22,2,0,2015:2|2021:1
Nick Leng,3,2020-11-27,2021-03-01,2,0,2020:1|2021:2
Nicky Thomas,3,2022-04-08,2022-10-21,2,0,2022:3
Nico & Vinz,3,2014-08-19,2015-09-09,2,0,2014:2|2015:1
Nicola Kramer,3,2007-09-30,2010-02-28,1,0,2007:1|2008:1|2010:1
Nicole Scherzinger,3,2008-10-17,2014-12-30,2,0,2008:1|2009:1|2014:1
Nicole Willis & The Soul Investigators,3,2013-04-29,2013-08-09,2,0,2013:3
Night Moves,3,2022-09-04,2026-03-03,2,0,2022:2|2026:1
Night Tapes,3,2023-07-11,2024-04-30,3,0,2023:2|2024:1
Nightports,3,2014-11-20,2017-05-02,2,0,2014:2|2017:1
Nils Lofgren,3,2012-05-31,2026-02-02,3,0,2012:2|2026:1
Nina Keith,3,2023-07-22,2023-08-28,1,0,2023:3
Nina Kraviz,3,2012-07-14,2012-07-14,3,0,2012:3
Ninho,3,2025-12-30,2025-12-30,3,0,2025:3
"Ninho, Redvolution",3,2025-02-18,2025-07-25,1,0,2025:3
No Mercy,3,2006-04-09,2007-10-06,1,0,2006:1|2007:2
No Nomad,3,2019-09-25,2019-09-27,1,0,2019:3
Noah Gundersen,3,2014-12-07,2017-09-21,1,0,2014:1|2015:1|2017:1
Noodah05,3,2025-12-01,2025-12-04,2,0,2025:3
NOROY,3,2022-10-05,2022-10-22,2,0,2022:3
NoSo,3,2022-05-23,2026-04-08,3,0,2022:1|2023:1|2026:1
"Now, Now",3,2017-10-24,2019-09-05,2,0,2017:1|2019:2
Nubya Garcia,3,2021-01-20,2024-07-17,2,0,2021:1|2022:1|2024:1
NÉRIJA,3,2017-04-04,2017-09-04,1,0,2017:3
O Rappa,3,2012-05-07,2015-04-01,2,0,2012:2|2015:1
O.V. Wright,3,2017-10-22,2017-10-22,3,0,2017:3
Octavio Mai,3,2022-10-04,2022-10-22,2,0,2022:3
Oddisee,3,2015-12-02,2026-02-03,2,0,2015:1|2017:1|2026:1
Ohm G & Bruno,3,2007-11-03,2012-05-27,1,0,2007:1|2012:2
Olaf Gutbrod,3,2012-07-15,2013-01-20,1,0,2012:2|2013:1
Olavi Uusivirta,3,2021-09-14,2023-07-31,2,0,2021:1|2023:2
Oliver Morgan,3,2007-08-03,2010-04-18,1,0,2007:1|2008:1|2010:1
Oliver Nelson,3,2015-08-18,2017-09-13,1,0,2015:1|2017:2
Olivia O'Brien,3,2024-08-02,2026-08-21,3,0,2024:1|2026:2
Omarion,3,2009-02-21,2014-12-30,3,0,2009:1|2014:2
Omaya,3,2012-07-15,2013-01-20,1,0,2012:2|2013:1
One Minute Silence,3,2006-02-28,2010-10-20,2,0,2006:1|2009:1|2010:1
"Onipa, Theon Cross, Jally Kebba Susso",3,2024-07-04,2024-10-05,1,0,2024:3
Orelsan,3,2012-04-28,2025-12-13,3,0,2012:1|2025:2
Orville Peck,3,2022-05-23,2026-08-07,3,0,2022:1|2026:2
Os Cariocas,3,2015-03-15,2017-06-18,1,0,2015:1|2017:2
Osibisa,3,2007-03-08,2009-12-06,1,0,2007:2|2009:1
Oslo Ibrahim,3,2020-11-11,2020-11-22,2,0,2020:3
OthaSoul,3,2017-04-04,2017-09-01,1,0,2017:3
Otis Day & The Knights,3,2007-09-30,2010-04-23,1,0,2007:1|2009:1|2010:1
Otto Kotilainen,3,2021-12-24,2021-12-24,2,0,2021:3
Owen Gray,3,2022-04-09,2022-04-23,1,0,2022:3
P.r2b,3,2022-08-07,2025-03-11,2,0,2022:1|2025:2
Palace,3,2015-08-24,2026-04-23,3,0,2015:1|2019:1|2026:1
Pang!,3,2015-09-24,2017-11-23,3,0,2015:2|2017:1
Panyard,3,2006-10-17,2008-12-16,1,0,2006:2|2008:1
Paola,3,2009-04-24,2010-10-20,1,0,2009:2|2010:1
Paradise Island,3,2006-12-01,2010-03-24,1,0,2006:1|2007:1|2010:1
Paris Hilton,3,2021-11-25,2026-03-16,2,0,2021:1|2022:1|2026:1
Parker Son,3,2021-02-21,2023-06-20,2,0,2021:2|2023:1
PARTYNEXTDOOR,3,2014-12-30,2024-06-21,3,0,2014:1|2023:1|2024:1
Pat Kirtley,3,2014-12-29,2015-12-09,1,0,2014:1|2015:2
Patrick Wolf,3,2013-01-16,2026-07-24,3,0,2013:1|2026:2
Patti Scialfa,3,2012-05-31,2012-05-31,3,0,2012:3
Patty Griffin,3,2026-01-26,2026-05-24,3,0,2026:3
Paul Desmond,3,2017-06-15,2021-11-20,2,0,2017:2|2021:1
Paula Cole,3,2008-12-30,2026-05-24,3,0,2008:1|2013:1|2026:1
Peace Orchestra,3,2012-05-03,2021-12-11,3,0,2012:1|2015:1|2021:1
Pearly Drops,3,2020-12-07,2026-05-12,3,0,2020:1|2026:2
Peggy Lee,3,2008-12-30,2022-12-24,3,0,2008:2|2022:1
Pendulum,3,2010-05-30,2012-05-13,1,0,2010:2|2012:1
Peter and the Wolf,3,2015-01-24,2015-10-02,1,0,2015:3
Peter McPoland,3,2021-02-05,2023-05-12,3,0,2021:1|2022:1|2023:1
"Peter, Paul & Mary",3,2013-03-07,2013-04-19,2,0,2013:3
Phil Keaggy,3,2014-12-29,2015-12-09,1,0,2014:1|2015:2
Philip Glass,3,2014-01-12,2017-11-28,3,0,2014:1|2017:2
Phox,3,2014-11-30,2015-01-11,1,0,2014:2|2015:1
Piano Tribute Players,3,2014-11-23,2014-11-23,2,0,2014:3
"Pieter Schoeman, London Philharmonic Orchestra and David Parry",3,2011-06-15,2011-06-15,3,0,2011:3
"PinkPantheress, Ice Spice",3,2024-07-03,2024-07-03,1,0,2024:3
Plain White T's,3,2007-12-01,2021-10-24,2,0,2007:1|2009:1|2021:1
Plan B,3,2010-05-30,2010-06-04,2,0,2010:3
"Pls&Ty, Tima Dee",3,2020-03-23,2020-04-03,1,0,2020:3
PLÜM,3,2022-06-17,2023-06-20,3,0,2022:2|2023:1
Pom Poko,3,2020-11-22,2026-03-12,2,0,2020:2|2026:1
Pomme,3,2025-12-02,2025-12-04,3,0,2025:3
Poppet Stars,3,2021-10-02,2021-11-11,1,0,2021:3
Poppy Ajudha,3,2020-12-09,2026-04-07,3,0,2020:1|2023:1|2026:1
Porches,3,2016-02-03,2020-10-14,3,0,2016:1|2020:2
Porij,3,2021-09-25,2024-04-19,3,0,2021:1|2022:1|2024:1
"Post Malone, Swae Lee",3,2024-07-20,2025-06-05,2,0,2024:1|2025:2
Postcard Boy,3,2019-07-15,2019-07-18,1,0,2019:3
Praed,3,2012-04-08,2026-07-06,3,0,2012:1|2026:2
Praise Cats,3,2009-12-01,2010-03-18,1,0,2009:2|2010:1
Pretenders,3,2022-12-24,2023-09-18,2,0,2022:1|2023:2
Priestess,3,2008-11-12,2009-11-14,1,0,2008:2|2009:1
Prima Queen,3,2026-02-10,2026-04-23,2,0,2026:3
Primero,3,2026-03-03,2026-07-07,3,0,2026:3
Prince Alla,3,2022-04-09,2022-10-21,1,0,2022:3
Public Enemy,3,2010-11-22,2013-08-10,2,0,2010:1|2012:1|2013:1
Puretone,3,2007-03-20,2008-03-02,1,0,2007:2|2008:1
Purity Ring,3,2013-09-21,2025-10-31,3,0,2013:1|2025:2
Quantic & His Combo Bárbaro,3,2010-08-07,2010-09-21,1,0,2010:3
Quarion,3,2012-05-27,2012-07-29,1,0,2012:3
Quietdrive,3,2008-02-24,2009-12-06,1,0,2008:1|2009:2
Quincy Jones And His Orchestra,3,2006-06-14,2010-01-17,1,0,2006:1|2009:1|2010:1
R.I.O.,3,2012-05-18,2012-10-07,3,0,2012:3
Rachel Zegler,3,2023-12-04,2023-12-06,1,0,2023:3
Rahill,3,2023-11-07,2025-01-13,3,0,2023:1|2024:1|2025:1
Rainbow Kitten Surprise,3,2024-09-30,2025-11-12,3,0,2024:1|2025:2
Rameses B,3,2013-04-24,2014-05-01,2,0,2013:2|2014:1
Rancid,3,2017-01-12,2023-06-10,2,0,2017:2|2023:1
Ras G,3,2015-12-02,2017-11-28,2,0,2015:2|2017:1
Ratbag,3,2024-01-11,2024-01-14,1,0,2024:3
Ravyn Lenae,3,2022-03-27,2025-07-26,2,0,2022:2|2025:1
"RAYE, The Heritage Orchestra, Austin Lichtenstein",3,2024-07-17,2024-07-18,1,0,2024:3
Red House Painters,3,2014-06-03,2026-07-16,3,0,2014:1|2017:1|2026:1
Refuzion,3,2026-07-18,2026-08-22,2,0,2026:3
Rejjie Snow,3,2017-04-04,2026-02-03,2,0,2017:2|2026:1
Remi Nicole,3,2008-01-26,2009-11-29,1,0,2008:1|2009:2
Rex Orange County,3,2020-07-30,2026-05-25,3,0,2020:1|2022:1|2026:1
Rhodes,3,2014-11-30,2015-01-11,1,0,2014:2|2015:1
Rhys Lewis,3,2021-01-29,2021-08-22,3,0,2021:3
Rhythm Plate,3,2006-10-17,2010-04-29,1,0,2006:2|2010:1
Richard Dawson,3,2025-01-24,2025-03-06,2,0,2025:3
Richard Walters,3,2019-11-26,2019-11-26,3,0,2019:3
Rise Against,3,2017-10-26,2026-09-04,3,0,2017:1|2025:1|2026:1
River Whyless,3,2015-11-25,2024-02-04,2,0,2015:1|2024:2
Robert Nickson,3,2016-01-11,2017-11-27,1,0,2016:2|2017:1
Roberta Flack,3,2020-10-31,2024-08-01,3,0,2020:1|2024:2
Robin Packalen,3,2023-02-25,2026-08-04,2,0,2023:1|2026:2
Roger & the Gypsies,3,2008-10-09,2010-11-21,1,0,2008:1|2010:2
Rogue Wave,3,2013-01-16,2026-07-16,3,0,2013:1|2019:1|2026:1
Rohff,3,2025-09-22,2025-09-25,2,0,2025:3
Rolling Blackouts Coastal Fever,3,2019-08-19,2019-09-17,1,0,2019:3
Romare,3,2015-04-20,2015-09-30,3,0,2015:3
Ronnie Spector,3,2025-07-28,2025-11-05,3,0,2025:3
Rook Monroe,3,2020-10-16,2021-01-01,2,0,2020:2|2021:1
"ROSALÍA, Björk, Yves Tumor",3,2025-11-07,2026-01-10,1,0,2025:1|2026:2
Rotersand,3,2023-07-07,2023-07-07,3,0,2023:3
Run-D.M.C.,3,2010-10-31,2010-10-31,3,0,2010:3
Rupert Gregson-Williams,3,2017-06-13,2017-06-14,3,0,2017:3
Rupie Edwards,3,2022-04-09,2022-04-09,2,0,2022:3
Rush,3,2021-06-23,2024-12-02,2,0,2021:2|2024:1
Russ,3,2017-08-08,2022-09-20,3,0,2017:1|2019:1|2022:1
Russell!,3,2025-12-31,2026-02-02,2,0,2025:2|2026:1
Ryan Montbleau Band,3,2020-12-30,2021-10-31,1,0,2020:1|2021:2
Rêve Blanc,3,2022-10-04,2022-10-22,2,0,2022:3
Röyhkä/Inginmaa/Hypnomen,3,2024-07-10,2024-07-11,3,0,2024:3
RÜFÜS DU SOL,3,2024-05-05,2026-01-30,3,0,2024:1|2025:1|2026:1
Sabrina Song,3,2023-12-04,2023-12-06,1,0,2023:3
Said the Whale,3,2013-01-18,2015-04-08,2,0,2013:1|2015:2
"Saint Etienne, Confidence Man",3,2025-09-11,2026-01-05,1,0,2025:2|2026:1
SAINt JHN,3,2020-04-07,2021-08-20,2,0,2020:2|2021:1
Sainté,3,2024-04-09,2024-04-11,3,0,2024:3
Salt,3,2008-10-10,2010-04-18,1,0,2008:1|2009:1|2010:1
Sam Ryder,3,2021-03-04,2025-09-27,3,0,2021:1|2023:1|2025:1
Samuel E. Wright,3,2019-05-13,2019-05-17,2,0,2019:3
San Francisco Symphony,3,2026-05-08,2026-05-08,3,0,2026:3
Sara Farell,3,2017-12-04,2021-08-22,3,0,2017:1|2021:2
Sarah Engels,3,2026-04-15,2026-05-11,1,0,2026:3
SASAMI,3,2020-12-31,2025-06-09,3,0,2020:1|2025:2
Sash,3,2019-10-01,2023-06-12,1,0,2019:2|2023:1
Sasha,3,2012-05-27,2025-07-25,3,0,2012:1|2017:1|2025:1
Sasha Sloan,3,2021-03-04,2021-04-28,2,0,2021:3
"Sassy 009, Blood Orange",3,2026-01-20,2026-01-21,1,0,2026:3
Sawyer,3,2019-07-24,2021-12-05,2,0,2019:1|2021:2
Scandinavian Music Group,3,2013-12-06,2014-11-23,3,0,2013:1|2014:2
Screaming Trees,3,2017-01-11,2026-04-30,2,0,2017:2|2026:1
Sea Lemon,3,2023-06-12,2023-12-20,2,0,2023:3
Seafret,3,2015-03-18,2015-09-17,1,0,2015:3
Sean Banan,3,2010-06-25,2012-04-26,2,0,2010:2|2012:1
Selena,3,2008-07-25,2017-06-17,2,0,2008:1|2017:2
Self,3,2009-01-29,2010-09-29,1,0,2009:1|2010:2
Senhit,3,2021-06-06,2026-04-16,2,0,2021:1|2026:2
Session Victim,3,2021-12-29,2022-02-18,2,0,2021:2|2022:1
Sevdaliza,3,2026-06-03,2026-08-09,3,0,2026:3
Shame,3,2023-07-11,2026-07-06,2,0,2023:2|2026:1
Shankar Jaikishan,3,2008-02-22,2010-02-28,1,0,2008:2|2010:1
Shlohmo,3,2015-12-02,2017-11-28,2,0,2015:1|2017:2
Showtek,3,2017-02-15,2021-03-15,2,0,2017:2|2021:1
Shuggie Otis,3,2013-04-14,2026-07-28,3,0,2013:1|2017:1|2026:1
Shura,3,2019-08-28,2025-05-28,3,0,2019:1|2020:1|2025:1
Si Tew,3,2013-07-19,2013-07-28,1,0,2013:3
Sigala,3,2015-09-17,2017-05-23,2,0,2015:1|2017:2
Silent Waves,3,2016-02-03,2016-02-04,3,0,2016:3
Silia Kapsis,3,2024-05-12,2024-11-09,1,0,2024:3
Silverchair,3,2013-04-04,2023-06-10,3,0,2013:1|2015:1|2023:1
Simian,3,2013-04-19,2013-09-21,1,0,2013:3
Sinéad Harnett,3,2024-08-22,2024-08-22,3,0,2024:3
Sir Chloe,3,2022-03-11,2024-06-24,2,0,2022:2|2024:1
skaiwater,3,2020-10-09,2024-01-11,2,0,2020:1|2024:2
Skazka Orchestra,3,2013-12-06,2024-12-26,2,0,2013:1|2017:1|2024:1
Skeleten,3,2021-09-25,2025-01-24,3,0,2021:1|2022:1|2025:1
Skin,3,2006-04-11,2008-10-16,1,0,2006:1|2008:2
Sleater-Kinney,3,2012-10-01,2017-01-18,3,0,2012:1|2017:2
"Slimane, Claudio Capéo",3,2025-10-23,2025-11-24,1,0,2025:3
Slow Club,3,2015-08-24,2026-02-10,2,0,2015:2|2026:1
Smith & Thell,3,2021-04-28,2021-10-24,3,0,2021:3
Smitty,3,2008-11-24,2010-10-12,1,0,2008:1|2009:1|2010:1
"Sniper, JoeyStarr",3,2025-09-22,2025-09-26,1,0,2025:3
So Fine,3,2012-05-27,2012-05-31,1,0,2012:3
Soap&Skin,3,2010-10-04,2025-08-13,2,0,2010:1|2023:1|2025:1
SoFaygo,3,2023-01-01,2025-07-16,2,0,2023:2|2025:1
Sonic Dream Collective,3,2012-10-26,2012-10-26,3,0,2012:3
Sophia Bel,3,2020-11-27,2021-01-04,2,0,2020:2|2021:1
Sophie Zelmani,3,2014-01-12,2014-06-03,3,0,2014:3
Soulja Boy,3,2008-08-07,2021-04-10,2,0,2008:2|2021:1
soundspecies,3,2011-06-12,2011-06-16,1,0,2011:3
Sparks,3,2009-06-14,2025-07-28,3,0,2009:1|2023:1|2025:1
Special Interest,3,2021-01-21,2021-01-21,3,0,2021:3
Spirit Animal,3,2013-05-28,2017-05-10,1,0,2013:1|2014:1|2017:1
St. Even,3,2015-03-20,2015-12-04,1,0,2015:3
Stacie Orrico,3,2008-12-30,2009-12-24,3,0,2008:2|2009:1
Starving Artists Crew,3,2006-03-14,2010-05-07,2,0,2006:1|2009:1|2010:1
Status IV,3,2012-04-01,2013-11-17,1,0,2012:2|2013:1
Stealing Sheep,3,2014-12-09,2020-10-26,2,0,2014:1|2015:1|2020:1
Steen Thottrup,3,2012-07-15,2013-01-20,2,0,2012:1|2013:2
Stefano Barone,3,2014-12-29,2015-12-09,1,0,2014:1|2015:2
Stella Explorer,3,2022-07-13,2022-12-29,1,0,2022:3
Stephen Sanchez,3,2023-01-13,2023-10-19,2,0,2023:3
Steve Jones,3,2006-12-13,2007-11-25,1,0,2006:1|2007:2
Steve Winwood,3,2009-10-09,2009-10-09,3,0,2009:3
Strange Fruit Project,3,2006-03-14,2010-05-07,1,0,2006:1|2009:1|2010:1
STRFKR,3,2023-12-18,2024-01-15,2,0,2023:2|2024:1
Sturgill Simpson,3,2020-10-21,2024-09-18,3,0,2020:2|2024:1
Sugar Minott,3,2008-11-27,2010-10-28,1,0,2008:1|2009:1|2010:1
Summerland,3,2007-01-23,2008-10-14,1,0,2007:2|2008:1
Sunset Rollercoaster,3,2020-10-14,2020-11-11,2,0,2020:3
Superheart,3,2019-09-25,2019-09-27,1,0,2019:3
Suprême NTM,3,2025-09-22,2025-09-25,2,0,2025:3
Sval,3,2023-09-11,2023-09-28,1,0,2023:3
Swardy,3,2019-05-03,2019-09-10,2,0,2019:3
Syd,3,2025-07-30,2025-09-04,1,0,2025:3
Symarip,3,2022-04-08,2022-10-21,1,0,2022:3
Syndicate Sound Labs,3,2015-12-02,2017-11-28,2,0,2015:2|2017:1
Synne Helland,3,2021-10-03,2021-10-03,3,0,2021:3
Séamus,3,2021-02-15,2021-02-16,1,0,2021:3
Søren Torpegaard Lund,3,2026-04-15,2026-05-11,1,0,2026:3
T. Evann,3,2020-11-22,2020-11-27,1,0,2020:3
Tahiti 80,3,2019-07-24,2019-09-09,2,0,2019:3
Taia,3,2020-11-22,2020-12-19,2,0,2020:3
Take Van,3,2021-10-26,2022-12-18,3,0,2021:1|2022:2
Take/Five,3,2017-11-27,2017-11-27,3,0,2017:3
Takka Takka,3,2012-07-01,2012-07-01,3,0,2012:3
"Tandem, Mac Tyer, Mac Kregor, Diam's, Kery James, Faf la Rage, Lino, Kazkami, Tunisiano",3,2025-09-22,2025-09-25,1,0,2025:3
Tank and the Bangas,3,2020-07-29,2020-10-12,2,0,2020:3
Taron Egerton,3,2020-03-04,2020-03-04,3,0,2020:3
"Tate McRae, Flo Milli",3,2025-02-23,2025-12-15,1,0,2025:3
Taylor McFerrin,3,2014-12-09,2015-12-11,3,0,2014:1|2015:2
"Taylor Swift, Dixie Chicks",3,2020-02-28,2020-06-17,1,0,2020:3
Tegan and Sara,3,2009-12-25,2022-02-18,3,0,2009:1|2013:1|2022:1
Tei Shi,3,2020-09-26,2020-10-03,1,0,2020:3
Telemona,3,2021-12-03,2021-12-12,1,0,2021:3
Tems,3,2024-01-11,2024-07-05,2,0,2024:3
Terrible Sons,3,2020-10-13,2024-08-08,2,0,2020:2|2024:1
Teuvo Hakasalo,3,2021-12-24,2021-12-24,2,0,2021:3
Tez Cadey,3,2014-12-11,2017-10-21,2,0,2014:1|2015:1|2017:1
The Aces,3,2019-06-15,2025-07-21,3,0,2019:2|2025:1
The Acorn,3,2015-01-11,2015-04-02,2,0,2015:3
The Aggrovators,3,2022-04-09,2022-10-21,2,0,2022:3
The Audreys,3,2015-03-31,2015-12-04,1,0,2015:3
The Bamboos,3,2014-11-30,2015-01-11,1,0,2014:2|2015:1
The Barden Bellas,3,2020-03-19,2020-03-19,3,0,2020:3
The Beef Seeds,3,2015-09-07,2015-11-16,2,0,2015:3
The Big Yard Family,3,2010-12-24,2010-12-26,1,0,2010:3
The Blow Monkeys,3,2006-09-17,2010-05-06,1,0,2006:1|2009:1|2010:1
The Blues Magoos,3,2007-09-30,2010-03-23,1,0,2007:1|2008:1|2010:1
The Bravery,3,2013-09-21,2023-03-09,2,0,2013:1|2023:2
The Budos Band,3,2009-10-09,2009-10-09,3,0,2009:3
The Daktaris,3,2009-10-09,2022-09-26,3,0,2009:2|2022:1
The Daydream Club,3,2015-03-25,2015-12-04,2,0,2015:3
The Dead Tongues,3,2020-07-31,2020-10-21,2,0,2020:3
The Dirty Heads,3,2013-08-26,2014-12-22,2,0,2013:2|2014:1
The Districts,3,2015-04-20,2020-12-09,3,0,2015:1|2017:1|2020:1
The Eternals,3,2022-04-09,2022-04-23,1,0,2022:3
The Everly Brothers,3,2012-12-19,2026-02-26,3,0,2012:2|2026:1
"The Favors, FINNEAS, Ashe",3,2025-07-21,2025-11-12,2,0,2025:3
The Foreign Exchange,3,2006-03-14,2010-05-07,1,0,2006:1|2007:1|2010:1
The Funkees,3,2013-06-29,2022-10-16,3,0,2013:2|2022:1
The Game,3,2006-05-13,2024-05-27,2,0,2006:1|2019:1|2024:1
The Gladiators,3,2022-10-21,2022-10-21,3,0,2022:3
The Go-Betweens,3,2020-12-14,2020-12-14,3,0,2020:3
The Greyboy Allstars,3,2022-09-22,2022-10-06,1,0,2022:3
The Hold Steady,3,2010-11-14,2011-01-15,2,0,2010:1|2011:2
The Hollies,3,2009-12-12,2012-12-19,2,0,2009:1|2012:2
The Hundred in the Hands,3,2012-05-31,2026-07-16,2,0,2012:1|2013:1|2026:1
The Hunts,3,2015-03-23,2015-12-04,1,0,2015:3
The Impressions,3,2015-08-18,2015-12-16,1,0,2015:3
The Invisible,3,2015-08-18,2024-05-08,2,0,2015:1|2017:1|2024:1
The KDMS,3,2012-07-18,2012-07-21,2,0,2012:3
The Kingstonians,3,2022-04-09,2022-04-09,3,0,2022:3
The Lagoons,3,2019-09-02,2024-01-16,1,0,2019:1|2024:2
The Last Bison,3,2015-03-23,2015-12-04,3,0,2015:3
The Laurie Berkner Band,3,2021-07-25,2021-12-12,1,0,2021:3
The Leisure Society,3,2026-07-22,2026-07-24,2,0,2026:3
The Little Stevies,3,2015-03-23,2015-11-25,1,0,2015:3
The Lucy Nation,3,2006-05-06,2007-08-14,1,0,2006:2|2007:1
The Man Behind C.,3,2013-02-16,2013-02-16,2,0,2013:3
The Mary Onettes,3,2019-09-02,2019-11-25,1,0,2019:3
The Mayries,3,2021-08-22,2021-08-22,3,0,2021:3
"The Messthetics, James Brandon Lewis",3,2026-01-20,2026-01-20,3,0,2026:3
The Most Serene Republic,3,2012-03-27,2012-03-27,3,0,2012:3
The Mysterines,3,2019-08-28,2026-04-08,3,0,2019:1|2023:1|2026:1
The Ogyatanaa Show Band,3,2017-04-04,2017-09-04,1,0,2017:3
The Oh Hellos,3,2015-11-25,2020-10-21,3,0,2015:1|2019:1|2020:1
The Pogues,3,2013-03-18,2025-12-18,3,0,2013:1|2022:1|2025:1
The Primitives,3,2007-08-09,2025-07-28,2,0,2007:1|2010:1|2025:1
The Proclaimers,3,2010-04-08,2013-04-04,2,0,2010:2|2013:1
The Radio Dept.,3,2017-06-11,2017-06-11,3,0,2017:3
The Record Company,3,2023-09-16,2023-09-16,1,0,2023:3
The Red Army Choir,3,2009-10-31,2009-10-31,3,0,2009:3
The Red Jumpsuit Apparatus,3,2026-05-21,2026-05-21,3,0,2026:3
The Regrettes,3,2023-01-18,2023-05-12,2,0,2023:3
The RZA/Charles Bernstein,3,2007-03-31,2010-11-19,1,0,2007:1|2010:2
The Show Ponies,3,2014-12-07,2015-04-08,1,0,2014:1|2015:2
The Sir Douglas Quintet,3,2007-09-30,2008-07-25,1,0,2007:2|2008:1
The Slapped Eyeballers,3,2007-08-15,2009-12-01,1,0,2007:1|2008:1|2009:1
The Slickers,3,2022-04-09,2022-04-09,2,0,2022:3
The Stone Roses,3,2012-05-13,2026-07-15,3,0,2012:2|2026:1
The Sura Quintet,3,2015-11-26,2016-02-05,2,0,2015:1|2016:2
The Temptations,3,2010-12-24,2021-09-16,3,0,2010:1|2015:1|2021:1
The Ting Tings,3,2010-08-18,2022-05-14,2,0,2010:1|2013:1|2022:1
The Tornadoes,3,2006-11-19,2007-10-21,1,0,2006:1|2007:2
The Uniques,3,2022-04-09,2022-10-21,1,0,2022:3
The Vamps,3,2020-12-24,2021-12-24,2,0,2020:2|2021:1
The Voidz,3,2019-08-27,2023-06-20,2,0,2019:2|2023:1
The Wailin' Jennys,3,2013-03-07,2015-09-08,2,0,2013:1|2015:2
The Wedding Present,3,2017-05-02,2026-07-16,2,0,2017:1|2021:1|2026:1
The Wreckers,3,2015-01-24,2015-08-16,1,0,2015:3
The Young Folk,3,2013-01-16,2015-03-30,2,0,2013:1|2015:2
The Zutons,3,2023-03-09,2023-03-09,1,0,2023:3
Thomas Jack,3,2017-04-13,2023-06-20,2,0,2017:2|2023:1
Tigran Hamasyan,3,2026-02-10,2026-02-10,3,0,2026:3
Tim Atlas,3,2017-10-24,2019-09-05,2,0,2017:2|2019:1
Tim Dup,3,2022-08-07,2025-03-09,2,0,2022:1|2025:2
"Timo Lassy, Jukka Eskola",3,2024-07-10,2024-07-11,3,0,2024:3
Tino Drima,3,2023-12-04,2023-12-06,1,0,2023:3
Tiny Ruins,3,2015-12-01,2015-12-16,2,0,2015:3
Tiny Vipers,3,2012-09-19,2012-10-01,3,0,2012:3
To Be Frank,3,2014-11-19,2017-05-02,1,0,2014:2|2017:1
"Tom & Joy f/ Tony Allen (Bob Sinclar ""Amour Kefe"" Remix)",3,2007-03-08,2008-04-16,1,0,2007:2|2008:1
Tom Grennan,3,2021-03-04,2024-05-05,2,0,2021:1|2022:1|2024:1
Tom Misch,3,2017-12-07,2025-08-13,3,0,2017:1|2020:1|2025:1
Tommy Emmanuel,3,2014-12-29,2015-12-09,1,0,2014:1|2015:2
Tommy McCook,3,2022-04-09,2022-10-21,2,0,2022:3
TOMORA,3,2026-05-12,2026-09-02,2,0,2026:3
Toni Braxton,3,2008-12-29,2015-01-11,3,0,2008:2|2015:1
TOPS,3,2022-04-12,2023-11-22,2,0,2022:1|2023:2
Tora,3,2015-09-03,2019-07-21,2,0,2015:2|2019:1
Tori Kelly,3,2024-07-16,2026-09-06,3,0,2024:2|2026:1
Torpus & The Art Directors,3,2015-03-30,2015-04-08,1,0,2015:3
"Total Refreshment Centre, Soccer96, Kieron Boothe",3,2024-07-06,2024-10-10,1,0,2024:3
Toumani Diabaté,3,2008-12-30,2013-06-29,3,0,2008:2|2013:1
Trace Bundy,3,2014-12-29,2015-12-09,1,0,2014:1|2015:2
Tranki,3,2014-09-21,2016-02-03,2,0,2014:1|2015:1|2016:1
Transglobal Underground,3,2013-11-17,2026-05-25,3,0,2013:1|2026:2
Trapt,3,2007-01-16,2026-04-06,1,0,2007:2|2026:1
Travis Scott,3,2024-06-16,2025-07-16,3,0,2024:1|2025:2
Trevor Gordon Hall,3,2014-12-29,2015-12-09,1,0,2014:1|2015:2
Triggerfinger,3,2012-07-14,2012-07-14,1,0,2012:3
Triston Palmer,3,2008-09-09,2011-09-09,1,0,2008:2|2011:1
Tritonal,3,2013-05-20,2015-09-10,3,0,2013:2|2015:1
Trois Cafés Gourmands,3,2025-03-09,2025-10-20,1,0,2025:3
Tropics,3,2014-01-14,2019-08-19,2,0,2014:1|2019:2
Trousdale,3,2020-12-29,2022-05-30,2,0,2020:1|2022:2
Trus'me feat. Amp Fiddler,3,2010-08-07,2010-09-20,1,0,2010:3
Tsha,3,2022-06-18,2022-11-17,1,0,2022:3
Tucara,3,2010-08-07,2010-09-20,1,0,2010:3
Tune-Yards,3,2014-12-14,2015-04-20,2,0,2014:1|2015:2
TVORCHI,3,2023-05-17,2024-02-19,1,0,2023:2|2024:1
Tycho Jones,3,2020-11-22,2020-12-19,2,0,2020:3
Tyler Ward,3,2015-03-02,2021-10-24,2,0,2015:2|2021:1
Ultra Nate,3,2025-05-01,2025-07-04,1,0,2025:3
UMI,3,2020-07-29,2022-12-29,2,0,2020:1|2022:2
Umpirage,3,2023-09-11,2023-09-11,2,0,2023:3
Urban Myth Club,3,2013-08-22,2014-09-21,3,0,2013:2|2014:1
Ursula 1000,3,2012-07-18,2013-11-17,2,0,2012:1|2013:2
Valarie Etienne,3,2007-08-06,2008-10-14,1,0,2007:2|2008:1
Vanessa Williams,3,2024-08-03,2024-08-19,2,0,2024:3
Vangelis,3,2015-09-08,2017-06-29,3,0,2015:2|2017:1
Vanilla Ninja,3,2026-04-15,2026-05-11,1,0,2026:3
Vernis Rouge,3,2025-10-23,2026-07-13,2,0,2025:1|2026:2
Video Games Live,3,2022-04-18,2022-04-18,3,0,2022:3
Vievie,3,2021-02-21,2021-06-22,1,0,2021:3
Violent Soho,3,2014-12-17,2024-01-11,2,0,2014:1|2024:2
"VITAA, Slimane",3,2025-11-03,2025-12-02,3,0,2025:3
VÆB,3,2025-05-30,2025-07-11,1,0,2025:3
Vök,3,2019-09-02,2019-11-25,1,0,2019:3
"W&W, BlasterJaxx, Hardwell",3,2025-04-24,2025-04-28,1,0,2025:3
Walter Murphy,3,2008-08-07,2009-10-14,1,0,2008:2|2009:1
Walter Wanderley,3,2006-03-13,2010-02-05,1,0,2006:2|2010:1
Warren G,3,2017-04-13,2024-05-15,2,0,2017:2|2024:1
Warren Zevon,3,2012-05-31,2026-06-05,3,0,2012:1|2015:1|2026:1
Wasted Penguinz,3,2026-08-22,2026-08-22,3,0,2026:3
Way Out West,3,2012-05-27,2012-05-27,3,0,2012:3
We Are Scientists,3,2010-08-21,2023-01-06,3,0,2010:1|2013:1|2023:1
We The People Band,3,2022-04-08,2022-10-21,1,0,2022:3
Weathertunes,3,2013-02-16,2015-12-11,2,0,2013:2|2015:1
Whethan,3,2019-09-02,2019-11-25,1,0,2019:3
Wigwam,3,2021-06-23,2022-04-08,2,0,2021:2|2022:1
Wild Child,3,2015-08-25,2020-12-02,3,0,2015:2|2020:1
Wild Nothing,3,2016-02-03,2025-01-13,2,0,2016:1|2023:1|2025:1
William Onyeabor,3,2015-01-11,2017-07-12,1,0,2015:1|2017:2
William Orbit,3,2012-05-27,2012-05-27,2,0,2012:3
Wilt,3,2024-02-15,2024-02-16,1,0,2024:3
Wiretree,3,2014-11-30,2015-01-11,1,0,2014:2|2015:1
Wisp,3,2014-04-30,2023-06-05,2,0,2014:1|2023:2
Wolfram,3,2012-07-20,2015-11-26,1,0,2012:2|2015:1
Woman,3,2019-09-25,2019-09-27,1,0,2019:3
Wrabel,3,2021-10-20,2023-02-23,2,0,2021:1|2022:1|2023:1
www.VeqHite.Net,3,2012-07-01,2012-07-21,1,0,2012:3
Xavier Cugat,3,2008-10-28,2010-03-02,1,0,2008:1|2009:1|2010:1
Xavier Sun,3,2021-12-27,2022-02-19,2,0,2021:2|2022:1
Xique-Xique,3,2024-09-03,2024-09-09,1,0,2024:3
Xiu Xiu,3,2024-09-02,2025-01-29,3,0,2024:1|2025:2
yAnNs,3,2025-02-19,2025-02-22,2,0,2025:3
Yasmin Williams,3,2021-01-30,2023-04-07,1,0,2021:2|2023:1
"Yaya Bey, Exaktly, RAHRAH GABOR",3,2025-07-27,2026-01-20,1,0,2025:2|2026:1
Years & Years,3,2015-05-29,2017-12-04,2,0,2015:2|2017:1
"Yeboyah, NCO",3,2024-07-18,2024-07-21,1,0,2024:3
yeule,3,2023-06-12,2026-03-12,3,0,2023:1|2025:1|2026:1
Yomoti,3,2019-04-30,2019-09-18,2,0,2019:3
Yoste,3,2019-08-27,2019-11-26,1,0,2019:3
young friend,3,2021-02-05,2022-12-31,3,0,2021:2|2022:1
Ypey,3,2012-07-15,2013-01-20,1,0,2012:2|2013:1
Yppah,3,2015-04-10,2026-07-23,3,0,2015:1|2026:2
Yrjänä,3,2023-07-07,2023-08-13,1,0,2023:3
Yu,3,2011-06-12,2024-05-08,1,0,2011:2|2024:1
Yuno,3,2019-08-27,2019-09-16,2,0,2019:3
Yusef Lateef,3,2015-07-08,2015-09-29,3,0,2015:3
Yves Jarvis,3,2019-08-19,2020-10-20,2,0,2019:2|2020:1
Zayn,3,2020-10-16,2026-08-03,3,0,2020:2|2026:1
Zazie,3,2025-12-02,2025-12-02,2,0,2025:3
Zeds Dead,3,2017-09-18,2026-02-02,2,0,2017:2|2026:1
Zenet,3,2010-09-20,2010-09-26,1,0,2010:3
Zev Lyso,3,2021-02-21,2021-06-22,1,0,2021:3
Ziggy Marley,3,2012-05-10,2015-12-08,3,0,2012:2|2015:1
Zola Jesus,3,2014-01-16,2023-03-03,2,0,2014:1|2023:2
Zoo Pool,3,2021-02-25,2021-06-22,1,0,2021:3
Zoë Më,3,2025-05-21,2025-11-13,1,0,2025:3
ZSELA,3,2019-10-01,2024-04-30,2,0,2019:2|2024:1
Zucchero ft. Canessa Carlton,3,2006-04-09,2008-09-04,1,0,2006:1|2008:2
Zucchero ft. Eric Clapton,3,2009-11-07,2010-10-23,1,0,2009:2|2010:1
Zuell,3,2012-07-15,2013-01-20,1,0,2012:2|2013:1
Zélie,3,2026-07-10,2026-07-13,2,0,2026:3
µ-Ziq,3,2026-02-25,2026-02-26,2,0,2026:3
Âme,3,2007-07-30,2009-12-02,1,0,2007:1|2008:1|2009:1
布袋寅泰,3,2007-03-31,2007-10-26,1,0,2007:3
梶芽衣子,3,2006-05-10,2008-06-16,2,0,2006:1|2007:1|2008:1
王若琳,3,2014-11-04,2015-03-02,1,0,2014:2|2015:1
(Sandy) Alex G,2,2018-01-05,2019-07-24,2,0,2018:1|2019:1
+44,2,2025-09-20,2025-09-20,2,0,2025:2
100 gecs,2,2023-05-12,2026-04-28,2,0,2023:1|2026:1
1010 Benja SL,2,2019-08-27,2019-09-05,2,0,2019:2
30 Seconds to Mars,2,2014-12-07,2026-03-12,2,0,2014:1|2026:1
4 Wings,2,2006-04-10,2010-05-04,1,0,2006:1|2010:1
42 Dugg,2,2022-04-18,2025-05-30,2,0,2022:1|2025:1
4lienetic,2,2016-01-11,2016-02-02,1,0,2016:2
51koodia,2,2006-03-02,2006-10-25,1,0,2006:2
"5MIINUST, Puuluup",2,2025-01-22,2025-02-27,1,0,2025:2
645AR,2,2020-04-07,2020-05-12,2,0,2020:2
9 Lazy 9,2,2013-03-20,2013-11-17,2,0,2013:2
9th Wonder,2,2015-12-02,2019-09-18,2,0,2015:1|2019:1
A Flock of Seagulls,2,2008-08-22,2009-03-05,1,0,2008:1|2009:1
A Great Big World,2,2014-01-12,2015-01-11,2,0,2014:1|2015:1
A Man Called Adam,2,2012-05-03,2012-05-14,1,0,2012:2
A R I Z O N A,2,2019-07-24,2019-09-04,1,0,2019:2
A*Teens,2,2008-12-29,2008-12-30,2,0,2008:2
A/T/O/S,2,2014-12-10,2017-05-02,1,0,2014:1|2017:1
A1,2,2012-05-14,2012-05-14,2,0,2012:2
Aaron Espe,2,2017-09-21,2020-10-13,2,0,2017:1|2020:1
Ab-Soul,2,2022-12-29,2022-12-29,1,0,2022:2
Abakus,2,2013-07-14,2014-04-30,1,0,2013:1|2014:1
ABC,2,2023-11-26,2023-11-26,1,0,2023:2
Abigail Osborn,2,2024-07-13,2024-07-13,2,0,2024:2
Acid Arab,2,2014-11-20,2026-09-02,2,0,2014:1|2026:1
Action Bronson,2,2018-01-04,2026-02-03,2,0,2018:1|2026:1
Adam Levine,2,2014-09-25,2015-01-11,1,0,2014:1|2015:1
Adanowsky,2,2023-07-11,2023-07-11,1,0,2023:2
Ade,2,2021-04-27,2022-09-26,2,0,2021:1|2022:1
Adeben,2,2021-01-30,2021-02-18,1,0,2021:2
Adelitas Way,2,2023-09-18,2023-09-18,1,0,2023:2
Adi Oasis,2,2025-12-08,2025-12-13,1,0,2025:2
ADONXS,2,2025-03-19,2025-05-19,1,0,2025:2
Adria Kain,2,2020-08-03,2020-08-03,1,0,2020:2
Adrian Sherwood,2,2025-07-31,2025-09-04,1,0,2025:2
Adrian Younge,2,2015-09-29,2015-12-14,1,0,2015:2
Aeroplane feat. Kathy Diamond,2,2010-09-29,2010-10-12,1,0,2010:2
aespa,2,2024-07-16,2024-08-14,2,0,2024:2
"afekty, Helena Pyłka, Basia Siciarek",2,2024-07-13,2024-07-13,1,0,2024:2
Africa HiTech,2,2012-04-07,2012-04-07,2,0,2012:2
Against All Logic,2,2024-03-01,2024-03-01,1,0,2024:2
Against Me!,2,2021-06-12,2026-06-01,2,0,2021:1|2026:1
Aged in Harmony,2,2017-04-04,2017-09-04,1,0,2017:2
Agora Rhythm,2,2007-10-27,2008-09-12,1,0,2007:1|2008:1
Agoria,2,2012-05-26,2026-09-04,2,0,2012:1|2026:1
Ahmad Jamal,2,2017-06-15,2017-09-12,2,0,2017:2
Aican,2,2022-05-06,2022-05-06,1,0,2022:2
aiko,2,2024-02-20,2024-02-24,1,0,2024:2
Aim,2,2013-07-14,2017-05-10,2,0,2013:1|2017:1
Aino Venna,2,2013-04-07,2013-08-09,1,0,2013:2
Airhead,2,2014-12-03,2019-05-10,1,0,2014:1|2019:1
Akinyemi,2,2019-10-01,2019-10-05,1,0,2019:2
Akylas,2,2026-04-15,2026-04-16,1,0,2026:2
Al Wootton,2,2020-09-09,2020-09-09,1,0,2020:2
Al-Doms,2,2021-02-15,2022-06-08,2,0,2021:1|2022:1
Al-pha X,2,2012-07-15,2012-07-15,1,0,2012:2
Alan Ellis,2,2018-03-19,2018-03-19,2,0,2018:2
Alan Fitzpatrick,2,2016-01-11,2016-02-02,1,0,2016:2
Alan Gogoll,2,2017-12-07,2018-01-05,2,0,2017:1|2018:1
Alan Palomo,2,2023-07-30,2023-07-30,1,0,2023:2
Alan Reeves / Phil Steele / Philip Brigham,2,2006-03-30,2010-11-19,1,0,2006:1|2010:1
alasen,2,2025-01-01,2025-01-02,1,0,2025:2
Ale Galata,2,2021-12-27,2022-02-19,1,0,2021:1|2022:1
Alec Benjamin,2,2019-06-15,2025-07-23,2,0,2019:1|2025:1
Aleksandır,2,2022-06-12,2022-12-30,1,0,2022:2
aleksiah,2,2023-12-25,2023-12-25,1,0,2023:2
Alex Adair,2,2015-09-24,2015-09-24,2,0,2015:2
Alex Lahey,2,2017-10-24,2024-01-14,2,0,2017:1|2024:1
Alex Schulz,2,2019-06-06,2025-05-30,2,0,2019:1|2025:1
Alexa Cappelli,2,2022-02-09,2022-02-09,1,0,2022:2
Alexander 23,2,2019-11-27,2020-03-20,2,0,2019:1|2020:1
Alexander Stewart,2,2023-01-08,2025-07-23,2,0,2023:1|2025:1
Alexis Ffrench,2,2025-02-23,2025-02-23,2,0,2025:2
Ali Farka Touré and Ry Cooder,2,2008-12-29,2008-12-29,2,0,2008:2
Alice Ivy,2,2024-01-11,2024-01-11,1,0,2024:2
Aliff Sharil,2,2021-12-03,2021-12-05,1,0,2021:2
Alina Baraz,2,2015-09-03,2015-09-24,2,0,2015:2
Alina Devecerski,2,2012-07-13,2013-05-07,2,0,2012:1|2013:1
Alinno,2,2021-03-14,2021-06-22,1,0,2021:2
Alisa Xayalith,2,2022-10-04,2022-10-22,1,0,2022:2
Alison Krauss,2,2010-11-28,2015-09-08,2,0,2010:1|2015:1
Alison Wonderland,2,2025-06-03,2025-12-23,2,0,2025:2
Alix Page,2,2022-02-21,2022-02-21,1,0,2022:2
Alkilados,2,2017-09-20,2017-09-20,2,0,2017:2
Allen Thompson Band,2,2013-01-11,2013-01-18,1,0,2013:2
Allie Kelly,2,2023-03-16,2023-03-19,1,0,2023:2
Allie X,2,2017-08-08,2017-08-08,2,0,2017:2
"Allison Russell, Resistance Revival Chorus",2,2024-06-26,2024-08-29,1,0,2024:2
Allman Brown,2,2015-03-23,2015-12-04,1,0,2015:2
Allysha Joy,2,2024-06-27,2024-07-17,1,0,2024:2
Almadrava,2,2013-01-20,2013-01-21,2,0,2013:2
"Alok, John Martin",2,2024-06-26,2025-03-23,1,0,2024:1|2025:1
Alpha 5.20,2,2025-09-22,2025-09-25,1,0,2025:2
Alphaville,2,2017-02-25,2023-11-18,2,0,2017:1|2023:1
Also Joe,2,2021-12-27,2022-02-19,1,0,2021:1|2022:1
AlunaGeorge,2,2013-04-07,2013-04-07,2,0,2013:2
Alx Veliz,2,2017-04-18,2017-05-22,1,0,2017:2
alyona alyona,2,2024-05-12,2024-05-12,1,0,2024:2
Amason,2,2014-01-15,2019-11-24,2,0,2014:1|2019:1
Ambar Lucid,2,2020-11-02,2021-01-16,2,0,2020:1|2021:1
Amber Ryann,2,2021-12-03,2021-12-05,1,0,2021:2
Ambercity,2,2015-11-26,2016-02-03,1,0,2015:1|2016:1
Ambiente,2,2012-07-15,2012-07-15,1,0,2012:2
Amble,2,2026-07-28,2026-07-29,1,0,2026:2
Ambyion,2,2021-02-21,2021-06-22,1,0,2021:2
Ameba,2,2019-09-18,2019-09-18,2,0,2019:2
American Authors,2,2014-08-19,2014-12-22,2,0,2014:2
Amerie,2,2008-12-29,2008-12-30,2,0,2008:2
Amiture,2,2021-02-05,2021-02-18,1,0,2021:2
Amon Düül II,2,2025-07-28,2025-07-28,1,0,2025:2
Amp Fiddler,2,2010-08-05,2010-10-31,1,0,2010:2
Amy Macdonald,2,2010-11-28,2026-05-24,2,0,2010:1|2026:1
Amália Rodrigues,2,2021-08-31,2021-08-31,2,0,2021:2
Ana Lua Caiano,2,2025-05-05,2025-06-08,1,0,2025:2
Anaïs Mitchell,2,2015-04-20,2022-04-22,2,0,2015:1|2022:1
Anders Nilsen,2,2022-04-18,2025-05-30,1,0,2022:1|2025:1
"Andrea Bocelli, Marc Anthony",2,2024-11-22,2024-11-23,1,0,2024:2
"Andrea Bocelli, Shania Twain",2,2024-11-22,2024-11-23,1,0,2024:2
"Andrea Bocelli, Veronica Berti, Orchestra Sinfonica di Milano Giuseppe Verdi, Steven Mercurio",2,2024-11-23,2024-11-23,1,0,2024:2
"Andrea Bocelli, Virginia Bocelli",2,2024-11-22,2024-11-23,1,0,2024:2
Andrew Belle,2,2012-07-21,2019-06-13,2,0,2012:1|2019:1
Andrew Lambrou,2,2024-02-19,2025-01-14,1,0,2024:1|2025:1
Androma,2,2022-06-17,2022-12-18,1,0,2022:2
André Aguado,2,2021-02-21,2021-06-22,1,0,2021:2
Ane Trolle/Peder,2,2009-12-01,2013-01-19,1,0,2009:1|2013:1
Angelina Mango,2,2024-05-12,2024-05-12,1,0,2024:2
Angelo Mota,2,2020-10-03,2021-09-25,2,0,2020:1|2021:1
Angus Stone,2,2015-12-01,2015-12-04,1,0,2015:2
Animal House,2,2006-05-12,2023-06-20,2,0,2006:1|2023:1
Animation Soundtrack Ensemble,2,2023-11-05,2023-11-05,1,0,2023:2
Anisha Gale,2,2021-01-30,2021-02-18,1,0,2021:2
Aniya Teno,2,2021-12-03,2021-12-05,1,0,2021:2
Anna Calvi,2,2023-08-31,2026-07-16,2,0,2023:1|2026:1
Anna Leone,2,2021-08-22,2023-04-07,1,0,2021:1|2023:1
Annahstasia,2,2023-05-18,2023-05-18,1,0,2023:2
Annika Aakjær,2,2022-02-27,2022-02-28,1,0,2022:2
Annione,2,2006-04-24,2006-12-28,1,0,2006:2
Anshul Karn,2,2021-01-30,2021-02-18,1,0,2021:2
Ant Clemons,2,2020-12-31,2021-03-04,1,0,2020:1|2021:1
Anthony Green,2,2012-05-14,2013-09-21,2,0,2012:1|2013:1
Anthony Newley,2,2012-07-29,2012-07-29,1,0,2012:2
Anton Rubinstein;Schwanen Salon Orchestra,2,2011-06-14,2011-06-17,1,0,2011:2
Antti Autio,2,2024-07-14,2024-07-15,1,0,2024:2
"Antti Tuisku, Käärijä",2,2024-12-29,2024-12-29,1,0,2024:2
Aquilo,2,2015-09-03,2015-09-04,1,0,2015:2
Archie Pelago,2,2015-09-23,2015-10-06,1,0,2015:2
Arctic Vision,2,2017-09-18,2018-03-19,1,0,2017:1|2018:1
Ari Pulkkinen,2,2012-11-15,2013-05-07,1,0,2012:1|2013:1
"Ariana Grande, Miley Cyrus, Lana Del Rey",2,2020-03-03,2024-07-20,1,0,2020:1|2024:1
Armand Amar,2,2012-04-07,2012-04-07,2,0,2012:2
Armas Maasalo,2,2021-12-24,2021-12-24,2,0,2021:2
Arnej,2,2016-01-11,2016-02-02,1,0,2016:2
"Arooj Aftab, James Francies",2,2024-07-15,2024-07-15,1,0,2024:2
arp Frique,2,2023-07-31,2023-07-31,1,0,2023:2
Arsenik,2,2025-09-22,2025-09-25,1,0,2025:2
"Arsenik, Neg'marrons",2,2025-09-22,2025-09-25,1,0,2025:2
Art Blakey,2,2015-09-29,2017-09-12,2,0,2015:1|2017:1
Art Blakey & The Jazz Messengers,2,2017-09-12,2017-09-13,1,0,2017:2
Art Department,2,2012-07-29,2012-07-29,1,0,2012:2
Art Feynman,2,2024-06-17,2024-06-17,2,0,2024:2
Art of Noise,2,2023-11-26,2023-11-26,1,0,2023:2
Art School Girlfriend,2,2019-11-26,2019-11-26,1,0,2019:2
Arthur Conley,2,2008-11-10,2010-04-18,1,0,2008:1|2010:1
Arthur H,2,2025-09-11,2025-09-11,2,0,2025:2
Ary,2,2017-04-18,2017-12-27,2,0,2017:2
Asake,2,2023-11-30,2023-11-30,1,0,2023:2
Ashe,2,2021-05-01,2021-05-03,1,0,2021:2
"Asher Roth, Akon",2,2025-07-19,2025-07-19,1,0,2025:2
Ashes To Amber,2,2023-12-04,2023-12-04,1,0,2023:2
Ashlee Simpson,2,2008-12-30,2022-07-10,2,0,2008:1|2022:1
Asiahn,2,2024-08-22,2025-05-20,2,0,2024:1|2025:1
Aste,2,2012-10-07,2023-06-03,2,0,2012:1|2023:1
Astral Bakers,2,2024-04-19,2024-04-19,2,0,2024:2
Astrale,2,2022-02-09,2022-02-09,1,0,2022:2
Astéréotypie,2,2025-07-16,2025-11-30,1,0,2025:2
Athenaeum,2,2013-03-20,2022-06-16,1,0,2013:1|2022:1
ATLYS,2,2024-02-26,2024-02-26,1,0,2024:2
Atvara,2,2026-04-15,2026-04-16,1,0,2026:2
August Wahh,2,2020-10-16,2020-10-20,1,0,2020:2
August Wilhelmsson,2,2018-03-19,2018-03-19,2,0,2018:2
Auletta,2,2012-07-12,2012-07-12,1,0,2012:2
Auli'i Cravalho,2,2017-11-27,2019-05-13,1,0,2017:1|2019:1
AUN J-CLASSIC ORCHESTRA,2,2023-04-07,2023-05-12,1,0,2023:2
Aura Cools,2,2019-09-25,2019-09-25,1,0,2019:2
Avicii & Nicky Romero,2,2025-03-09,2025-05-20,1,0,2025:2
"Avicii, Agnes, Vargas & Lagola",2,2025-02-09,2025-03-09,1,0,2025:2
"Avicii, Imagine Dragons",2,2025-05-01,2025-05-23,1,0,2025:2
Avid Dancer,2,2019-07-21,2020-08-12,2,0,2019:1|2020:1
Avishai Cohen,2,2019-08-29,2019-08-30,1,0,2019:2
"Avril Lavigne, Mark Hoppus",2,2025-02-05,2025-04-04,1,0,2025:2
"AWOLNATION, Del Tha Funkee Homosapien",2,2025-06-09,2025-06-09,1,0,2025:2
Axel Boman,2,2014-12-11,2022-07-13,2,0,2014:1|2022:1
AYONI,2,2021-01-30,2021-02-05,1,0,2021:2
Azealia Banks,2,2012-04-26,2012-08-28,1,0,2012:2
B*Witched,2,2015-04-14,2022-04-26,1,0,2015:1|2022:1
B0nds,2,2019-09-18,2019-09-18,2,0,2019:2
Baaska & Scavelli,2,2011-06-12,2011-06-16,1,0,2011:2
Baby Lasagna,2,2024-05-12,2024-11-09,1,0,2024:2
Baby Mammoth,2,2015-11-26,2026-05-25,2,0,2015:1|2026:1
Babydrill,2,2025-12-01,2025-12-04,1,0,2025:2
BABYMONSTER,2,2024-08-14,2025-04-19,2,0,2024:1|2025:1
Bacilos,2,2017-09-20,2017-09-20,2,0,2017:2
Backseat Vinyl,2,2023-02-04,2023-02-05,1,0,2023:2
Bad Suns,2,2015-04-07,2017-08-07,1,0,2015:1|2017:1
"BADBADNOTGOOD, Tim Bernardes",2,2024-11-12,2025-05-28,1,0,2024:1|2025:1
baddy,2,2025-02-20,2025-02-22,1,0,2025:2
Badly Drawn Boy,2,2026-04-02,2026-04-02,2,0,2026:2
Baffa,2,2013-11-24,2021-04-11,1,0,2013:1|2021:1
Bahari,2,2015-03-02,2015-04-07,1,0,2015:2
Balaklava Blues,2,2023-05-22,2023-05-23,2,0,2023:2
Ballyhoo!,2,2009-10-09,2009-10-09,2,0,2009:2
Balmorhea,2,2017-11-23,2017-12-07,2,0,2017:2
Bambina,2,2023-05-08,2023-05-08,1,0,2023:2
BANNERS,2,2017-08-08,2021-03-04,1,0,2017:1|2021:1
Barbra Streisand,2,2008-12-30,2008-12-30,2,0,2008:2
Barfuesser,2,2015-11-26,2016-02-03,1,0,2015:1|2016:1
Barn Owl,2,2026-01-31,2026-02-01,2,0,2026:2
Bas,2,2023-09-18,2023-09-18,1,0,2023:2
BashfortheWorld,2,2025-12-31,2025-12-31,1,0,2025:2
Bass Modulators,2,2025-04-24,2025-04-28,1,0,2025:2
Bathe Alone,2,2023-05-31,2023-06-12,1,0,2023:2
Bathysphere,2,2013-05-30,2013-07-14,2,0,2013:2
Bayonne,2,2019-06-24,2023-06-08,2,0,2019:1|2023:1
bazio,2,2023-03-16,2023-03-20,1,0,2023:2
BCX,2,2017-04-13,2017-05-22,1,0,2017:2
BDRMM,2,2023-06-11,2025-01-23,2,0,2023:1|2025:1
Beach Boys/Fat Boy Slim,2,2008-08-18,2009-02-21,1,0,2008:1|2009:1
Beak>,2,2024-07-13,2024-11-14,1,0,2024:2
Beanfield,2,2015-11-26,2016-02-05,1,0,2015:1|2016:1
Bear Hands,2,2015-01-24,2015-11-13,1,0,2015:2
Beatrice Dillon,2,2021-01-21,2022-04-13,1,0,2021:1|2022:1
Becky G,2,2015-05-25,2024-06-26,2,0,2015:1|2024:1
Bedouin Soundclash,2,2009-10-09,2017-08-08,2,0,2009:1|2017:1
Bee Arnold,2,2022-02-09,2022-02-09,1,0,2022:2
Been Stellar,2,2024-07-13,2025-10-31,2,0,2024:1|2025:1
Bekah Novi,2,2021-12-03,2021-12-05,1,0,2021:2
Bella Boo,2,2021-02-25,2021-12-29,2,0,2021:2
Bellah Mae,2,2024-04-19,2026-07-09,2,0,2024:1|2026:1
Belle Mt,2,2017-09-21,2019-11-26,2,0,2017:1|2019:1
Ben + Vesper,2,2007-07-24,2010-11-16,1,0,2007:1|2010:1
Ben C,2,2026-08-28,2026-08-28,1,0,2026:2
BEN plg,2,2026-07-07,2026-07-20,2,0,2026:2
Ben Yen,2,2021-01-29,2021-01-30,1,0,2021:2
Benjamin Biolay,2,2022-10-22,2025-09-11,2,0,2022:1|2025:1
Benjamin Gordon,2,2019-08-19,2019-08-19,1,0,2019:2
Benjamin Gustafsson,2,2021-08-22,2021-08-22,2,0,2021:2
Benjamin Ingrosso,2,2024-02-21,2024-08-03,2,0,2024:2
Benny the Butcher,2,2019-08-14,2019-08-14,2,0,2019:2
Benét,2,2022-09-04,2022-10-06,1,0,2022:2
Bermuda Triangle,2,2017-10-17,2021-03-06,1,0,2017:1|2021:1
Bernard Allison,2,2010-11-28,2019-05-07,2,0,2010:1|2019:1
Bernard Fanning,2,2017-07-06,2017-07-06,2,0,2017:2
Best Coast,2,2016-02-03,2022-05-23,2,0,2016:1|2022:1
Betcha,2,2019-06-13,2019-09-04,2,0,2019:2
Beth Whitney,2,2021-03-06,2021-08-22,2,0,2021:2
"Betsy, Мария Янковская",2,2025-03-04,2025-03-04,1,0,2025:2
Beverly Glenn-Copeland,2,2026-08-12,2026-08-12,2,0,2026:2
beyhude,2,2021-02-21,2021-03-06,1,0,2021:2
Big Joanie,2,2026-03-25,2026-03-25,2,0,2026:2
Bill Callahan,2,2014-07-26,2019-06-30,2,0,2014:1|2019:1
Bill Haley,2,2008-10-28,2009-01-07,2,0,2008:1|2009:1
"Billie Eilish, Khalid",2,2024-07-19,2026-01-25,1,0,2024:1|2026:1
Billie Holiday,2,2008-12-30,2008-12-30,2,0,2008:2
"Billy Woods, E L U C I D, Cavalier, Willie Green",2,2025-05-21,2025-05-28,1,0,2025:2
Biz Markie,2,2013-05-10,2015-06-25,1,0,2013:1|2015:1
Bjork [Moby Mix],2,2009-02-06,2011-07-06,1,0,2009:1|2011:1
Bjorn Lundt f/ Yvan Voice,2,2007-03-08,2011-01-17,1,0,2007:1|2011:1
"Black Atlass, Sonia",2,2020-04-06,2020-04-06,1,0,2020:2
Black Belt Eagle Scout,2,2025-11-05,2025-11-05,2,0,2025:2
"Black Eyed Peas, El Alfa, Becky G",2,2024-08-03,2024-08-07,1,0,2024:2
black midi,2,2022-04-02,2024-09-03,2,0,2022:1|2024:1
Black Milk,2,2015-12-02,2019-08-14,2,0,2015:1|2019:1
Black Taxi,2,2015-04-02,2015-04-07,1,0,2015:2
Black Thought,2,2020-02-18,2020-09-01,2,0,2020:2
BLACKPINK,2,2023-10-19,2024-12-28,2,0,2023:1|2024:1
Bleach Lab,2,2025-01-13,2026-04-08,2,0,2025:1|2026:1
Blessed Feathers,2,2013-01-16,2015-11-25,2,0,2013:1|2015:1
Blick Bassy,2,2012-05-26,2023-08-23,2,0,2012:1|2023:1
Blithe,2,2022-02-09,2022-02-09,1,0,2022:2
BLOND:ISH,2,2023-07-27,2026-07-29,2,0,2023:1|2026:1
Blonde,2,2015-05-27,2015-07-03,1,0,2015:2
Blood Music,2,2015-03-31,2015-12-04,1,0,2015:2
"Blood Orange, Caroline Polachek, Lorde, Mustafa",2,2025-07-30,2025-10-31,1,0,2025:2
Blossoms,2,2021-01-17,2025-06-09,2,0,2021:1|2025:1
Blouse,2,2012-07-18,2012-07-21,1,0,2012:2
Blu,2,2017-04-05,2017-09-04,1,0,2017:2
Blue Cheer,2,2009-12-15,2010-11-22,1,0,2009:1|2010:1
Blue Lab Beats,2,2022-09-26,2026-04-08,2,0,2022:1|2026:1
Blues Brothers and Ray Charles,2,2006-03-13,2008-01-26,1,0,2006:1|2008:1
Bluhm,2,2023-07-30,2023-07-30,1,0,2023:2
Bob Acri,2,2010-04-24,2010-04-24,1,0,2010:2
Bob Cunningham,2,2011-06-12,2011-06-16,1,0,2011:2
"Bobby Brown, Bell Biv DeVoe, Ralph Tresvant",2,2006-04-01,2010-11-16,1,0,2006:1|2010:1
Bobby Cole,2,2011-06-12,2011-06-16,1,0,2011:2
Bobby Covent,2,2015-11-26,2016-02-03,1,0,2015:1|2016:1
Bobby Hutcherson,2,2013-02-16,2017-04-26,2,0,2013:1|2017:1
Bobby V.,2,2023-11-05,2023-11-05,1,0,2023:2
Bobby Womack,2,2015-08-18,2015-09-28,1,0,2015:2
Bohemian Like You,2,2006-03-03,2008-03-01,1,0,2006:1|2008:1
Boko Yout,2,2023-09-19,2023-09-19,1,0,2023:2
Bomba Estéreo,2,2012-07-12,2012-07-12,1,0,2012:2
Bombadil,2,2015-03-20,2015-12-04,1,0,2015:2
Bombay Dub Orchestra & Thievery Corporation,2,2024-09-03,2024-09-09,1,0,2024:2
Bonde do Rolê,2,2007-07-24,2009-11-05,1,0,2007:1|2009:1
Bonfire Heaven,2,2015-11-26,2016-02-05,1,0,2015:1|2016:1
Boom Bip,2,2013-03-04,2015-12-11,2,0,2013:1|2015:1
BoomBox,2,2022-04-21,2022-04-22,1,0,2022:2
"Boozoo Bajou, MODALiST",2,2024-11-10,2024-11-11,2,0,2024:2
Boris Brejcha,2,2024-05-23,2024-05-24,2,0,2024:2
Boris Dlugosch,2,2014-12-01,2014-12-11,1,0,2014:2
Born Ruffians,2,2022-08-25,2022-09-04,1,0,2022:2
Bortharm,2,2017-04-13,2017-10-21,1,0,2017:2
Bosh,2,2025-02-18,2025-07-25,1,0,2025:2
boy pablo,2,2020-11-02,2020-11-11,1,0,2020:2
Boyce Avenue,2,2020-12-30,2020-12-30,2,0,2020:2
Brandon Mills,2,2018-03-19,2018-03-19,2,0,2018:2
Brandy,2,2008-12-29,2008-12-30,2,0,2008:2
Brave,2,2012-05-27,2012-05-27,1,0,2012:2
Breathe Owl Breathe,2,2012-10-01,2012-10-01,2,0,2012:2
Brenn!,2,2023-05-18,2023-05-18,1,0,2023:2
Brennan Heart,2,2024-05-24,2026-08-22,2,0,2024:1|2026:1
Brent de la Cruz,2,2023-06-08,2023-07-27,2,0,2023:2
Brevin Kim,2,2022-03-29,2022-03-29,1,0,2022:2
Brewer and Shipley,2,2006-10-20,2006-12-13,1,0,2006:2
Brian Jackson,2,2015-08-18,2026-06-22,2,0,2015:1|2026:1
Brianna Lea Pruett,2,2015-04-08,2015-12-04,1,0,2015:2
Brick,2,2009-10-13,2010-04-08,1,0,2009:1|2010:1
Brigitte DeMeyer,2,2015-01-11,2021-01-30,2,0,2015:1|2021:1
Brijean,2,2020-11-22,2020-11-22,1,0,2020:2
Brittney Spencer,2,2026-08-07,2026-08-07,2,0,2026:2
Brittsommar,2,2015-12-01,2015-12-04,1,0,2015:2
BROCKHAMPTON,2,2019-09-27,2022-12-29,2,0,2019:1|2022:1
Broiler,2,2025-03-30,2025-04-02,2,0,2025:2
"Broiler, RAVVEL",2,2025-04-02,2025-05-30,1,0,2025:2
Bronze Radio Return,2,2022-06-23,2022-06-23,2,0,2022:2
Brothers Osborne,2,2021-07-25,2025-09-11,2,0,2021:1|2025:1
"Brray, Joyce Santana, Onyx Toca El Piano",2,2019-10-01,2019-10-05,1,0,2019:2
Bruce Hornsby & the Range,2,2009-10-09,2013-03-06,2,0,2009:1|2013:1
Bruce Springsteen with the Sessions Band,2,2012-05-31,2012-05-31,2,0,2012:2
Bruno Merz,2,2015-08-03,2015-09-17,1,0,2015:2
Bruu.,2,2021-02-15,2021-02-15,1,0,2021:2
BT,2,2013-08-22,2013-08-22,2,0,2013:2
Buddhattitude,2,2013-01-22,2013-01-22,2,0,2013:2
Bukkha,2,2012-07-15,2012-07-15,1,0,2012:2
"Butcher Brown, Vanisha Gould",2,2024-07-06,2024-10-05,1,0,2024:2
Byron the Aquarius,2,2022-09-26,2022-10-06,1,0,2022:2
Béla Fleck,2,2013-01-16,2017-10-20,2,0,2013:1|2017:1
Bénabar,2,2025-04-29,2025-12-04,2,0,2025:2
bôa,2,2023-10-27,2025-10-15,1,0,2023:1|2025:1
Büyük Ev Ablukada,2,2017-12-17,2017-12-17,2,0,2017:2
C Duncan,2,2019-08-19,2019-08-19,1,0,2019:2
C. Duncan,2,2015-12-01,2015-12-04,1,0,2015:2
Caamp,2,2020-10-13,2020-10-21,1,0,2020:2
Caater,2,2007-10-27,2007-10-28,1,0,2007:2
Caesar,2,2014-09-21,2015-11-26,1,0,2014:1|2015:1
Cagedbaby,2,2012-07-20,2012-08-28,2,0,2012:2
Caitlin Canty,2,2020-10-13,2020-10-21,1,0,2020:2
Calecho,2,2013-11-17,2013-11-17,2,0,2013:2
"Calvin Harris, Dua Lipa",2,2025-05-01,2025-05-23,1,0,2025:2
"Calvin Harris, Ellie Goulding",2,2024-07-19,2025-05-16,2,0,2024:1|2025:1
"Calvin Harris, John Newman",2,2025-03-30,2025-05-30,1,0,2025:2
Cameo Blush,2,2019-08-28,2021-04-27,2,0,2019:1|2021:1
Camera Obscura,2,2013-08-27,2013-09-21,2,0,2013:2
Camiel,2,2012-07-15,2013-01-20,1,0,2012:1|2013:1
"Camila Cabello, Playboi Carti",2,2024-07-04,2024-07-05,1,0,2024:2
Camille Lellouche,2,2025-11-03,2025-11-03,2,0,2025:2
Campsite Dream,2,2015-09-24,2017-11-23,2,0,2015:1|2017:1
Can,2,2017-04-26,2017-04-26,2,0,2017:2
Canaan Cox,2,2019-10-01,2019-10-05,1,0,2019:2
Canyon City,2,2020-12-30,2021-08-22,2,0,2020:1|2021:1
Cap Kendricks,2,2019-09-18,2024-11-11,2,0,2019:1|2024:1
Capybara,2,2014-10-06,2014-12-17,1,0,2014:2
Caravan Palace,2,2013-01-21,2013-01-23,1,0,2013:2
carbonne,2,2025-11-25,2025-11-25,2,0,2025:2
Carl Dawkins,2,2022-04-08,2022-10-21,2,0,2022:2
Carlos Baute,2,2017-07-31,2017-09-20,2,0,2017:2
Carlton & The Shoes,2,2022-04-09,2022-10-21,1,0,2022:2
Carly Cosgrove,2,2022-02-09,2022-02-09,1,0,2022:2
Carmen Twillie,2,2023-02-22,2023-10-19,1,0,2023:2
Caro,2,2019-09-03,2019-09-03,2,0,2019:2
Carole King,2,2009-10-17,2024-07-06,2,0,2009:1|2024:1
Carolina Liar,2,2013-07-10,2013-09-23,2,0,2013:2
Caroline Kingsbury,2,2023-07-30,2023-07-30,1,0,2023:2
Caroline Peyton,2,2011-06-12,2011-06-16,1,0,2011:2
Caroline Spence,2,2020-10-13,2020-10-21,1,0,2020:2
Cartel,2,2010-08-21,2012-04-27,1,0,2010:1|2012:1
Cashmere Cat,2,2014-11-20,2021-06-01,2,0,2014:1|2021:1
"Cassius, Cat Power, Mike D",2,2024-10-24,2025-04-04,1,0,2024:1|2025:1
cassö,2,2023-10-08,2023-10-21,2,0,2023:2
Castlebeat,2,2022-12-31,2023-03-22,1,0,2022:1|2023:1
Cat5,2,2013-03-22,2013-04-17,1,0,2013:2
Catching Flies,2,2022-06-12,2024-10-14,2,0,2022:1|2024:1
Catherine Ringer,2,2012-05-31,2013-02-06,1,0,2012:1|2013:1
Catriona Irving,2,2012-05-31,2013-02-06,1,0,2012:1|2013:1
Celeste,2,2019-08-29,2026-04-20,1,0,2019:1|2026:1
Celia,2,2023-06-11,2024-03-29,2,0,2023:1|2024:1
Cesare Cremonini,2,2026-05-09,2026-05-17,2,0,2026:2
CG5,2,2026-03-15,2026-03-26,1,0,2026:2
Chad VanGaalen,2,2013-01-16,2017-10-24,2,0,2013:1|2017:1
Chaos in the CBD,2,2023-07-31,2023-07-31,1,0,2023:2
Chapelier Fou,2,2022-08-07,2022-08-11,2,0,2022:2
Charles Bradley,2,2015-08-18,2015-11-18,2,0,2015:2
Charles Lloyd & The Marvels,2,2026-01-20,2026-01-20,2,0,2026:2
Charles Mingus,2,2017-09-12,2017-09-13,2,0,2017:2
Charles Trenet,2,2010-10-15,2022-10-22,2,0,2010:1|2022:1
Charli Lucas,2,2023-03-16,2023-03-19,1,0,2023:2
"Charli XCX, Caroline Polachek",2,2025-03-07,2025-04-28,2,0,2025:2
"Charli xcx, Kesha",2,2024-10-24,2024-10-28,1,0,2024:2
"Charli XCX, Lorde",2,2024-07-17,2024-12-29,2,0,2024:2
"Charli XCX, Tove Lo, ALMA",2,2025-03-07,2025-03-07,1,0,2025:2
Charlie Cunningham,2,2020-07-31,2020-07-31,1,0,2020:2
Charlie Dark,2,2009-08-14,2014-12-09,1,0,2009:1|2014:1
Charlie Gahu,2,2023-01-27,2023-01-31,1,0,2023:2
"Charlie Puth, Selena Gomez",2,2025-06-07,2025-07-08,2,0,2025:2
Charlie Skien,2,2024-03-01,2024-03-01,1,0,2024:2
Charlotte Adigéry,2,2021-11-13,2026-04-08,1,0,2021:1|2026:1
Charlotte Plank,2,2024-01-11,2024-01-11,1,0,2024:2
Charly Bliss,2,2023-07-17,2023-07-19,1,0,2023:2
Charmaine Fong,2,2025-06-24,2025-06-25,1,0,2025:2
Cheikh Lô,2,2013-06-29,2026-05-18,2,0,2013:1|2026:1
Chelsea Wolfe,2,2017-06-11,2017-06-11,2,0,2017:2
Cher Lloyd,2,2013-09-08,2020-10-16,1,0,2013:1|2020:1
Cheryl,2,2012-08-28,2019-05-06,2,0,2012:1|2019:1
Chet Baker,2,2017-06-15,2017-09-12,2,0,2017:2
chicken p,2,2025-12-01,2025-12-01,2,0,2025:2
Chiddy Bang,2,2010-04-03,2010-05-31,1,0,2010:2
"Childish Gambino, Jorja Smith, Amaarae",2,2024-07-17,2024-07-19,1,0,2024:2
Childish Japes,2,2017-12-07,2019-06-17,2,0,2017:1|2019:1
Children's Music,2,2021-09-25,2021-10-02,1,0,2021:2
Chilled Almond,2,2024-02-24,2024-02-26,1,0,2024:2
Chillout Lounge Music Collective,2,2012-09-17,2012-09-18,2,0,2012:2
Chillum Trio,2,2014-12-09,2017-05-02,1,0,2014:1|2017:1
chilou,2,2021-02-24,2021-02-25,1,0,2021:2
Chinatown Slalom,2,2019-06-30,2020-07-30,2,0,2019:1|2020:1
Chino & Nacho,2,2017-07-31,2017-09-20,1,0,2017:2
Chipmunk,2,2012-07-04,2012-07-04,2,0,2012:2
"Chloe Elodie, Carla",2,2025-11-13,2025-11-13,2,0,2025:2
Chris Coco,2,2007-12-09,2009-12-01,1,0,2007:1|2009:1
Chris Isaak,2,2006-02-28,2010-04-18,1,0,2006:1|2010:1
Chris Thile,2,2015-09-07,2015-11-16,1,0,2015:2
Chris Thomas King,2,2007-07-24,2007-09-19,1,0,2007:2
Christian Hornbostel,2,2015-11-26,2016-02-03,1,0,2015:1|2016:1
Christian Lee Hutson,2,2019-07-21,2020-12-04,2,0,2019:1|2020:1
Christophe Willem,2,2025-02-13,2025-03-11,2,0,2025:2
Chromeo,2,2014-09-11,2023-07-17,2,0,2014:1|2023:1
Chronic Law,2,2019-10-01,2019-10-05,1,0,2019:2
Chubby Checker,2,2012-12-19,2013-11-26,2,0,2012:1|2013:1
ChuChu TV,2,2021-11-03,2021-11-06,1,0,2021:2
Cindy Sterling,2,2023-07-11,2023-07-11,1,0,2023:2
Civ Pierre,2,2022-02-09,2022-02-09,1,0,2022:2
Claire days,2,2026-03-23,2026-06-05,2,0,2026:2
Clarissa Connelly,2,2024-07-10,2024-07-11,2,0,2024:2
Clark Younger,2,2018-03-19,2018-03-19,2,0,2018:2
Clay Western,2,2021-12-03,2021-12-05,1,0,2021:2
Clementine Douglas,2,2024-06-27,2024-07-17,1,0,2024:2
Clementine Duo,2,2020-12-24,2021-10-24,2,0,2020:1|2021:1
Cleopatra,2,2015-04-14,2015-11-17,1,0,2015:2
Clinic,2,2012-10-01,2026-07-16,2,0,2012:1|2026:1
Clint Eastwood & Jamie Cullum,2,2009-07-29,2009-07-30,1,0,2009:2
Clint Mansell,2,2017-06-14,2022-04-18,2,0,2017:1|2022:1
"Clipse, Pusha T, No Malice",2,2025-05-30,2025-06-02,1,0,2025:2
"Clipse, Tyler, The Creator, Pusha T, Malice",2,2025-07-30,2025-09-04,1,0,2025:2
Cloud Nothings,2,2025-05-25,2025-05-25,1,0,2025:2
Club Eat,2,2023-01-27,2023-01-31,1,0,2023:2
Clyde & Capitol A,2,2007-07-27,2007-09-12,1,0,2007:2
Clément Bindzi,2,2022-10-05,2022-10-22,1,0,2022:2
Clément Leroux,2,2022-06-17,2022-10-22,2,0,2022:2
Coach Party,2,2025-07-12,2025-10-31,1,0,2025:2
Cobalt,2,2025-07-24,2025-07-24,2,0,2025:2
Cocteau Twins,2,2021-04-15,2026-07-15,1,0,2021:1|2026:1
Coi Leray,2,2023-01-27,2024-07-16,2,0,2023:1|2024:1
Colby Lafayette,2,2020-08-03,2020-08-03,1,0,2020:2
Cold Hart,2,2023-09-16,2023-09-16,1,0,2023:2
Cold Valley,2,2012-07-15,2013-01-20,1,0,2012:1|2013:1
"Coldplay, BTS",2,2024-08-17,2025-03-23,1,0,2024:1|2025:1
"Coldplay, Little Simz, Burna Boy, Elyanna, TINI",2,2024-10-08,2024-10-10,2,0,2024:2
Colouring,2,2024-01-21,2024-01-21,1,0,2024:2
Colyer,2,2022-08-24,2022-09-04,1,0,2022:2
Com Truise,2,2013-03-13,2015-12-02,2,0,2013:1|2015:1
Commix,2,2012-07-15,2012-07-15,1,0,2012:2
Common Sage,2,2023-09-16,2023-09-16,1,0,2023:2
Conner Youngblood,2,2015-03-23,2015-12-04,1,0,2015:2
Conor Linnie,2,2015-03-23,2015-12-04,1,0,2015:2
Conor Oberst,2,2020-04-21,2026-03-03,2,0,2020:1|2026:1
Cookie Jar,2,2017-11-28,2017-11-28,2,0,2017:2
Cookiee Kawaii,2,2020-04-07,2020-05-12,2,0,2020:2
Cooly G,2,2012-07-15,2012-07-15,1,0,2012:2
Copyright presents The Movement,2,2008-09-21,2009-11-14,1,0,2008:1|2009:1
Corey Gray,2,2014-12-07,2015-03-02,1,0,2014:1|2015:1
"Cosmic Koala, Paxkalito, Astro Loud, PBdR",2,2024-11-10,2024-11-11,1,0,2024:2
Cosmo,2,2026-04-15,2026-05-11,1,0,2026:2
Cosmorat,2,2023-11-12,2023-11-12,1,0,2023:2
Courtney Love,2,2019-11-24,2026-03-26,2,0,2019:1|2026:1
Cracker,2,2015-09-03,2026-02-26,2,0,2015:1|2026:1
Craig Ogden,2,2011-06-15,2011-06-17,1,0,2011:2
Crane Like The Bird,2,2019-08-19,2019-08-19,1,0,2019:2
Crash Test Dummies,2,2012-05-16,2020-03-19,1,0,2012:1|2020:1
Crayon,2,2014-09-21,2014-12-12,2,0,2014:2
Crazy Town,2,2013-09-23,2014-04-30,1,0,2013:1|2014:1
Creams,2,2020-10-20,2020-11-02,2,0,2020:2
CRi,2,2023-08-25,2023-12-15,2,0,2023:2
Cristóvam,2,2021-10-20,2021-10-20,2,0,2021:2
Crooked Fingers,2,2026-03-01,2026-03-01,2,0,2026:2
Crushed,2,2023-07-30,2023-07-30,1,0,2023:2
Crystal Castles,2,2012-11-28,2013-09-21,2,0,2012:1|2013:1
Current Joys,2,2023-07-11,2023-07-11,1,0,2023:2
Current Swell,2,2012-05-13,2017-08-12,2,0,2012:1|2017:1
Curtis Mayfield,2,2011-09-09,2015-08-18,2,0,2011:1|2015:1
CVC,2,2024-02-14,2024-02-14,1,0,2024:2
D*Note,2,2012-05-27,2012-05-27,1,0,2012:2
D. Lowe,2,2013-01-21,2013-01-23,1,0,2013:2
Dada,2,2009-06-14,2009-06-14,1,0,2009:2
Dadamnphreaknoizphunk,2,2010-08-05,2010-09-09,1,0,2010:2
"Dadju, PLK",2,2025-02-18,2025-07-25,1,0,2025:2
"Dadju, Tayc",2,2025-12-30,2025-12-30,2,0,2025:2
DaFFo,2,2023-12-14,2023-12-16,1,0,2023:2
Dagny,2,2019-05-17,2019-11-27,1,0,2019:2
Daisy Brain,2,2022-02-21,2022-02-21,1,0,2022:2
Dam-Funk,2,2014-12-09,2015-12-02,2,0,2014:1|2015:1
Dameer,2,2021-08-02,2021-08-04,1,0,2021:2
"Damiano David, d4vd",2,2025-05-21,2025-09-15,1,0,2025:2
"Damiano David, Suki Waterhouse",2,2025-05-21,2025-09-15,1,0,2025:2
"Damon Locks, Rob Mazurek",2,2024-07-06,2024-10-05,1,0,2024:2
"Dana, Yanns",2,2025-02-20,2025-02-22,1,0,2025:2
"Dance Music, Electronica House, Copyright Free House Music",2,2025-03-04,2025-04-10,1,0,2025:2
Dancing Years,2,2015-03-23,2015-12-04,1,0,2015:2
Dani Larkin,2,2021-03-06,2021-03-14,1,0,2021:2
Danny Black,2,2018-01-05,2018-01-05,2,0,2018:2
Dans Dans,2,2024-11-21,2024-11-30,2,0,2024:2
Danzel,2,2023-04-17,2023-04-17,1,0,2023:2
Dappled Cities,2,2009-01-18,2010-03-26,1,0,2009:1|2010:1
Dario G,2,2012-07-29,2022-09-06,2,0,2012:1|2022:1
Darondo,2,2011-06-12,2011-06-16,1,0,2011:2
Datarock,2,2012-07-12,2013-02-15,2,0,2012:1|2013:1
Datassette,2,2022-02-09,2022-02-09,1,0,2022:2
Daulton Hopkins,2,2020-12-30,2021-10-31,1,0,2020:1|2021:1
David August,2,2014-12-11,2014-12-11,2,0,2014:2
"David Carradine, Julie Dreyfus And Uma Thurman",2,2006-10-25,2010-11-21,1,0,2006:1|2010:1
David Holmes,2,2026-05-25,2026-05-25,2,0,2026:2
David Kushner,2,2023-07-30,2023-12-06,2,0,2023:2
David Nail,2,2014-05-27,2014-05-28,1,0,2014:2
Davido,2,2025-05-28,2025-05-28,1,0,2025:2
DaVinci,2,2026-03-13,2026-03-13,2,0,2026:2
Dawn Landes,2,2015-09-14,2015-12-04,2,0,2015:2
dd elle,2,2015-09-23,2015-10-06,1,0,2015:2
DD Osama,2,2023-01-01,2023-01-01,1,0,2023:2
de clair.,2,2024-02-26,2024-03-11,1,0,2024:2
"De Hofnar, Kav Verhouzer, Jody Bernal",2,2024-08-03,2024-08-07,1,0,2024:2
Deadboy,2,2016-01-11,2016-02-02,1,0,2016:2
Dean,2,2024-07-16,2024-08-14,1,0,2024:2
Dean Blunt,2,2023-08-21,2023-08-21,2,0,2023:2
Death from Above 1979,2,2015-01-24,2015-04-07,2,0,2015:2
Death Valley Girls,2,2023-07-30,2023-07-30,1,0,2023:2
Debbii Dawson,2,2023-12-20,2023-12-20,1,0,2023:2
Declan O'Rourke,2,2021-03-06,2021-03-14,1,0,2021:2
dedwrite,2,2023-12-28,2023-12-28,1,0,2023:2
dee holt,2,2022-02-09,2022-02-09,1,0,2022:2
Deegan,2,2020-10-03,2020-10-09,1,0,2020:2
Deijuvhs,2,2023-09-16,2023-09-16,1,0,2023:2
Della Mae,2,2026-01-29,2026-01-29,2,0,2026:2
Delorean,2,2017-09-25,2017-09-25,2,0,2017:2
Delta Spirit,2,2015-03-20,2015-12-04,1,0,2015:2
Delvon Lamarr Organ Trio,2,2022-09-22,2022-09-26,1,0,2022:2
Democustico,2,2009-08-14,2017-01-11,1,0,2009:1|2017:1
Denez Prigent/Lisa Gerrard,2,2007-04-11,2007-09-18,1,0,2007:2
Deniece Williams,2,2013-04-14,2021-02-20,2,0,2013:1|2021:1
Denzel Curry,2,2019-05-16,2026-02-03,2,0,2019:1|2026:1
Deportees,2,2012-07-20,2019-08-27,2,0,2012:1|2019:1
Der Dritte Raum,2,2013-11-17,2013-12-06,1,0,2013:2
Derek Pope,2,2020-10-03,2020-10-09,1,0,2020:2
Desert Dwellers,2,2012-12-20,2013-02-16,2,0,2012:1|2013:1
Desert Noises,2,2015-03-23,2015-12-04,1,0,2015:2
Desmond Dekker,2,2021-09-14,2022-10-21,2,0,2021:1|2022:1
Destin Laurel,2,2024-03-29,2024-03-29,1,0,2024:2
Devin Dawson,2,2019-05-07,2021-03-04,2,0,2019:1|2021:1
DeVotchKa,2,2012-05-31,2012-05-31,2,0,2012:2
Dexter Britain,2,2015-11-30,2016-02-02,2,0,2015:1|2016:1
Deyaz,2,2024-01-11,2024-01-11,1,0,2024:2
Dharohar Project,2,2012-10-06,2012-10-06,2,0,2012:2
Diandra,2,2020-12-24,2021-08-09,2,0,2020:1|2021:1
Dice,2,2023-09-16,2023-09-16,1,0,2023:2
Diddy,2,2017-05-24,2023-06-17,1,0,2017:1|2023:1
Digital Mindz,2,2026-07-18,2026-08-22,1,0,2026:2
Dillinger,2,2022-04-09,2022-04-09,1,0,2022:2
Dillon Francis,2,2015-09-09,2015-10-06,2,0,2015:2
Dim Sum,2,2017-04-13,2017-05-23,1,0,2017:2
"Dimitri Vegas, Like Mike, W&W",2,2025-04-28,2025-04-28,2,0,2025:2
Dina Carroll,2,2011-07-06,2012-04-25,1,0,2011:1|2012:1
Dinah Jane,2,2020-03-23,2020-04-06,2,0,2020:2
dino gala,2,2023-01-16,2023-03-22,1,0,2023:2
Dinosaur L,2,2017-04-06,2017-09-04,1,0,2017:2
Diogo Nogueira,2,2015-04-01,2017-07-02,2,0,2015:1|2017:1
Dionne Farris,2,2013-08-21,2026-07-20,1,0,2013:1|2026:1
Dirty Nice,2,2023-11-12,2023-11-12,1,0,2023:2
Discochic,2,2019-09-25,2019-09-25,1,0,2019:2
Divinyls,2,2007-03-31,2008-10-15,1,0,2007:1|2008:1
Divorce,2,2026-02-10,2026-03-23,2,0,2026:2
Dizzy,2,2023-12-20,2023-12-20,1,0,2023:2
Dizzy Gillespie,2,2013-03-07,2013-03-26,1,0,2013:2
DJ Andy Smith,2,2013-04-21,2013-04-21,2,0,2013:2
Dj Day,2,2009-08-14,2012-04-26,1,0,2009:1|2012:1
DJ Disse,2,2011-01-19,2013-01-19,1,0,2011:1|2013:1
DJ Drez,2,2024-09-03,2024-09-09,1,0,2024:2
Dj Esko,2,2006-09-23,2008-10-16,1,0,2006:1|2008:1
DJ Heartstring,2,2022-02-09,2022-02-09,1,0,2022:2
DJ Isaac,2,2026-07-18,2026-08-22,1,0,2026:2
"DJ Koze, Ada",2,2025-05-23,2025-05-28,1,0,2025:2
DJ Monokey,2,2014-12-10,2017-05-02,1,0,2014:1|2017:1
DJ Okawari,2,2017-10-17,2017-10-17,1,0,2017:2
DJ Python,2,2022-04-13,2025-01-13,2,0,2022:1|2025:1
DJ3,2,2012-07-15,2013-01-20,1,0,2012:1|2013:1
Django Reinhardt,2,2013-03-07,2021-11-20,2,0,2013:1|2021:1
DLJ,2,2019-09-18,2019-09-18,2,0,2019:2
Domenico Lancellotti,2,2024-07-14,2024-07-14,1,0,2024:2
Don Broco,2,2023-09-16,2023-09-16,1,0,2023:2
Don Gorda Project,2,2013-02-16,2021-12-11,2,0,2013:1|2021:1
Don Louis,2,2026-08-07,2026-08-07,2,0,2026:2
Donte Thomas,2,2020-10-03,2020-10-09,1,0,2020:2
Doomcannon,2,2022-12-04,2023-02-05,1,0,2022:1|2023:1
Dooz Kawa,2,2026-02-03,2026-07-06,2,0,2026:2
Dorfex Bos,2,2016-01-11,2016-02-02,1,0,2016:2
Doris,2,2015-12-14,2025-07-16,1,0,2015:1|2025:1
Dorothy Ashby,2,2010-10-31,2024-06-21,2,0,2010:1|2024:1
Dot Demo,2,2022-02-09,2022-02-09,1,0,2022:2
Dottie Andersson,2,2023-07-30,2023-07-30,1,0,2023:2
Doug Pinson,2,2021-12-27,2022-01-05,2,0,2021:1|2022:1
Dr. Kucho!,2,2012-08-28,2015-05-29,2,0,2012:1|2015:1
Dramarama,2,2017-02-28,2017-03-27,1,0,2017:2
dredg,2,2012-05-26,2012-05-26,2,0,2012:2
Drew Green,2,2026-08-07,2026-08-10,1,0,2026:2
Drew Holcomb & the Neighbors,2,2023-05-18,2023-05-18,1,0,2023:2
Dub Specialist,2,2022-04-09,2022-04-09,2,0,2022:2
Duck Sauce,2,2011-02-05,2012-05-14,2,0,2011:1|2012:1
"DUDE, MY DUDE",2,2022-02-21,2022-02-21,1,0,2022:2
duendita,2,2026-04-07,2026-04-07,2,0,2026:2
Duff McKagan,2,2023-09-18,2023-09-18,1,0,2023:2
Duke Ellington,2,2008-12-30,2017-09-18,2,0,2008:1|2017:1
Duke Ellington & John Coltrane,2,2008-02-04,2008-10-31,1,0,2008:2
Dune,2,2007-10-06,2007-12-15,1,0,2007:2
Duplex Inc ft. Asley Slater,2,2012-12-08,2013-01-18,1,0,2012:1|2013:1
"Durand Jones & The Indications, Durand Jones",2,2025-08-12,2025-09-04,2,0,2025:2
DUSTY LOCANE,2,2021-12-12,2021-12-12,1,0,2021:2
Dutchkid,2,2019-09-09,2021-02-05,2,0,2019:1|2021:1
Dwayne Johnson,2,2017-11-27,2019-05-13,1,0,2017:1|2019:1
DXTR & Coco,2,2012-07-15,2012-07-15,1,0,2012:2
Dye O,2,2021-02-21,2021-06-22,1,0,2021:2
Dylan Fraser,2,2023-05-08,2023-05-08,1,0,2023:2
Dylan LeBlanc,2,2014-06-03,2015-11-25,2,0,2014:1|2015:1
Dzeko,2,2012-11-21,2012-11-21,1,0,2012:2
Débruit,2,2014-11-20,2015-08-18,1,0,2014:1|2015:1
Earl Sweatshirt,2,2014-12-03,2026-07-06,2,0,2014:1|2026:1
Earth Dad,2,2022-03-29,2022-03-29,1,0,2022:2
Eartheater,2,2026-02-24,2026-08-19,2,0,2026:2
EARTHGANG,2,2020-07-30,2026-02-03,2,0,2020:1|2026:1
East Forest,2,2017-10-18,2017-10-20,1,0,2017:2
Eccodek,2,2013-01-21,2013-01-23,1,0,2013:2
Ed Nash,2,2020-10-13,2020-10-21,1,0,2020:2
"Ed Sheeran, Andrea Bocelli",2,2024-11-22,2024-11-23,1,0,2024:2
Eddie Murphy And Antonio Banderas,2,2010-10-19,2010-11-21,1,0,2010:2
Eddie Palmieri,2,2023-04-11,2023-04-11,1,0,2023:2
Eden Golan,2,2024-05-12,2024-05-12,1,0,2024:2
Edgar Homeros,2,2024-03-01,2024-03-01,1,0,2024:2
Edward Maya Featuring Vika Jigulina,2,2010-06-25,2010-08-05,1,0,2010:2
Eem Triplin,2,2023-01-01,2023-01-01,1,0,2023:2
Efé,2,2022-03-29,2022-06-14,1,0,2022:2
ego apartment,2,2021-09-25,2022-06-08,2,0,2021:1|2022:1
Ego Ella May,2,2019-10-01,2026-02-24,2,0,2019:1|2026:1
Einmusik,2,2021-02-25,2021-03-06,1,0,2021:2
EJ Marais,2,2020-08-03,2020-08-03,1,0,2020:2
Ekova,2,2026-05-25,2026-05-25,2,0,2026:2
El Gafla,2,2012-05-26,2012-05-26,2,0,2012:2
El Perro del Mar,2,2012-07-20,2014-05-01,1,0,2012:1|2014:1
Elephanz,2,2025-07-24,2025-07-24,2,0,2025:2
Elina,2,2021-08-22,2021-08-22,2,0,2021:2
Elio,2,2020-07-16,2021-05-03,2,0,2020:1|2021:1
Elisa Imperilee,2,2017-09-01,2017-09-01,2,0,2017:2
Elise Davis,2,2024-09-02,2025-07-28,1,0,2024:1|2025:1
Elissa,2,2012-04-06,2012-04-06,2,0,2012:2
Elizeth Cardoso,2,2015-03-15,2017-06-17,1,0,2015:1|2017:1
Ella Henderson,2,2021-03-04,2022-04-29,2,0,2021:1|2022:1
Ella ja Aleksi,2,2021-01-16,2026-03-26,2,0,2021:1|2026:1
Ella Jane,2,2022-07-25,2022-10-23,2,0,2022:2
Ella Mai,2,2017-04-05,2017-09-04,1,0,2017:2
Ellen McIlwaine,2,2011-06-12,2011-06-16,1,0,2011:2
Ellur,2,2020-07-16,2023-10-21,2,0,2020:1|2023:1
Elokuu,2,2012-05-12,2012-05-12,2,0,2012:2
Eluvium,2,2013-02-22,2013-05-16,2,0,2013:2
Emanative,2,2009-08-14,2014-12-09,1,0,2009:1|2014:1
Emile Waldteufel;Schwanen Salon Orchestra,2,2011-06-14,2011-06-17,1,0,2011:2
Emily Brimlow,2,2019-05-17,2019-11-27,1,0,2019:2
Emily Jane White,2,2013-03-07,2020-08-12,2,0,2013:1|2020:1
Emily King,2,2014-11-19,2020-07-29,2,0,2014:1|2020:1
Emir Taha,2,2022-12-29,2022-12-29,1,0,2022:2
Emma Swift,2,2021-03-06,2021-03-14,1,0,2021:2
Emma-Jean Thackray,2,2025-04-08,2026-02-24,2,0,2025:1|2026:1
Emmylou Harris,2,2024-09-18,2024-09-18,1,0,2024:2
empty head,2,2023-09-16,2023-09-16,1,0,2023:2
Enrico Toselli;Schwanen Salon Orchestra,2,2011-06-14,2011-06-17,1,0,2011:2
Ensidya,2,2017-09-18,2017-11-27,1,0,2017:2
Envio,2,2012-07-28,2017-11-27,1,0,2012:1|2017:1
Epifania,2,2019-09-18,2019-09-18,2,0,2019:2
Erasure,2,2013-03-06,2013-05-10,2,0,2013:2
Eric Benét,2,2015-01-11,2015-01-11,2,0,2015:2
Eric Dolphy,2,2014-01-14,2024-08-14,2,0,2014:1|2024:1
Eric Hutchinson,2,2012-05-10,2013-03-15,2,0,2012:1|2013:1
Eric Prydz vs. The Wanted,2,2012-11-21,2012-11-23,1,0,2012:2
Erin,2,2013-12-06,2020-11-11,2,0,2013:1|2020:1
Erin LeCount,2,2024-01-14,2026-05-29,2,0,2024:1|2026:1
Ernest Wilson,2,2022-04-08,2022-04-09,2,0,2022:2
Ernie Halter,2,2015-01-24,2015-09-17,1,0,2015:2
Erotic Lounge compilation,2,2013-08-22,2013-08-22,2,0,2013:2
Eryn Allen Kane,2,2020-07-29,2020-07-29,2,0,2020:2
Estelle,2,2008-12-29,2008-12-29,2,0,2008:2
Ethan Gruska,2,2020-12-04,2020-12-06,1,0,2020:2
Etienne Daho,2,2025-09-11,2025-12-13,2,0,2025:2
Etienne de Crécy,2,2026-04-28,2026-08-28,2,0,2026:2
Eva Marija,2,2026-04-15,2026-04-16,1,0,2026:2
Evan,2,2014-12-10,2017-05-02,1,0,2014:1|2017:1
Evan Rachel Wood,2,2020-10-24,2020-12-20,1,0,2020:2
Evelyn Stein,2,2018-03-19,2018-03-19,2,0,2018:2
Evolve or Die,2,2012-07-15,2012-07-15,1,0,2012:2
Existence,2,2013-01-21,2013-01-23,1,0,2013:2
Ezekiel,2,2023-09-16,2023-09-16,1,0,2023:2
"Ezra Collective, Yazmin Lacey",2,2024-06-27,2024-07-17,1,0,2024:2
Ezra Furman,2,2019-07-24,2020-12-09,2,0,2019:1|2020:1
F. Wijn,2,2013-01-21,2013-01-23,1,0,2013:2
Fabiano do Nascimento,2,2017-10-27,2024-07-14,2,0,2017:1|2024:1
Face to Face,2,2009-12-16,2010-04-06,1,0,2009:1|2010:1
Fafa Monteco,2,2008-10-01,2009-12-02,1,0,2008:1|2009:1
Faith Evans,2,2007-10-27,2008-10-15,1,0,2007:1|2008:1
Fake Dad,2,2023-11-12,2023-11-12,1,0,2023:2
Falls,2,2015-03-30,2015-11-25,1,0,2015:2
Familiar 48,2,2013-03-20,2013-04-17,1,0,2013:2
Faro,2,2013-02-16,2013-02-16,2,0,2013:2
Farofa Carioca,2,2012-05-07,2012-05-31,1,0,2012:2
Fat Freddy's Drop,2,2007-07-31,2007-11-25,1,0,2007:2
Fazer,2,2019-08-30,2026-04-08,2,0,2019:1|2026:1
Fazerdaze,2,2022-10-02,2023-05-01,2,0,2022:1|2023:1
feeo,2,2026-02-05,2026-02-05,1,0,2026:2
Feist and Ben Gibbard,2,2010-09-25,2010-09-29,1,0,2010:2
Ferry Corsten,2,2016-01-11,2016-02-02,1,0,2016:2
FIDLAR,2,2023-09-18,2023-09-18,1,0,2023:2
Field Medic,2,2020-10-13,2021-01-30,2,0,2020:1|2021:1
FiFi Zhang,2,2026-01-25,2026-01-25,2,0,2026:2
Filly,2,2023-01-16,2023-01-27,2,0,2023:2
Finding Hope,2,2017-11-27,2021-08-22,2,0,2017:1|2021:1
Fine Young Cannibals,2,2017-01-12,2017-01-18,1,0,2017:2
FINMAR,2,2022-02-09,2022-02-09,1,0,2022:2
Five,2,2009-06-14,2015-04-14,2,0,2009:1|2015:1
Five Finger Death Punch,2,2010-04-10,2010-04-10,2,0,2010:2
Fizz,2,2024-03-01,2024-03-01,1,0,2024:2
FL Dusa,2,2021-12-12,2021-12-12,1,0,2021:2
"Flavien Berger, Rebeka Warrior",2,2025-07-16,2025-11-30,1,0,2025:2
Fleur bleu·e,2,2022-10-05,2022-10-22,1,0,2022:2
Florrie,2,2025-08-18,2026-04-20,2,0,2025:1|2026:1
Flux Pavilion,2,2013-03-16,2017-09-18,2,0,2013:1|2017:1
Flyleaf,2,2007-09-10,2008-08-15,1,0,2007:1|2008:1
Folamour,2,2021-12-29,2021-12-29,2,0,2021:2
"Folk Bitch Trio, Blondshell",2,2025-11-20,2025-11-21,1,0,2025:2
Fonseca,2,2017-07-31,2017-09-20,2,0,2017:2
Forty Seven Times It's Own Weight,2,2011-06-12,2011-06-17,1,0,2011:2
Fossil Collective,2,2014-06-03,2015-12-04,2,0,2014:1|2015:1
Fox and the Bird,2,2015-03-23,2015-12-04,1,0,2015:2
fox capture plan,2,2017-10-17,2019-08-23,2,0,2017:1|2019:1
Foxes,2,2014-12-07,2026-08-21,2,0,2014:1|2026:1
Frances Forever,2,2022-02-21,2022-02-21,1,0,2022:2
Francesko,2,2013-01-21,2013-01-23,1,0,2013:2
Francis,2,2019-09-02,2019-11-25,1,0,2019:2
"Franglish, Ninho",2,2025-02-18,2025-02-19,1,0,2025:2
Frankie Grande,2,2025-06-03,2025-07-23,2,0,2025:2
Franz Drdla;Schwanen Salon Orchestra,2,2011-06-14,2011-06-17,1,0,2011:2
Franz Xaver Gruber,2,2021-12-24,2021-12-24,2,0,2021:2
Fraternity of Man,2,2007-09-30,2010-03-29,1,0,2007:1|2010:1
"Fred again.., Obongjayar",2,2024-07-09,2024-07-10,1,0,2024:2
French Cassettes,2,2019-09-25,2019-09-25,1,0,2019:2
Frenship,2,2019-07-24,2019-11-27,2,0,2019:2
Frida,2,2023-01-16,2023-01-16,1,0,2023:2
Friends From Rio 2,2,2009-08-14,2009-08-14,1,0,2009:2
Fugazi,2,2025-05-25,2026-07-15,2,0,2025:1|2026:1
Fugitive Familia,2,2023-01-16,2023-01-16,1,0,2023:2
FULLYCHOP,2,2025-12-01,2025-12-01,1,0,2025:2
Funkadelic,2,2015-12-14,2015-12-16,2,0,2015:2
"G Herbo, Chris Brown",2,2024-10-28,2024-11-03,1,0,2024:2
G-Side,2,2026-03-13,2026-03-13,2,0,2026:2
Gabriella Ekaputri,2,2025-07-28,2025-07-28,2,0,2025:2
"Galantis, Neon Trees",2,2024-09-23,2025-09-12,1,0,2024:1|2025:1
Galcher Lustwerk,2,2019-10-01,2019-10-05,1,0,2019:2
Gallows,2,2008-11-30,2009-02-28,1,0,2008:1|2009:1
Gamma Dog,2,2019-08-28,2019-08-29,1,0,2019:2
Garden Eden,2,2006-02-28,2007-10-06,1,0,2006:1|2007:1
Gare du Nord,2,2007-12-09,2009-03-06,1,0,2007:1|2009:1
Garou,2,2025-03-09,2025-10-20,1,0,2025:2
Gary Allan,2,2007-12-09,2009-03-27,2,0,2007:1|2009:1
Gary Klebe,2,2026-04-21,2026-04-21,2,0,2026:2
Gary Wilson,2,2020-12-14,2020-12-14,2,0,2020:2
"GARZA, Natalia Clavier",2,2024-09-03,2024-09-09,1,0,2024:2
Gatlin,2,2021-05-03,2022-10-23,2,0,2021:1|2022:1
Gavin James,2,2017-12-04,2020-12-30,2,0,2017:1|2020:1
Gavin Mikhail,2,2021-08-22,2021-09-28,1,0,2021:2
Gavyn Wright,2,2009-06-14,2009-06-14,1,0,2009:2
Gaygirl,2,2019-08-28,2019-08-29,1,0,2019:2
Gelo,2,2025-06-03,2025-06-03,1,0,2025:2
Gems,2,2015-01-19,2015-09-03,1,0,2015:2
General Elektriks,2,2013-11-17,2021-04-10,1,0,2013:1|2021:1
Geographer,2,2012-08-03,2012-11-10,1,0,2012:2
George Jones,2,2015-12-03,2026-02-26,2,0,2015:1|2026:1
George Taylor,2,2019-06-13,2019-06-13,2,0,2019:2
George Walter,2,2023-07-27,2023-07-27,1,0,2023:2
Georgia Anne Muldrow,2,2015-09-29,2026-02-24,2,0,2015:1|2026:1
Gerhard Wendland,2,2009-04-24,2009-04-24,1,0,2009:2
gglum,2,2020-10-16,2020-10-20,1,0,2020:2
Ghost,2,2024-07-09,2024-09-10,1,0,2024:2
Gianni Brezzo,2,2022-09-26,2022-09-26,2,0,2022:2
Giant Rooks,2,2023-12-06,2024-01-15,1,0,2023:1|2024:1
Gigi Masin,2,2020-09-09,2020-09-09,1,0,2020:2
Gigi Perez,2,2024-10-28,2025-07-26,2,0,2024:1|2025:1
Gil Scott-Heron and Jamie xx,2,2014-07-26,2015-08-18,2,0,2014:1|2015:1
Gimmel,2,2009-10-17,2022-04-23,2,0,2009:1|2022:1
Ginayra,2,2022-02-09,2022-02-09,1,0,2022:2
Girl and Girl,2,2026-04-23,2026-04-23,2,0,2026:2
GIRLI,2,2026-08-21,2026-08-21,2,0,2026:2
Giveon,2,2021-06-23,2022-04-29,2,0,2021:1|2022:1
Glades,2,2016-02-03,2023-09-03,2,0,2016:1|2023:1
Glenn Maltman,2,2012-07-15,2013-01-20,1,0,2012:1|2013:1
GloRilla,2,2024-06-27,2025-12-23,2,0,2024:1|2025:1
GLXY,2,2017-11-23,2017-11-23,2,0,2017:2
Godley & Creme,2,2008-02-12,2008-04-26,1,0,2008:2
Godly The Ruler,2,2022-01-12,2023-06-08,2,0,2022:1|2023:1
Gold Stars,2,2015-11-26,2016-02-03,1,0,2015:1|2016:1
Golden Earring,2,2006-11-06,2011-02-08,1,0,2006:1|2011:1
Golden Hour,2,2019-08-28,2019-09-03,1,0,2019:2
Goldroom,2,2015-09-23,2015-10-06,1,0,2015:2
Good Looks,2,2022-02-09,2022-02-09,1,0,2022:2
Googoosh,2,2012-04-06,2012-04-06,2,0,2012:2
Gordi,2,2020-12-31,2021-03-01,2,0,2020:1|2021:1
"Gorillaz, Adeleye Omotayo",2,2025-07-17,2025-07-17,2,0,2025:2
"Gorillaz, Tame Impala, Bootie Brown",2,2025-07-17,2025-07-17,2,0,2025:2
"Gorillaz, Trueno, Proof",2,2025-10-09,2025-10-13,1,0,2025:2
Gostan,2,2017-04-18,2017-05-22,1,0,2017:2
Graeme James,2,2021-03-06,2021-03-14,1,0,2021:2
Graham Barham,2,2023-01-16,2023-01-16,1,0,2023:2
Gramatik,2,2013-03-04,2014-12-03,2,0,2013:1|2014:1
Grandbrothers,2,2017-12-07,2024-05-08,2,0,2017:1|2024:1
Greg Edmonson,2,2012-11-15,2022-04-18,2,0,2012:1|2022:1
Greylag,2,2015-04-01,2015-12-04,1,0,2015:2
Grian Chatten,2,2023-06-20,2026-05-01,2,0,2023:1|2026:1
Grizzly Bear (with Victoria Legrand),2,2010-04-17,2010-10-11,1,0,2010:2
Grizzly Bear + Feist,2,2010-08-05,2010-09-10,1,0,2010:2
Groove Collective,2,2009-06-13,2026-05-25,2,0,2009:1|2026:1
Group o,2,2022-10-06,2023-08-28,2,0,2022:1|2023:1
Grégoire,2,2025-12-02,2025-12-02,2,0,2025:2
Gucci Mane,2,2018-01-04,2019-06-19,2,0,2018:1|2019:1
Gun Lake,2,2013-01-16,2013-01-16,1,0,2013:2
Gunna,2,2024-07-03,2024-11-03,2,0,2024:2
Gunter Kallmann Choir,2,2023-10-30,2023-10-30,1,0,2023:2
Gustaph,2,2023-05-21,2024-02-19,1,0,2023:1|2024:1
Guster,2,2009-10-09,2015-04-20,2,0,2009:1|2015:1
Guts,2,2017-02-17,2026-02-03,2,0,2017:1|2026:1
H JeuneCrack,2,2026-07-07,2026-07-07,2,0,2026:2
Habib Koité,2,2009-01-07,2013-06-29,2,0,2009:1|2013:1
Habib Koité & Bamada,2,2008-12-29,2008-12-30,2,0,2008:2
Hackman,2,2014-01-14,2015-08-17,1,0,2014:1|2015:1
Haddaway,2,2015-04-14,2023-02-12,2,0,2015:1|2023:1
Haifa Wehbe,2,2012-04-06,2012-04-06,2,0,2012:2
Hailee Steinfeld,2,2015-09-17,2020-03-04,2,0,2015:1|2020:1
Hailey Knox,2,2023-01-27,2023-02-01,1,0,2023:2
Haiva ru,2,2020-07-16,2021-02-17,2,0,2020:1|2021:1
Hajime Kikuchi,2,2013-08-20,2013-08-21,1,0,2013:2
Halberd,2,2019-04-30,2019-05-17,1,0,2019:2
Halloran & Kate,2,2017-12-04,2017-12-27,2,0,2017:2
Hannah Cole,2,2023-07-11,2023-07-11,1,0,2023:2
Hanni El Khatib,2,2020-12-08,2020-12-09,2,0,2020:2
Hanoi Rocks,2,2011-01-01,2022-08-12,2,0,2011:1|2022:1
Hans.,2,2021-12-03,2022-09-26,2,0,2021:1|2022:1
Hanson,2,2015-04-14,2015-11-17,1,0,2015:2
Happoradio,2,2020-12-24,2021-12-24,1,0,2020:1|2021:1
Happy,2,2019-08-23,2019-08-28,1,0,2019:2
Hare Squead,2,2017-04-04,2017-07-12,1,0,2017:2
Harold McKinney,2,2011-06-12,2011-06-17,1,0,2011:2
Harold Melvin & The Blue Notes,2,2013-04-14,2015-11-18,2,0,2013:1|2015:1
Harrison Steele,2,2021-12-26,2021-12-26,2,0,2021:2
Harry Belafonte,2,2008-12-30,2017-01-06,2,0,2008:1|2017:1
Harry Simeone Chorale,2,2010-12-24,2010-12-30,1,0,2010:2
Haruomi Hosono,2,2019-08-19,2019-08-19,1,0,2019:2
Hasso Gakudan,2,2022-04-16,2022-07-28,1,0,2022:2
Haven,2,2021-12-03,2021-12-05,1,0,2021:2
Haywyre,2,2017-11-27,2017-11-27,2,0,2017:2
Hazlett,2,2024-01-15,2024-01-15,1,0,2024:2
Headhunterz,2,2026-07-18,2026-08-22,1,0,2026:2
Healy,2,2020-10-09,2021-01-01,2,0,2020:1|2021:1
Hector,2,2020-12-24,2021-06-08,2,0,2020:1|2021:1
"Hector, Kirka, Pave Maijanen, Pepe W",2,2008-07-13,2010-12-12,1,0,2008:1|2010:1
Heffner,2,2023-11-12,2023-11-12,1,0,2023:2
Helen Jane Long,2,2013-08-21,2017-09-29,2,0,2013:1|2017:1
Helix,2,2014-01-14,2015-08-18,1,0,2014:1|2015:1
Hellmaos,2,2023-09-05,2023-09-11,2,0,2023:2
Hellogoodbye,2,2012-05-14,2012-05-14,2,0,2012:2
"Helsinki University Chorus (YL) (YL) (YL) (YL) (YL) (YL) (YL) (YL) (YL) (YL) (YL) (YL) (YL) (YL) (YL) (YL), The and Matti Hyökki (conductor)",2,2009-12-24,2009-12-24,2,0,2009:2
Helsinki University Chorus (YL) and Matti Hyökki (conductor),2,2009-12-24,2009-12-24,2,0,2009:2
Hemlocke Springs,2,2023-06-08,2023-10-21,2,0,2023:2
Henry Earnest,2,2021-12-03,2021-12-05,1,0,2021:2
Henry Morris,2,2023-10-21,2024-04-22,2,0,2023:1|2024:1
Henry Verus,2,2021-01-29,2022-01-07,2,0,2021:1|2022:1
Her,2,2025-09-08,2026-07-08,2,0,2025:1|2026:1
Her's,2,2024-01-31,2024-01-31,1,0,2024:2
Herbie Mann,2,2017-09-13,2020-09-08,2,0,2017:1|2020:1
Hess Is More,2,2013-01-21,2013-01-23,1,0,2013:2
"Heuss L'enfoiré, Ninho",2,2025-02-18,2025-02-19,1,0,2025:2
Hevisaurus,2,2020-11-21,2021-01-16,2,0,2020:1|2021:1
Hey Cowboy!,2,2023-07-11,2023-07-11,1,0,2023:2
Hiatus,2,2013-03-04,2013-06-01,1,0,2013:2
High Vis,2,2023-04-11,2023-04-11,1,0,2023:2
Hildur Guðnadóttir,2,2025-11-07,2025-11-07,1,0,2025:2
Hira,2,2020-10-20,2021-09-25,2,0,2020:1|2021:1
Hockey,2,2013-08-10,2017-01-24,1,0,2013:1|2017:1
Holden,2,2013-08-22,2021-12-11,1,0,2013:1|2021:1
Hollow Sinatra,2,2020-11-22,2020-11-22,1,0,2020:2
Hologram,2,2015-11-26,2016-02-05,1,0,2015:1|2016:1
Homeschool,2,2020-11-22,2020-11-22,1,0,2020:2
Hooray For Earth,2,2012-07-20,2013-11-24,2,0,2012:1|2013:1
Horace Silver,2,2017-09-13,2024-08-14,2,0,2017:1|2024:1
Hot Chelle Rae,2,2013-01-06,2013-03-24,2,0,2013:2
HotWax,2,2023-07-11,2023-07-11,1,0,2023:2
Howard Jones,2,2023-11-26,2023-11-26,1,0,2023:2
Ht Bristol,2,2021-12-12,2021-12-12,1,0,2021:2
Hudson Mohawke,2,2013-04-07,2026-09-04,2,0,2013:1|2026:1
"HUGEL, Dawty, Preston Harris",2,2025-07-27,2025-12-23,1,0,2025:2
Hugo,2,2015-09-08,2024-06-21,2,0,2015:1|2024:1
Huoratron,2,2017-06-11,2017-06-11,2,0,2017:2
Hurray For The Riff Raff,2,2015-12-04,2026-06-05,2,0,2015:1|2026:1
Hurriganes,2,2021-04-09,2021-04-09,2,0,2021:2
Hyphen Hyphen,2,2026-03-23,2026-03-25,1,0,2026:2
I'm With Her,2,2020-08-12,2020-12-30,2,0,2020:2
"I, a Man",2,2013-03-23,2013-03-23,2,0,2013:2
"iAMLYRIC, Isaiah Rashad",2,2025-12-31,2025-12-31,1,0,2025:2
Ian Pooley,2,2008-12-17,2012-05-14,2,0,2008:1|2012:1
iasilma,2,2024-11-10,2024-11-10,2,0,2024:2
Ibrahim Maalouf,2,2019-08-30,2026-05-06,2,0,2019:1|2026:1
Ice Choir,2,2012-07-20,2012-07-20,2,0,2012:2
Ice MC,2,2007-09-29,2007-10-06,1,0,2007:2
ICO,2,2025-02-18,2025-02-19,1,0,2025:2
Ida Mae,2,2020-10-21,2020-11-15,2,0,2020:2
Idaho,2,2024-11-04,2024-11-14,1,0,2024:2
Igor Stravinsky,2,2019-08-08,2025-07-28,2,0,2019:1|2025:1
Iisa,2,2014-07-26,2017-06-11,2,0,2014:1|2017:1
Il Est Vilaine,2,2025-07-16,2025-11-30,1,0,2025:2
iLLz_Murdoc,2,2021-06-23,2021-06-23,2,0,2021:2
Ima Robot,2,2008-08-13,2012-06-13,2,0,2008:1|2012:1
"Imagine Dragons, Broiler",2,2025-04-02,2025-05-30,1,0,2025:2
Implosion,2,2026-07-19,2026-07-19,2,0,2026:2
In the Valley Below,2,2014-12-17,2015-01-24,1,0,2014:1|2015:1
Index For Working Musik,2,2023-02-04,2023-02-05,1,0,2023:2
Indianola,2,2020-07-31,2020-07-31,1,0,2020:2
Ini Kamoze,2,2013-08-21,2019-08-08,2,0,2013:1|2019:1
Innocent Love OST,2,2013-08-20,2013-08-21,1,0,2013:2
inomi,2,2022-12-29,2022-12-29,1,0,2022:2
Inspiro & Ornella Vanoni,2,2012-09-16,2013-01-23,1,0,2012:1|2013:1
Ira Sullivan,2,2011-06-12,2011-06-16,1,0,2011:2
Ira Wolf,2,2017-09-21,2017-09-21,2,0,2017:2
Irina,2,2020-12-24,2021-05-21,2,0,2020:1|2021:1
Isaac Albéniz;Schwanen Salon Orchestra,2,2011-06-14,2011-06-17,1,0,2011:2
Isaak,2,2024-05-12,2024-11-09,1,0,2024:2
"Isac Elliot, William, Cledos",2,2024-07-15,2024-07-15,1,0,2024:2
Isla June,2,2024-03-01,2024-03-01,1,0,2024:2
Italian Restaurant Music of Italy,2,2012-07-27,2012-07-27,2,0,2012:2
Italobrothers,2,2012-07-13,2012-10-07,2,0,2012:2
IVE,2,2023-10-19,2024-08-14,2,0,2023:1|2024:1
Izzy Bizu,2,2017-04-13,2017-04-18,2,0,2017:2
J Lloyd,2,2020-10-13,2023-02-10,2,0,2020:1|2023:1
J.R. Bailey,2,2011-06-12,2011-06-16,1,0,2011:2
J3PO,2,2019-05-03,2019-09-10,1,0,2019:2
Jachary,2,2019-07-18,2019-09-17,2,0,2019:2
Jack Ingram,2,2021-08-22,2021-08-22,1,0,2021:2
Jack Kays,2,2020-12-19,2024-01-14,2,0,2020:1|2024:1
Jack Klatt,2,2019-10-01,2019-10-05,1,0,2019:2
Jackie,2,2022-02-09,2022-02-09,1,0,2022:2
Jackie Mere,2,2023-09-12,2023-09-12,1,0,2023:2
Jackson C. Frank,2,2020-12-14,2020-12-14,2,0,2020:2
Jaco Pastorius,2,2014-12-30,2015-08-18,2,0,2014:1|2015:1
Jacob Collier,2,2019-08-30,2020-12-24,2,0,2019:1|2020:1
Jacob Forever,2,2017-09-20,2017-09-20,2,0,2017:2
JACOTÉNE,2,2024-01-11,2024-01-11,1,0,2024:2
"Jacques Dutronc, Thomas Dutronc",2,2025-04-07,2025-10-20,1,0,2025:2
Jacuzzi Boys,2,2013-09-21,2013-09-21,2,0,2013:2
Jaguar Sun,2,2019-07-21,2021-01-17,2,0,2019:1|2021:1
Jaguar Wright,2,2008-10-08,2009-11-14,1,0,2008:1|2009:1
"Jahyanai, Ronisia",2,2025-02-18,2025-07-25,1,0,2025:2
Jakishan,2,2008-03-02,2010-02-28,1,0,2008:1|2010:1
Jako Diaz,2,2021-02-21,2021-03-06,1,0,2021:2
Jamal Roberts,2,2025-05-30,2025-07-09,1,0,2025:2
"jambo, Robin Packalen",2,2024-07-10,2024-07-21,1,0,2024:2
"James Bay, The Lumineers, Noah Kahan",2,2025-08-18,2025-08-18,1,0,2025:2
James Blackshaw,2,2015-05-29,2024-11-14,2,0,2015:1|2024:1
"James Blake, Bon Iver",2,2024-11-11,2025-07-25,1,0,2024:1|2025:1
James Smith,2,2021-08-22,2021-08-22,2,0,2021:2
James Tillman,2,2014-12-10,2017-05-02,1,0,2014:1|2017:1
Jamie Macdonald,2,2025-07-09,2025-12-23,2,0,2025:2
Jamie N Commons,2,2015-03-20,2015-12-04,1,0,2015:2
Jan A.P. Kaczmarek,2,2016-02-04,2016-02-04,2,0,2016:2
Janet Jackson,2,2008-12-29,2022-10-20,2,0,2008:1|2022:1
Janis Ian,2,2024-07-06,2025-11-07,2,0,2024:1|2025:1
Jany Green,2,2020-12-19,2021-05-03,2,0,2020:1|2021:1
Jare & VilleGalle f. Märkä-Simo,2,2012-07-27,2012-10-20,1,0,2012:2
Jasmine Myra,2,2026-01-20,2026-01-20,2,0,2026:2
Jason Chen,2,2014-12-07,2015-04-07,2,0,2014:1|2015:1
Jaws,2,2023-09-18,2023-09-18,1,0,2023:2
Jax,2,2026-02-14,2026-03-08,1,0,2026:2
"Jay Som, Jim Adkins",2,2025-07-30,2025-09-04,1,0,2025:2
JAY Z,2,2012-08-28,2012-08-29,2,0,2012:2
"JAY Z, Gil Scott-Heron",2,2024-07-06,2024-10-05,1,0,2024:2
jazzinuf,2,2019-09-18,2019-09-18,2,0,2019:2
Jealous of the Birds,2,2020-12-31,2026-03-23,2,0,2020:1|2026:1
Jean-Luc Ponty,2,2012-07-16,2014-12-30,2,0,2012:1|2014:1
JeanJass,2,2026-07-07,2026-07-07,2,0,2026:2
Jeffrey Osborne,2,2017-04-04,2017-09-04,1,0,2017:2
Jelani Aryeh,2,2024-03-11,2024-04-30,2,0,2024:2
Jenn Champion,2,2019-08-27,2019-09-05,1,0,2019:2
Jennifer Hudson,2,2014-12-30,2014-12-30,2,0,2014:2
Jennifer Lara,2,2022-04-09,2022-04-09,1,0,2022:2
Jenny Mayhem,2,2020-10-16,2020-10-20,1,0,2020:2
Jeremy Soule,2,2012-11-15,2022-04-18,2,0,2012:1|2022:1
Jerry Lee Lewis,2,2013-11-25,2026-02-26,2,0,2013:1|2026:1
Jesper Kyd,2,2022-04-18,2022-04-18,2,0,2022:2
Jesper Ryom,2,2021-12-29,2021-12-29,2,0,2021:2
Jesse Woods,2,2023-11-22,2023-11-22,1,0,2023:2
Jessica Pratt,2,2025-04-28,2025-12-17,1,0,2025:2
Jex Nwalor,2,2021-09-25,2021-12-03,2,0,2021:2
JID,2,2026-02-03,2026-04-13,2,0,2026:2
"JID, Eminem",2,2025-07-30,2025-09-04,1,0,2025:2
Jil Is Lucky,2,2023-08-23,2023-08-23,2,0,2023:2
Jim Kimo West,2,2015-05-26,2015-12-09,1,0,2015:2
Jimi Somewhere,2,2020-10-20,2023-07-11,2,0,2020:1|2023:1
Jimi Tenor,2,2026-05-25,2026-05-25,2,0,2026:2
Jinsang,2,2020-09-08,2020-09-08,2,0,2020:2
Jo Hill,2,2022-06-14,2024-01-14,2,0,2022:1|2024:1
Jo Mayasi,2,2021-12-03,2021-12-05,1,0,2021:2
Joan Jett & The Blackhearts,2,2023-07-30,2023-07-30,1,0,2023:2
Joe Armon-Jones,2,2017-10-25,2022-09-26,2,0,2017:1|2022:1
Joe Banfi,2,2015-03-30,2015-12-04,1,0,2015:2
Joe Nichols,2,2014-05-27,2014-05-28,1,0,2014:2
Joe Strummer and the Mescaleros,2,2006-09-17,2010-11-26,1,0,2006:1|2010:1
Joey Montana,2,2021-11-21,2021-12-09,1,0,2021:2
Joey Negro,2,2012-08-28,2012-08-28,2,0,2012:2
Joey Negro & The Sunburst Band,2,2009-08-14,2012-04-26,1,0,2009:1|2012:1
Joey Valence & Brae,2,2026-03-09,2026-03-09,2,0,2026:2
John Barry,2,2017-11-28,2017-11-28,2,0,2017:2
John K,2,2021-03-04,2021-03-04,2,0,2021:2
John Mailander,2,2015-09-07,2015-09-08,1,0,2015:2
John Mayer Trio,2,2012-05-10,2012-05-11,2,0,2012:2
John Medeski,2,2017-09-12,2017-09-13,1,0,2017:2
John Paesano,2,2015-11-30,2017-11-28,2,0,2015:1|2017:1
John Schmitt,2,2015-01-24,2015-07-09,1,0,2015:2
John Scofield,2,2014-12-30,2017-09-12,2,0,2014:1|2017:1
John Smith,2,2021-01-30,2021-03-06,1,0,2021:2
John South,2,2016-02-03,2016-02-03,2,0,2016:2
John-Robert,2,2020-10-21,2024-01-14,2,0,2020:1|2024:1
Johnny D,2,2012-05-31,2013-02-06,1,0,2012:1|2013:1
Jon Lucien,2,2011-06-12,2011-06-16,1,0,2011:2
Jon Pardi,2,2014-05-27,2014-05-28,1,0,2014:2
Jonah Baker,2,2020-12-29,2021-10-31,2,0,2020:1|2021:1
Jonah Kagen,2,2024-02-04,2024-02-04,1,0,2024:2
Jonas Alaska,2,2014-05-01,2014-05-01,1,0,2014:2
Jonas Blue,2,2021-10-20,2024-06-24,2,0,2021:1|2024:1
"Jonas Blue, Galantis, Zoe Wees",2,2024-08-03,2024-08-07,1,0,2024:2
Jonas Holmes,2,2019-11-28,2019-11-28,2,0,2019:2
Jonathan Johansson,2,2014-05-01,2014-05-01,1,0,2014:2
Jonathan Wilson,2,2015-08-25,2026-07-28,2,0,2015:1|2026:1
Joost,2,2025-01-13,2025-02-23,2,0,2025:2
"Jordan Rakei, Jalen Ngonda",2,2025-12-08,2025-12-13,1,0,2025:2
Jordann,2,2019-07-18,2020-07-30,2,0,2019:1|2020:1
Jorma Hynninen (baritone),2,2009-12-24,2009-12-24,2,0,2009:2
Jose De Rico,2,2012-04-28,2012-04-28,1,0,2012:2
Jose Padilla;Schwanen Salon Orchestra,2,2011-06-14,2011-06-17,1,0,2011:2
"Joseph Kamel, Daysy",2,2025-03-09,2025-10-20,1,0,2025:2
Josh Gad,2,2019-05-13,2020-10-24,2,0,2019:1|2020:1
Josh Groban,2,2007-12-23,2017-06-12,2,0,2007:1|2017:1
Josh Rouse,2,2013-08-27,2013-08-27,1,0,2013:2
Joshua Redman,2,2017-06-11,2017-09-18,2,0,2017:2
Joss Stone & Elton John,2,2008-12-24,2008-12-26,1,0,2008:2
Joy Division,2,2022-05-29,2026-07-16,2,0,2022:1|2026:1
Joy Guerrilla,2,2022-09-26,2022-09-26,2,0,2022:2
Joyboy,2,2023-11-12,2023-11-12,1,0,2023:2
Joyce Wrice,2,2017-04-04,2017-09-04,1,0,2017:2
João Bosco,2,2014-06-11,2017-06-17,2,0,2014:1|2017:1
João Sobral,2,2014-12-09,2020-10-26,1,0,2014:1|2020:1
Jr. Walker & The All Stars,2,2015-11-17,2015-11-18,2,0,2015:2
Judah & the Lion,2,2019-09-04,2020-12-29,2,0,2019:1|2020:1
Judas Priest,2,2009-06-14,2026-05-09,2,0,2009:1|2026:1
Jukebox the Ghost,2,2022-05-23,2026-03-12,2,0,2022:1|2026:1
Jukes,2,2009-08-14,2012-04-26,1,0,2009:1|2012:1
Jul,2,2025-02-20,2025-02-22,1,0,2025:2
Julia Pratt,2,2021-12-26,2023-01-14,2,0,2021:1|2023:1
Julianna Barwick,2,2024-11-14,2026-06-03,1,0,2024:1|2026:1
Julie Doiron,2,2026-08-14,2026-08-15,2,0,2026:2
Julie London,2,2008-12-29,2008-12-30,2,0,2008:2
Juliet Ivy,2,2023-12-14,2023-12-17,1,0,2023:2
Julio Iglesias,2,2026-06-05,2026-06-05,2,0,2026:2
June Freedom,2,2025-07-31,2025-09-04,1,0,2025:2
Jungle Jack,2,2026-02-03,2026-03-03,2,0,2026:2
Junior Byles,2,2022-10-21,2022-10-21,2,0,2022:2
Junior Delgado,2,2022-04-09,2022-04-09,1,0,2022:2
Junior Jack,2,2012-08-27,2013-01-24,2,0,2012:1|2013:1
junodream,2,2019-09-02,2019-09-04,1,0,2019:2
JURIN ASAYA,2,2025-12-08,2025-12-13,1,0,2025:2
Jus Jack,2,2013-03-22,2023-06-17,1,0,2013:1|2023:1
Justice Der,2,2019-08-19,2019-08-19,1,0,2019:2
Justine Skye,2,2023-01-13,2023-01-27,2,0,2023:2
JVKE,2,2023-10-19,2024-07-27,2,0,2023:1|2024:1
Jörg Burger,2,2012-05-31,2013-02-06,1,0,2012:1|2013:1
K-Lone,2,2020-09-09,2020-09-09,2,0,2020:2
Kadhja Bonet,2,2026-05-26,2026-08-19,1,0,2026:2
Kaelin Ellis,2,2022-09-26,2022-09-26,1,0,2022:2
Kaeto,2,2024-06-24,2025-03-13,1,0,2024:1|2025:1
"Kaia Kater, Taj Mahal",2,2024-06-27,2024-08-31,1,0,2024:2
Kalervo Halonen,2,2021-12-24,2021-12-24,1,0,2021:2
Kaneki,2,2025-02-18,2025-02-19,1,0,2025:2
Kap Slap,2,2017-04-13,2017-05-22,1,0,2017:2
Kara Jackson,2,2023-01-27,2024-04-30,2,0,2023:1|2024:1
Karanda,2,2012-05-27,2012-05-27,1,0,2012:2
"Karen O, Danger Mouse",2,2024-11-04,2024-11-14,1,0,2024:2
karl hungus,2,2016-01-11,2016-02-02,1,0,2016:2
Karmin,2,2012-08-28,2013-03-23,1,0,2012:1|2013:1
Karolina Protsenko,2,2024-03-28,2024-03-28,2,0,2024:2
Kasbo,2,2023-09-11,2023-09-11,1,0,2023:2
Kashbocks,2,2022-02-09,2022-02-09,1,0,2022:2
Kashus Culpepper,2,2025-05-28,2025-06-02,1,0,2025:2
kasket club,2,2022-02-09,2022-02-09,1,0,2022:2
Kasmir,2,2015-09-17,2015-11-20,2,0,2015:2
Kat Cunning,2,2026-07-14,2026-07-14,2,0,2026:2
Katalyst,2,2009-08-14,2012-04-26,1,0,2009:1|2012:1
Kate Davis,2,2020-10-09,2025-01-13,2,0,2020:1|2025:1
Kate Tempest,2,2014-11-19,2015-09-29,1,0,2014:1|2015:1
Katie Gavin,2,2026-05-24,2026-06-05,2,0,2026:2
Katrina and the Waves,2,2026-05-17,2026-05-17,2,0,2026:2
Kav Verhouzer,2,2015-09-24,2015-12-08,1,0,2015:2
Kawala,2,2019-09-04,2019-11-26,2,0,2019:2
"Keala Settle, The Greatest Showman Ensemble",2,2020-03-19,2024-10-04,1,0,2020:1|2024:1
Keeno,2,2017-11-23,2017-11-23,2,0,2017:2
Keira,2,2023-01-27,2023-01-31,1,0,2023:2
Kele,2,2020-07-10,2020-07-10,2,0,2020:2
Kelly Lee Owens,2,2021-01-20,2024-07-17,2,0,2021:1|2024:1
Kelly Llorenna,2,2007-03-30,2010-04-06,1,0,2007:1|2010:1
Kelsey Coockson,2,2023-01-16,2023-01-16,1,0,2023:2
Kelsey Lu,2,2017-04-07,2021-01-01,2,0,2017:1|2021:1
Kembe X,2,2019-10-01,2019-10-05,1,0,2019:2
Ken Carson,2,2023-10-23,2023-10-23,1,0,2023:2
"Kendji Girac, Soprano",2,2025-10-23,2025-12-04,1,0,2025:2
Kenichiro Nishihara,2,2017-10-17,2019-08-23,2,0,2017:1|2019:1
Kenny Loggins,2,2021-09-16,2025-08-08,2,0,2021:1|2025:1
Kenny Mason,2,2019-09-03,2025-12-30,2,0,2019:1|2025:1
Kenny Rogers,2,2013-08-21,2013-11-26,2,0,2013:2
kent watari,2,2026-03-02,2026-03-02,2,0,2026:2
Kerchak,2,2025-02-18,2025-02-19,1,0,2025:2
Kero Kero Bonito,2,2021-04-28,2026-02-06,2,0,2021:1|2026:1
Kerri Chandler,2,2014-12-29,2025-07-25,2,0,2014:1|2025:1
Kevin Jonas,2,2025-12-19,2025-12-23,1,0,2025:2
Kevin Kaarl,2,2023-07-11,2023-07-11,1,0,2023:2
Kevin Rudolf,2,2009-07-14,2013-03-24,1,0,2009:1|2013:1
Kevin Walkman,2,2021-10-23,2021-10-24,1,0,2021:2
KH,2,2025-05-01,2025-05-26,1,0,2025:2
Khazali,2,2022-09-26,2023-02-10,2,0,2022:1|2023:1
Kid Bloom,2,2020-11-22,2020-11-22,1,0,2020:2
Kiddo,2,2021-04-28,2021-04-29,1,0,2021:2
KIDS WITH BUNS,2,2021-10-20,2024-04-19,2,0,2021:1|2024:1
Kidsnot$aints.,2,2023-06-05,2023-06-07,1,0,2023:2
Kiiara,2,2016-02-03,2017-04-18,2,0,2016:1|2017:1
Kiing Shooter,2,2019-05-16,2019-08-14,1,0,2019:2
Killers,2,2013-03-08,2013-03-15,1,0,2013:2
Kilowatts,2,2015-11-26,2016-02-03,1,0,2015:1|2016:1
Kim Cesarion,2,2014-01-12,2024-02-21,2,0,2014:1|2024:1
Kim Deal,2,2025-01-21,2026-03-12,2,0,2025:1|2026:1
Kim Janssen,2,2015-03-23,2015-12-04,1,0,2015:2
Kim Petras,2,2025-07-23,2025-09-19,1,0,2025:2
Kim Tee,2,2020-10-16,2020-10-20,1,0,2020:2
King Harvest,2,2023-11-04,2024-01-06,1,0,2023:1|2024:1
KiNG MALA,2,2021-04-27,2021-05-03,1,0,2021:2
Kings of Tomorrow,2,2012-08-28,2012-08-28,2,0,2012:2
Kirka,2,2020-12-24,2021-12-24,1,0,2020:1|2021:1
Kirsten Ludwig,2,2019-10-01,2019-10-05,1,0,2019:2
Kissa,2,2023-07-30,2023-07-30,1,0,2023:2
Klems,2,2016-01-11,2016-02-02,1,0,2016:2
Klingande,2,2015-09-24,2017-11-23,2,0,2015:1|2017:1
Kodomo,2,2014-04-30,2016-02-02,2,0,2014:1|2016:1
"Kofi Flexxx, billy woods",2,2024-07-06,2024-10-05,1,0,2024:2
"Kofi Stone, Ady Suleiman",2,2026-01-12,2026-01-12,1,0,2026:2
Konradsen,2,2019-07-21,2020-07-12,2,0,2019:1|2020:1
Korede Bello,2,2025-06-25,2025-06-25,1,0,2025:2
Krakota,2,2017-11-23,2017-11-23,2,0,2017:2
Kreidler,2,2022-02-15,2026-01-29,2,0,2022:1|2026:1
Krewella,2,2012-07-13,2012-10-07,1,0,2012:2
Kris Bowers,2,2015-09-29,2017-09-13,2,0,2015:1|2017:1
Kris Kristofferson,2,2012-05-13,2025-11-07,2,0,2012:1|2025:1
Krishna Canning,2,2023-01-16,2023-01-16,1,0,2023:2
KrispyLife Kidd,2,2022-04-01,2022-04-02,1,0,2022:2
Kristen Bell,2,2019-05-13,2020-10-24,2,0,2019:1|2020:1
Kristen Bell & Idina Menzel,2,2020-03-19,2020-03-19,2,0,2020:2
Kristina Train,2,2026-07-14,2026-07-14,2,0,2026:2
Kuage,2,2014-12-10,2017-05-02,1,0,2014:1|2017:1
Kube,2,2017-06-11,2021-01-30,2,0,2017:1|2021:1
Kungs,2,2017-04-13,2017-10-21,2,0,2017:2
Kuningasidea,2,2015-06-25,2015-09-17,1,0,2015:2
Kunzite,2,2022-08-20,2022-08-25,1,0,2022:2
Kwame,2,2024-01-11,2024-01-11,1,0,2024:2
"Kx5, deadmau5, Kaskade, Hayla",2,2025-02-06,2025-05-23,1,0,2025:2
Kxllswxtch,2,2024-07-13,2026-03-03,2,0,2024:1|2026:1
Kyanu,2,2026-07-18,2026-08-22,1,0,2026:2
"Kygo, Selena Gomez",2,2025-06-07,2025-06-08,1,0,2025:2
"Kygo, Zak Abel, Nile Rodgers",2,2024-08-03,2024-08-07,1,0,2024:2
"L'Allemand, Benab",2,2025-02-18,2025-02-19,1,0,2025:2
La Grande Sophie,2,2025-04-07,2025-10-20,1,0,2025:2
La Luz,2,2022-10-06,2024-06-17,2,0,2022:1|2024:1
La Reine des chansons pour enfants et bébés,2,2022-04-23,2022-04-23,1,0,2022:2
Labi Siffre,2,2023-10-21,2023-12-06,1,0,2023:2
Ladaniva,2,2024-05-12,2024-05-12,1,0,2024:2
Lady GaGa (featuring Space Cowboy),2,2010-12-24,2010-12-25,1,0,2010:2
"Lady Gaga, Bruno Mars",2,2025-03-01,2025-04-19,1,0,2025:2
Lady Lamb,2,2020-12-31,2026-08-15,2,0,2020:1|2026:1
Lael Neale,2,2025-01-13,2025-11-21,2,0,2025:2
Laish,2,2015-03-23,2015-12-04,1,0,2015:2
"Lakko, DJ Echo",2,2026-01-12,2026-01-12,1,0,2026:2
Lambo4oe,2,2023-01-01,2023-01-01,1,0,2023:2
Lane 8,2,2017-09-18,2024-05-05,2,0,2017:1|2024:1
Lany,2,2017-12-27,2021-03-04,2,0,2017:1|2021:1
Lapsley,2,2015-09-03,2015-09-04,1,0,2015:2
Late of the Pier,2,2010-08-21,2012-05-13,1,0,2010:1|2012:1
Laura Elliott,2,2020-12-19,2022-03-29,2,0,2020:1|2022:1
Lauren Weintraub,2,2021-01-29,2021-02-05,1,0,2021:2
Lauri Haav,2,2024-07-11,2024-07-11,2,0,2024:2
"Lauv, Anne-Marie",2,2020-03-04,2020-03-04,2,0,2020:2
Lawrence Taylor,2,2015-08-17,2015-09-09,1,0,2015:2
Lay Bankz,2,2024-10-02,2024-11-02,1,0,2024:2
LBR DPT,2,2021-12-26,2021-12-27,2,0,2021:2
Leah Kate,2,2022-09-20,2026-03-27,2,0,2022:1|2026:1
Leap,2,2023-09-16,2023-09-16,1,0,2023:2
Led Zepagain,2,2012-12-19,2012-12-19,1,0,2012:2
Lelo,2,2025-12-31,2025-12-31,1,0,2025:2
Lemar,2,2006-09-17,2010-10-31,1,0,2006:1|2010:1
Lemon Pipers,2,2009-12-12,2012-09-16,1,0,2009:1|2012:1
Len,2,2015-06-25,2017-03-27,1,0,2015:1|2017:1
Lennon & Maisy,2,2015-03-02,2020-12-30,1,0,2015:1|2020:1
Les Imprimés,2,2023-09-19,2023-09-19,1,0,2023:2
"Leslie Odom Jr., Daveed Diggs, Okieriete Onaodowan, Lin-Manuel Miranda, Phillipa Soo, Christopher Jackson, Original Broadway Cast of Hamilton, Anthony Ramos",2,2025-01-05,2025-01-06,1,0,2025:2
Leslie Round,2,2012-07-15,2013-01-20,1,0,2012:1|2013:1
Letters to Cleo,2,2017-01-11,2022-11-27,1,0,2017:1|2022:1
Lettuce,2,2015-01-21,2017-12-07,2,0,2015:1|2017:1
Leven Kali,2,2025-06-03,2025-06-03,1,0,2025:2
Levitation Room,2,2023-11-22,2023-11-22,1,0,2023:2
Lewis B,2,2012-07-15,2012-07-15,1,0,2012:2
Lewis Del Mar,2,2016-02-03,2020-12-18,2,0,2016:1|2020:1
Ley Soul,2,2024-04-30,2024-06-17,1,0,2024:2
LeyeT,2,2024-06-24,2025-03-23,1,0,2024:1|2025:1
Lg Malique,2,2025-12-31,2025-12-31,1,0,2025:2
Lia Lia,2,2022-02-21,2022-02-21,1,0,2022:2
Lia Pappas-Kemps,2,2022-05-23,2022-10-23,1,0,2022:2
Liam Kazar,2,2022-08-24,2022-09-04,1,0,2022:2
Liam Payne,2,2022-12-24,2024-04-22,2,0,2022:1|2024:1
Liberty X,2,2006-04-01,2008-03-01,1,0,2006:1|2008:1
Lido,2,2023-09-19,2023-09-19,1,0,2023:2
Lift Off,2,2012-07-18,2012-07-18,2,0,2012:2
Lightning Bug,2,2021-08-22,2023-04-07,1,0,2021:1|2023:1
Lightning Dust,2,2013-09-21,2025-01-13,2,0,2013:1|2025:1
LIGHTSHOW,2,2019-05-16,2019-08-14,1,0,2019:2
LiL 50,2,2023-01-27,2023-02-01,1,0,2023:2
Lil Durk,2,2022-07-28,2024-09-30,2,0,2022:1|2024:1
Lil Mama,2,2007-07-27,2008-10-28,1,0,2007:1|2008:1
Lil Tony Official,2,2025-12-01,2025-12-01,2,0,2025:2
"Lila Iké, H.E.R.",2,2025-09-11,2025-10-13,1,0,2025:2
"Lily Allen, Specialist Moss",2,2026-01-14,2026-01-20,1,0,2026:2
Lily Amiclo,2,2025-12-12,2026-01-20,1,0,2025:1|2026:1
Limsa D'Aulnay,2,2026-07-07,2026-07-07,2,0,2026:2
"Lin-Manuel Miranda, Leslie Odom Jr., Daveed Diggs, Okieriete Onaodowan, Anthony Ramos",2,2025-01-05,2025-01-05,1,0,2025:2
Lincoln Jesser,2,2016-01-11,2016-02-02,1,0,2016:2
Lindsay Lohan,2,2008-12-30,2008-12-30,2,0,2008:2
Ling Hussle,2,2025-12-31,2025-12-31,1,0,2025:2
Linka Moja,2,2024-03-01,2024-03-01,1,0,2024:2
LION BABE,2,2017-04-04,2017-09-04,1,0,2017:2
Lisa Lois,2,2012-12-10,2013-04-14,2,0,2012:1|2013:1
Lisa Pariente,2,2026-07-10,2026-07-13,2,0,2026:2
LITKU KLEMETTI & TUNTEMATON NUMERO,2,2017-06-11,2017-06-11,2,0,2017:2
Little Green Cars,2,2015-03-30,2015-04-01,1,0,2015:2
Little May,2,2015-03-02,2015-11-25,1,0,2015:2
Little Moon,2,2023-07-11,2023-07-11,1,0,2023:2
Little River Band,2,2007-12-01,2008-04-09,1,0,2007:1|2008:1
Living Room,2,2021-02-21,2021-03-06,1,0,2021:2
Lizzo,2,2025-09-19,2026-06-22,2,0,2025:1|2026:1
Lluvia del Bosque,2,2017-09-04,2017-09-04,2,0,2017:2
Lo Moon,2,2017-08-08,2019-08-27,2,0,2017:1|2019:1
Lo Stato Sociale,2,2015-08-24,2015-08-24,2,0,2015:2
Lola Marsh,2,2015-11-25,2016-02-03,2,0,2015:1|2016:1
Lole Y Manuel,2,2006-12-14,2010-04-08,1,0,2006:1|2010:1
Lomepal,2,2026-01-06,2026-01-06,2,0,2026:2
"London Philharmonic Orchestra, David Parry",2,2026-01-13,2026-01-13,1,0,2026:2
London Philharmonic Orchestra/Walter Susskind,2,2011-06-15,2011-06-15,2,0,2011:2
LonelyTwin,2,2021-11-12,2021-11-13,1,0,2021:2
Long Beach Dub All Stars,2,2009-10-09,2009-10-09,2,0,2009:2
Lonnie Hewitt,2,2011-06-12,2011-06-16,1,0,2011:2
Lord,2,2022-09-26,2022-09-26,2,0,2022:2
Lord Creator,2,2006-11-16,2008-10-16,1,0,2006:1|2008:1
LORD$OFDOGTOWN,2,2020-10-09,2020-10-12,1,0,2020:2
Lordi,2,2006-04-29,2023-06-03,1,0,2006:1|2023:1
Lorne Balfe,2,2017-09-29,2017-09-29,2,0,2017:2
Los 5,2,2017-09-20,2017-09-20,2,0,2017:2
Los Colognes,2,2014-12-07,2015-04-02,1,0,2014:1|2015:1
Los Fabulosos Cadillacs,2,2012-07-12,2017-06-17,2,0,2012:1|2017:1
Lostlow,2,2021-03-06,2021-06-22,1,0,2021:2
Lou Doillon,2,2026-07-14,2026-07-14,2,0,2026:2
Louis,2,2006-04-28,2008-09-19,1,0,2006:1|2008:1
Louis Prince,2,2019-08-19,2019-08-19,1,0,2019:2
Lova,2,2021-04-28,2026-07-29,2,0,2021:1|2026:1
Love,2,2025-07-28,2026-07-21,2,0,2025:1|2026:1
Love montage,2,2021-01-17,2022-06-08,2,0,2021:1|2022:1
Love to Sing,2,2021-10-02,2021-10-16,1,0,2021:2
Lowlakes,2,2013-03-23,2013-03-23,2,0,2013:2
Lowswimmer,2,2023-05-18,2023-05-18,1,0,2023:2
LP Giobbi,2,2022-11-17,2023-07-19,2,0,2022:1|2023:1
"LP Giobbi, Portugal. The Man",2,2024-06-27,2024-07-17,1,0,2024:2
LPB Poody,2,2021-12-12,2021-12-12,1,0,2021:2
LSTN,2,2021-04-05,2021-06-22,2,0,2021:2
LTJ x-perience,2,2007-09-02,2007-12-09,1,0,2007:2
Luc Serra,2,2016-02-03,2016-02-04,2,0,2016:2
Luca,2,2022-01-04,2022-06-17,2,0,2022:2
Luca Brasi,2,2023-09-16,2023-09-16,1,0,2023:2
Lucidity Lo Fi,2,2012-07-15,2012-07-15,1,0,2012:2
Luck,2,2022-02-15,2025-09-14,2,0,2022:1|2025:1
"Luedji Luna, Arnaldo Antunes",2,2024-07-14,2024-07-14,1,0,2024:2
Luis Bonfa,2,2015-03-15,2017-06-17,1,0,2015:1|2017:1
"Luis Fonsi, Daddy Yankee",2,2025-06-07,2026-01-12,1,0,2025:1|2026:1
Luis Miguel,2,2017-07-31,2017-07-31,2,0,2017:2
Lujipeka,2,2025-02-18,2026-01-06,2,0,2025:1|2026:1
Luke Bryan,2,2015-09-14,2021-07-25,2,0,2015:1|2021:1
Luke Royalty,2,2022-03-22,2022-03-22,1,0,2022:2
Lula Wiles,2,2021-03-06,2021-03-14,1,0,2021:2
Luluc,2,2015-11-25,2023-06-12,2,0,2015:1|2023:1
Lumi,2,2012-04-08,2012-04-26,1,0,2012:2
Luna,2,2017-04-07,2024-11-09,2,0,2017:1|2024:1
Luna Aura,2,2023-09-16,2023-09-16,1,0,2023:2
LunchMoney Lewis,2,2015-05-29,2015-08-03,1,0,2015:2
Luthor,2,2012-07-15,2012-07-15,1,0,2012:2
Lux,2,2012-07-28,2013-03-13,1,0,2012:1|2013:1
LV,2,2015-07-08,2024-04-30,2,0,2015:1|2024:1
LVGOON,2,2017-12-27,2018-03-19,2,0,2017:1|2018:1
Lyrical Lemonade,2,2023-12-15,2024-04-09,1,0,2023:1|2024:1
"M Row, Mhady2hottie",2,2025-12-30,2025-12-31,1,0,2025:2
"M.E.B., Miles Davis, Blu",2,2024-07-06,2024-10-05,1,0,2024:2
Macaco,2,2012-05-05,2017-09-20,2,0,2012:1|2017:1
Mace,2,2026-08-28,2026-08-28,1,0,2026:2
Mach-Hommy,2,2024-10-05,2026-03-03,2,0,2024:1|2026:1
Mack 10,2,2024-05-15,2024-05-27,1,0,2024:2
"Macklemore, Ryan Lewis, Buffalo Madonna",2,2025-01-17,2025-01-17,1,0,2025:2
"Macklemore, Ryan Lewis, Ray Dalton",2,2025-01-17,2025-04-18,1,0,2025:2
Mad Season,2,2008-12-30,2012-05-04,2,0,2008:1|2012:1
Madame Monsieur,2,2025-02-13,2025-03-16,1,0,2025:2
Maddie & Tae,2,2026-04-01,2026-04-01,2,0,2026:2
Made of Snow,2,2020-12-24,2020-12-24,2,0,2020:2
"MadeInParis, Vacra",2,2025-02-20,2025-02-22,1,0,2025:2
"Madison Cunningham, Fleet Foxes",2,2025-09-26,2025-10-14,1,0,2025:2
Madison McFerrin,2,2019-08-19,2019-08-19,1,0,2019:2
Madleen Kane,2,2020-09-08,2021-07-06,1,0,2020:1|2021:1
Maes,2,2025-02-18,2025-07-25,1,0,2025:2
Mafalda,2,2022-02-09,2022-02-09,1,0,2022:2
Mafia K'1 Fry,2,2025-09-22,2025-09-25,1,0,2025:2
Magic Affair,2,2012-05-23,2012-10-26,2,0,2012:2
Magic City Hippies,2,2021-08-04,2022-07-05,2,0,2021:1|2022:1
Magic Flow,2,2015-11-26,2016-02-03,1,0,2015:1|2016:1
Magic In Threes,2,2022-09-26,2022-09-26,2,0,2022:2
Magnet,2,2015-01-24,2015-03-19,1,0,2015:2
Magsy,2,2020-12-07,2020-12-18,1,0,2020:2
Majical Cloudz,2,2016-02-03,2016-02-03,2,0,2016:2
Majid Jordan,2,2023-09-27,2024-08-17,2,0,2023:1|2024:1
"Major League Djz, Jorja Smith",2,2025-05-28,2025-06-02,1,0,2025:2
Makaya McCraven,2,2022-09-26,2022-09-26,2,0,2022:2
Maldita Nerea,2,2012-04-28,2013-09-21,2,0,2012:1|2013:1
Malik Alary,2,2012-05-31,2021-04-10,2,0,2012:1|2021:1
Malik Alary feat. Jenia Lubich,2,2012-05-28,2013-02-06,2,0,2012:1|2013:1
Mall Girl,2,2024-03-11,2024-03-11,2,0,2024:2
Mamagama,2,2025-03-19,2025-05-19,1,0,2025:2
Mammo,2,2026-08-24,2026-08-24,2,0,2026:2
Mando Diao,2,2007-07-27,2009-07-14,2,0,2007:1|2009:1
Mandolin Orange,2,2013-01-16,2017-10-24,2,0,2013:1|2017:1
Mandy Moore,2,2012-05-14,2019-05-13,2,0,2012:1|2019:1
Mani2raww,2,2025-12-31,2025-12-31,1,0,2025:2
Mannequin Pussy,2,2023-12-14,2023-12-16,1,0,2023:2
"Mansfield.TYA, Rebeka Warrior, Carla Pallone",2,2025-11-30,2025-11-30,2,0,2025:2
Maple Glider,2,2023-12-14,2023-12-16,1,0,2023:2
Marc Brothers,2,2020-04-14,2020-04-14,2,0,2020:2
Marc Puig,2,2013-01-20,2013-01-20,2,0,2013:2
Marc Scibilia,2,2019-06-06,2020-11-15,2,0,2019:1|2020:1
MARCO PLUS,2,2025-12-01,2025-12-04,1,0,2025:2
"MARCO PLUS, Boldy James",2,2025-12-31,2025-12-31,1,0,2025:2
Marco Polo,2,2024-07-06,2024-10-05,1,0,2024:2
marcos g,2,2019-10-01,2019-10-05,1,0,2019:2
Margie Day,2,2020-09-03,2020-09-08,2,0,2020:2
Mari Sainio,2,2018-03-19,2018-03-19,2,0,2018:2
Mari.,2,2024-01-06,2024-01-09,1,0,2024:2
Maria Gadú,2,2012-07-14,2012-07-14,1,0,2012:2
Maria Lund & Jari Sillanpää,2,2012-11-30,2012-12-01,1,0,2012:2
"Maribou State, North Downs",2,2025-01-22,2025-01-23,1,0,2025:2
Marie Madeleine,2,2026-09-03,2026-09-04,1,0,2026:2
Marie Pierre,2,2022-04-09,2022-04-09,1,0,2022:2
Marinelli,2,2020-10-14,2020-12-19,2,0,2020:2
Mariska,2,2020-11-20,2020-12-02,2,0,2020:2
Marit Larsen,2,2012-05-14,2012-05-14,2,0,2012:2
Marius,2,2025-02-14,2025-03-11,1,0,2025:2
Mark Ambor,2,2024-03-11,2024-04-18,2,0,2024:2
Mark Guiliana,2,2019-08-19,2019-08-19,1,0,2019:2
Mark Isham,2,2017-06-13,2017-06-13,2,0,2017:2
Mark Lettieri,2,2017-12-04,2022-10-06,2,0,2017:1|2022:1
Mark Morrison,2,2013-03-07,2013-08-21,1,0,2013:2
Marko,2,2022-02-21,2022-02-21,1,0,2022:2
Marlaine,2,2022-04-21,2023-02-12,1,0,2022:1|2023:1
Marlena Shaw,2,2024-01-17,2024-01-17,1,0,2024:2
Marlon Craft,2,2019-08-14,2022-08-08,2,0,2019:1|2022:1
"marOon 5, lIsa",2,2025-05-21,2025-07-16,1,0,2025:2
Martin Jensen,2,2017-04-13,2017-05-23,1,0,2017:2
Martin Luke Brown,2,2023-02-14,2023-03-24,1,0,2023:2
Martti Talvela (bass) and Pertti Eerola (organ),2,2009-12-24,2009-12-24,2,0,2009:2
Marve Josie,2,2011-06-12,2011-06-16,1,0,2011:2
Marwa Loud,2,2025-02-20,2025-02-22,1,0,2025:2
Mary Griffin,2,2008-06-15,2009-10-14,1,0,2008:1|2009:1
Mascara,2,2019-08-28,2019-08-29,1,0,2019:2
Mashrou' Leila,2,2012-04-07,2012-04-08,1,0,2012:2
Masked Wolf,2,2021-01-30,2021-06-23,1,0,2021:2
Massivan,2,2015-04-10,2021-04-10,2,0,2015:1|2021:1
"Massive Attack, Shara Nelson",2,2025-07-16,2025-07-25,1,0,2025:2
Mat Zo,2,2016-01-11,2016-02-02,1,0,2016:2
Mateo,2,2022-06-17,2022-06-17,2,0,2022:2
Matheus & Kauan,2,2017-06-27,2017-06-27,2,0,2017:2
Matilda Lyn,2,2023-12-20,2023-12-20,1,0,2023:2
Matisyahu,2,2013-01-06,2013-11-23,2,0,2013:2
Matt Kivel,2,2015-11-25,2018-01-05,2,0,2015:1|2018:1
Matt Maltese,2,2024-01-16,2024-01-16,1,0,2024:2
Matt Martians,2,2017-04-04,2017-09-04,1,0,2017:2
Matt Phillips,2,2015-12-01,2015-12-04,1,0,2015:2
Matthew Herbert,2,2012-04-14,2012-04-26,1,0,2012:2
Matthew Ryan,2,2015-01-24,2015-08-03,1,0,2015:2
Matthews' Southern Comfort,2,2009-12-12,2009-12-12,1,0,2009:2
Matti ja Teppo,2,2023-12-24,2023-12-24,1,0,2023:2
Matvei,2,2026-08-28,2026-09-02,1,0,2026:2
Maude Latour,2,2020-12-02,2022-10-23,2,0,2020:1|2022:1
Mauno Kuusisto (tenor) and orchestra and Gerog de Godzinsky (conductor),2,2009-12-24,2009-12-24,2,0,2009:2
Maurice Lessing,2,2023-01-16,2023-01-16,1,0,2023:2
Maustetytöt,2,2024-03-01,2024-03-01,1,0,2024:2
Mavis Staples,2,2025-11-12,2026-01-12,2,0,2025:1|2026:1
Max Pope,2,2019-09-25,2019-09-25,1,0,2019:2
Max Roach,2,2015-12-14,2015-12-16,2,0,2015:2
MaxBand,2,2020-10-19,2020-11-27,2,0,2020:2
Maxwell,2,2015-09-04,2015-11-18,2,0,2015:2
"May Rio, Elegant Ensemble",2,2024-07-13,2024-12-25,1,0,2024:2
Maya Jane Coles,2,2012-07-28,2014-12-11,2,0,2012:1|2014:1
Mazes,2,2013-09-21,2013-09-21,2,0,2013:2
Mc Guime,2,2014-06-11,2017-06-13,2,0,2014:1|2017:1
MC Kevinho,2,2017-06-27,2017-06-27,2,0,2017:2
McAlmont & Butler,2,2007-04-23,2008-06-16,1,0,2007:1|2008:1
McFly,2,2013-04-14,2013-05-24,1,0,2013:2
Meadowlark,2,2019-07-01,2019-11-26,2,0,2019:2
Meagre Martin,2,2024-02-15,2024-02-15,1,0,2024:2
Meduulla,2,2021-12-03,2021-12-05,1,0,2021:2
"Meduza, Becky Hill, GOODBOYS",2,2025-05-01,2025-05-23,1,0,2025:2
Meek Mill,2,2020-06-07,2020-06-07,2,0,2020:2
Meet Me @ The Altar,2,2022-10-02,2024-07-09,2,0,2022:1|2024:1
Megafaun,2,2015-03-31,2015-04-08,1,0,2015:2
mehro,2,2020-12-19,2026-03-12,2,0,2020:1|2026:1
Mel Tormé,2,2008-12-29,2012-12-23,2,0,2008:1|2012:1
Melanie,2,2009-12-12,2009-12-12,2,0,2009:2
Melina Borglowe,2,2024-02-21,2024-02-21,2,0,2024:2
Melody Gardot,2,2013-08-26,2020-12-13,2,0,2013:1|2020:1
MeloMance,2,2026-03-08,2026-03-15,2,0,2026:2
Melvv,2,2017-11-27,2017-11-27,1,0,2017:2
Memotone,2,2015-08-18,2015-12-11,2,0,2015:2
Meredith Brooks,2,2022-04-26,2023-07-18,1,0,2022:1|2023:1
Merlin Cornu,2,2014-12-09,2017-05-02,1,0,2014:1|2017:1
Method Man,2,2008-12-15,2009-02-08,1,0,2008:1|2009:1
"Metronomy, Naima Bock, Joshua Idehen",2,2024-08-03,2024-08-07,1,0,2024:2
Mia & Mattias Love,2,2015-11-26,2016-02-05,1,0,2015:1|2016:1
Michael Bernard Fitzgerald,2,2020-10-13,2020-10-21,1,0,2020:2
Michael Brun,2,2017-04-13,2017-05-22,1,0,2017:2
michael bruner,2,2022-12-30,2022-12-30,1,0,2022:2
Michael Bublã©,2,2007-12-23,2009-12-17,1,0,2007:1|2009:1
Michael Franti & Spearhead,2,2014-12-22,2015-04-08,1,0,2014:1|2015:1
Michael Hedges,2,2014-12-29,2015-12-09,1,0,2014:1|2015:1
Michael Marcagi,2,2023-12-28,2023-12-28,1,0,2023:2
Michael Pan,2,2012-12-05,2012-12-05,1,0,2012:2
Michael Ray,2,2020-04-03,2020-04-03,2,0,2020:2
Michael Seyer,2,2019-10-01,2019-10-05,1,0,2019:2
Middle Part,2,2020-10-16,2020-10-20,1,0,2020:2
Midnight Oil,2,2008-04-16,2010-04-18,1,0,2008:1|2010:1
miel,2,2020-10-20,2023-07-17,2,0,2020:1|2023:1
Miel De Montagne,2,2022-08-07,2022-08-11,2,0,2022:2
Mike Dimes,2,2021-12-12,2021-12-12,1,0,2021:2
Mike Mago,2,2017-05-22,2017-12-04,2,0,2017:2
Mike Oldfield,2,2007-10-28,2008-03-31,1,0,2007:1|2008:1
Mike Shinoda,2,2026-04-06,2026-04-06,2,0,2026:2
Mike Vass,2,2015-05-29,2015-09-29,2,0,2015:2
Mildlife,2,2025-12-17,2025-12-17,2,0,2025:2
Miles Kane,2,2012-05-13,2025-07-12,2,0,2012:1|2025:1
"Miley Cyrus, Brittany Howard",2,2025-06-03,2025-12-12,1,0,2025:2
"Miley Cyrus, Lindsey Buckingham, Mick Fleetwood",2,2025-10-14,2025-10-15,1,0,2025:2
"Miley Cyrus, Naomi Campbell",2,2025-06-03,2025-12-12,1,0,2025:2
Milk & Bone,2,2026-07-14,2026-07-14,2,0,2026:2
Milk Malone,2,2017-11-27,2017-12-04,2,0,2017:2
millennium parade,2,2019-08-23,2021-05-01,2,0,2019:1|2021:1
"MILLENNIUM PARADE, Rauw Alejandro, Tainy",2,2024-10-24,2024-10-28,1,0,2024:2
Milly,2,2019-10-01,2019-10-05,1,0,2019:2
Milo Korbenski,2,2020-10-16,2020-10-20,1,0,2020:2
Milton Breech,2,2017-09-19,2017-11-27,1,0,2017:2
MiM0SA,2,2016-01-11,2016-02-02,1,0,2016:2
Mina Tindle,2,2021-03-06,2021-03-14,1,0,2021:2
Minor Rain,2,2012-12-20,2013-04-24,2,0,2012:1|2013:1
Minutemen,2,2020-09-29,2020-10-31,2,0,2020:2
Miranda Cosgrove,2,2026-02-20,2026-04-01,2,0,2026:2
Mishegas,2,2019-05-03,2019-09-05,2,0,2019:2
Mission of Burma,2,2015-09-03,2026-03-02,2,0,2015:1|2026:1
mixie,2,2022-01-12,2023-01-16,2,0,2022:1|2023:1
Mixk,2,2022-05-06,2022-05-06,1,0,2022:2
Miyachi,2,2017-06-29,2019-08-23,2,0,2017:1|2019:1
MK,2,2021-03-15,2021-03-15,2,0,2021:2
ML Buch,2,2023-11-12,2023-11-12,1,0,2023:2
"Moby, Indochine",2,2024-10-24,2025-04-07,1,0,2024:1|2025:1
Model Child,2,2020-11-22,2020-11-22,1,0,2020:2
Moise,2,2022-03-29,2022-06-12,2,0,2022:2
Mokhov,2,2013-04-24,2016-02-02,2,0,2013:1|2016:1
Mokita,2,2017-05-22,2019-06-28,2,0,2017:1|2019:1
"Molière l'opéra urbain, Abi Bernadoth",2,2025-11-26,2025-11-26,2,0,2025:2
"Molière l'opéra urbain, Lou, PETiTOM",2,2025-11-26,2025-11-26,2,0,2025:2
"Molière l'opéra urbain, Lou, PETiTOM, Morgan, Shaïna Pronzola, Vike, Abi Bernadoth",2,2025-11-26,2025-11-26,1,0,2025:2
"Molière l'opéra urbain, PETiTOM",2,2025-11-26,2025-11-26,2,0,2025:2
"Molière l'opéra urbain, Shaïna Pronzola",2,2025-11-26,2025-11-26,2,0,2025:2
Molly Burch,2,2020-10-13,2023-08-30,2,0,2020:1|2023:1
Molotov,2,2009-10-17,2019-06-07,2,0,2009:1|2019:1
MoMa Ready,2,2022-04-13,2022-04-13,2,0,2022:2
Mono Moon,2,2024-11-11,2024-11-11,2,0,2024:2
Monster High,2,2024-04-26,2024-04-26,2,0,2024:2
Monsters of Folk,2,2015-03-20,2019-09-30,2,0,2015:1|2019:1
Mont Rouge,2,2026-08-28,2026-08-28,2,0,2026:2
Moodymann,2,2014-11-20,2015-04-09,2,0,2014:1|2015:1
Moon Panda,2,2023-07-11,2023-07-11,1,0,2023:2
Moony,2,2012-08-27,2013-01-24,1,0,2012:1|2013:1
Morgan Evans,2,2021-07-25,2021-07-25,2,0,2021:2
Morgan Wade,2,2020-12-19,2026-04-08,2,0,2020:1|2026:1
Morly,2,2016-02-02,2016-02-03,2,0,2016:2
Morningsiders,2,2019-06-05,2021-10-27,2,0,2019:1|2021:1
Moses Dillard,2,2011-06-12,2011-06-16,1,0,2011:2
Most Valuable Players,2,2012-09-17,2012-10-23,1,0,2012:2
Mother Falcon,2,2015-09-07,2015-09-08,1,0,2015:2
Motion City Soundtrack,2,2010-08-21,2012-05-14,2,0,2010:1|2012:1
Motörhead,2,2010-08-18,2013-01-06,2,0,2010:1|2013:1
Mount Dreams,2,2016-01-11,2016-02-02,1,0,2016:2
Moussa,2,2025-07-16,2025-11-30,1,0,2025:2
Move 78,2,2022-09-26,2022-09-26,2,0,2022:2
Movement At Night,2,2023-09-16,2023-09-16,1,0,2023:2
Mozart l'Opéra Rock,2,2025-11-26,2025-11-26,2,0,2025:2
Mr GISCARD,2,2025-07-24,2025-07-24,2,0,2025:2
Mr. Mitch,2,2017-04-06,2017-09-04,1,0,2017:2
Mr. Probz,2,2014-11-17,2015-09-24,2,0,2014:1|2015:1
MTMBO,2,2017-04-04,2017-09-04,1,0,2017:2
mujo,2,2019-09-18,2020-09-08,2,0,2019:1|2020:1
MUNYA,2,2023-07-11,2023-07-11,1,0,2023:2
Musa,2,2022-02-15,2023-02-04,2,0,2022:1|2023:1
Musicboxes,2,2017-11-27,2018-03-19,2,0,2017:1|2018:1
muva of Earth,2,2022-12-02,2022-12-12,1,0,2022:2
mvca,2,2021-02-21,2021-03-14,1,0,2021:2
My Brightest Diamond,2,2010-09-06,2010-10-11,1,0,2010:2
My bubba,2,2015-11-25,2017-10-20,2,0,2015:1|2017:1
My Robot Friend,2,2013-03-22,2013-03-22,2,0,2013:2
Mya F/ Jay-Z,2,2006-03-03,2008-10-15,1,0,2006:1|2008:1
Mychael Danna,2,2016-02-04,2017-11-28,2,0,2016:1|2017:1
"Måneskin, Tom Morello",2,2024-07-19,2024-07-30,1,0,2024:2
Méduses,2,2022-10-04,2022-10-22,1,0,2022:2
Möwe,2,2017-04-13,2017-11-23,2,0,2017:2
múm,2,2013-03-04,2013-06-01,1,0,2013:2
N Sync,2,2015-04-14,2015-11-17,1,0,2015:2
Natalie Cole,2,2015-11-17,2021-02-20,2,0,2015:1|2021:1
Natalie Prass,2,2015-08-13,2015-08-19,2,0,2015:2
Natalie Schlabs,2,2020-10-13,2020-10-21,1,0,2020:2
Nate Brazier,2,2023-09-19,2023-09-19,1,0,2023:2
Nathaniel Rateliff,2,2017-10-24,2020-12-19,2,0,2017:1|2020:1
Native Son,2,2020-10-20,2020-11-19,1,0,2020:2
Nautic,2,2014-01-14,2019-05-10,2,0,2014:1|2019:1
Navy Blue,2,2026-03-23,2026-03-23,2,0,2026:2
Nayana Iz,2,2026-04-08,2026-06-05,2,0,2026:2
Naylor,2,2021-11-12,2021-11-13,1,0,2021:2
"NEEDTOBREATHE, The Red Clay Strays",2,2025-11-12,2025-11-12,1,0,2025:2
Neil Finn,2,2023-12-14,2023-12-16,1,0,2023:2
Neko Case,2,2013-08-30,2025-10-31,2,0,2013:1|2025:1
"Nelly Furtado, Bomba Estéreo",2,2024-07-16,2024-09-24,1,0,2024:2
Neneh Cherry,2,2008-09-05,2014-07-26,2,0,2008:1|2014:1
Netsky,2,2012-07-15,2012-07-15,1,0,2012:2
NEU!,2,2006-03-01,2009-01-05,1,0,2006:1|2009:1
New Design,2,2019-08-28,2019-08-29,1,0,2019:2
New Hope Club,2,2021-08-22,2024-10-24,2,0,2021:1|2024:1
New Kids on the Block,2,2012-05-14,2012-05-14,2,0,2012:2
New Mjøndalen Disco Swingers,2,2012-05-31,2013-02-06,1,0,2012:1|2013:1
New West,2,2020-12-19,2023-05-12,2,0,2020:1|2023:1
NewSong,2,2012-12-23,2012-12-23,1,0,2012:2
Ney Matogrosso,2,2017-07-02,2017-07-02,2,0,2017:2
Nia Chennai,2,2023-01-27,2023-01-31,1,0,2023:2
Nick Urb,2,2015-01-24,2015-03-19,1,0,2015:2
"Nicki Minaj, Ice Spice, Aqua",2,2024-07-12,2025-02-09,2,0,2024:1|2025:1
Nico Lindsay,2,2017-04-04,2017-05-14,1,0,2017:2
Nico Losada,2,2024-07-19,2024-07-19,2,0,2024:2
"Nicolas Julian, Paratone",2,2025-04-09,2025-04-10,1,0,2025:2
nicole amoroso,2,2023-02-04,2023-02-05,1,0,2023:2
Night Lights,2,2019-09-02,2019-09-04,1,0,2019:2
Night Tempo,2,2019-08-23,2026-04-28,2,0,2019:1|2026:1
Niki,2,2021-01-17,2024-07-16,2,0,2021:1|2024:1
Nils Frahm,2,2026-04-12,2026-08-24,2,0,2026:2
Niney The Observer,2,2022-04-09,2022-04-09,2,0,2022:2
"Ninho, Niska",2,2025-12-30,2025-12-30,1,0,2025:2
"NLE The Great, NLE Choppa",2,2025-12-23,2025-12-23,2,0,2025:2
NNAMDÏ,2,2020-04-06,2020-10-13,1,0,2020:2
NNENA,2,2026-01-20,2026-01-24,1,0,2026:2
No Vacation,2,2019-07-21,2019-09-05,2,0,2019:2
Noah Guthrie,2,2020-12-30,2021-10-31,1,0,2020:1|2021:1
Noah Pope,2,2023-02-04,2023-02-14,1,0,2023:2
noi5er,2,2014-12-09,2017-05-02,1,0,2014:1|2017:1
Nokiaa,2,2019-09-18,2019-09-18,1,0,2019:2
nombreKARI,2,2023-01-27,2023-02-01,1,0,2023:2
Nookie,2,2006-04-10,2010-05-04,1,0,2006:1|2010:1
Nora Dean,2,2012-04-07,2022-04-09,2,0,2012:1|2022:1
Nora Van Elken,2,2021-02-21,2021-03-06,1,0,2021:2
"Norah Jones, John Legend",2,2025-07-27,2025-08-13,1,0,2025:2
Norman Weeks,2,2008-04-12,2009-03-19,1,0,2008:1|2009:1
"Normani, James Blake",2,2024-06-27,2024-07-17,1,0,2024:2
North Naim,2,2022-06-12,2022-06-12,2,0,2022:2
NSH,2,2023-03-09,2023-03-09,1,0,2023:2
Nu Genea,2,2022-07-14,2023-04-11,1,0,2022:1|2023:1
Nuha Ruby Ra,2,2022-04-01,2022-04-02,1,0,2022:2
"NxWorries, Knxwledge, Anderson .Paak",2,2025-05-21,2025-05-28,1,0,2025:2
Nápoles,2,2022-12-29,2022-12-29,1,0,2022:2
oatmello,2,2019-09-18,2024-11-11,2,0,2019:1|2024:1
Obadiah Parker,2,2015-09-08,2020-12-29,2,0,2015:1|2020:1
Oblé Reed,2,2025-12-31,2025-12-31,1,0,2025:2
Octo Octa,2,2019-05-13,2019-05-13,1,0,2019:2
Odd Hugo,2,2015-04-01,2015-12-04,1,0,2015:2
Odd Nosdam,2,2026-07-21,2026-07-23,2,0,2026:2
Odessa,2,2015-03-23,2015-11-25,2,0,2015:2
Ofenbach,2,2017-04-18,2017-10-25,2,0,2017:2
Oh Land,2,2019-05-17,2019-11-27,1,0,2019:2
Oh No,2,2015-12-02,2017-11-28,1,0,2015:1|2017:1
Ohmna,2,2016-01-11,2016-02-02,1,0,2016:2
Okay Kaya,2,2023-12-14,2023-12-16,1,0,2023:2
Okean Elzy,2,2022-08-29,2022-08-29,2,0,2022:2
okey dokey,2,2019-09-17,2023-07-19,2,0,2019:1|2023:1
Okieriete Onaodowan,2,2022-05-05,2022-05-05,1,0,2022:2
Old School Freight Train,2,2015-09-07,2015-09-08,1,0,2015:2
Oliver,2,2009-12-12,2012-09-16,1,0,2009:1|2012:1
Oliver Malcolm,2,2020-10-09,2020-10-09,2,0,2020:2
Olli Halonen,2,2022-08-21,2023-03-05,1,0,2022:1|2023:1
Olly Alexander (Years & Years),2,2024-05-12,2025-02-07,2,0,2024:1|2025:1
OLMA,2,2021-01-30,2021-02-18,1,0,2021:2
On June,2,2017-04-18,2017-10-21,1,0,2017:2
ONA,2,2019-08-19,2019-08-19,1,0,2019:2
Ondara,2,2021-03-06,2021-03-14,1,0,2021:2
One Hope,2,2021-01-29,2021-01-30,1,0,2021:2
One Self,2,2012-04-01,2012-05-28,1,0,2012:2
Oneness of Juju,2,2009-10-09,2009-10-09,2,0,2009:2
Onlap,2,2023-10-22,2023-10-23,1,0,2023:2
Only the Poets,2,2024-06-24,2025-07-23,2,0,2024:1|2025:1
ooi,2,2022-06-12,2022-12-30,2,0,2022:2
Ookay,2,2016-01-11,2016-02-02,1,0,2016:2
Open Mike Eagle,2,2025-07-30,2025-09-04,1,0,2025:2
Opetaia Foa'i,2,2017-11-27,2019-05-13,2,0,2017:1|2019:1
Ora the Molecule,2,2019-09-09,2019-09-09,1,0,2019:2
Orbital,2,2026-04-28,2026-08-24,2,0,2026:2
oreglo,2,2024-05-04,2024-05-15,1,0,2024:2
Orjan Nilsen,2,2012-07-29,2012-11-28,2,0,2012:2
"Orla Gartland, Declan McKenna",2,2025-05-20,2025-08-18,2,0,2025:2
Orsten,2,2013-11-19,2021-04-10,2,0,2013:1|2021:1
Oruam,2,2021-03-14,2021-06-22,1,0,2021:2
Os Brazões,2,2017-06-13,2017-06-13,2,0,2017:2
Os Paralamas Do Sucesso,2,2014-06-11,2015-04-01,2,0,2014:1|2015:1
Oscar Scheller,2,2023-07-11,2023-07-11,1,0,2023:2
"Oscar Simonsson""",2,2013-01-21,2013-01-23,1,0,2013:2
oso oso,2,2022-04-01,2022-04-02,1,0,2022:2
OSWRLD,2,2024-01-11,2024-01-15,1,0,2024:2
OTP C4,2,2025-12-30,2025-12-31,1,0,2025:2
Ott,2,2013-03-04,2014-04-30,2,0,2013:1|2014:1
Ouri,2,2019-09-02,2019-11-25,1,0,2019:2
Ovall,2,2019-08-23,2019-09-18,2,0,2019:2
Owen Wilson,2,2010-04-08,2010-05-19,1,0,2010:2
Owiny Sigoma Band,2,2017-10-20,2023-02-05,2,0,2017:1|2023:1
"Owl City, Mark Hoppus",2,2025-06-23,2025-06-24,1,0,2025:2
Oxia,2,2017-05-23,2017-12-04,1,0,2017:2
Oxmo Puccino,2,2025-07-16,2025-11-30,1,0,2025:2
Ozuna,2,2020-10-20,2021-10-02,1,0,2020:1|2021:1
Ozzy Osbourne,2,2007-04-23,2010-10-15,1,0,2007:1|2010:1
"P!nk, Cash Cash",2,2025-01-15,2025-01-15,1,0,2025:2
"P!nk, Nate Ruess",2,2025-01-15,2025-01-17,1,0,2025:2
"P.O.D., Tatiana Shmayluk, Jinjer",2,2024-06-24,2024-07-16,1,0,2024:2
Paavo Berglund/Bournemouth Symphony Orchestra/Ida Haendel,2,2011-06-09,2011-06-11,1,0,2011:2
Paavo Kerosuo,2,2021-08-08,2021-08-09,1,0,2021:2
Pabllo Vittar,2,2017-06-27,2026-02-14,2,0,2017:1|2026:1
Paddy Echo,2,2021-04-27,2023-02-04,2,0,2021:1|2023:1
Palaye Royale,2,2023-01-18,2023-01-18,1,0,2023:2
Palehound,2,2023-06-11,2026-03-01,2,0,2023:1|2026:1
Palmaria,2,2022-07-14,2022-07-14,1,0,2022:2
"pandora., chillwithme, cødy",2,2024-11-02,2024-11-09,1,0,2024:2
Panjabi MC,2,2006-03-02,2006-03-02,2,0,2006:2
Papa Wemba,2,2013-06-29,2013-12-10,2,0,2013:2
Papi.,2,2023-06-20,2023-06-20,2,0,2023:2
Paradis,2,2025-07-24,2025-07-24,2,0,2025:2
PARDOPARDO,2,2024-03-29,2024-03-29,1,0,2024:2
Parg,2,2025-05-19,2025-07-11,1,0,2025:2
Pariah,2,2012-07-15,2012-07-15,1,0,2012:2
Parlor Greens,2,2026-04-16,2026-04-20,1,0,2026:2
Patrice,2,2012-05-31,2013-02-06,1,0,2012:1|2013:1
Patricia Brennan,2,2026-01-20,2026-01-20,2,0,2026:2
Patrick Park,2,2013-01-16,2013-01-16,2,0,2013:2
Patti Labelle & Bill Champlin,2,2006-10-17,2006-12-05,1,0,2006:2
Pattie Gonia,2,2026-03-17,2026-03-17,2,0,2026:2
Paul Kelly,2,2017-07-06,2017-07-06,2,0,2017:2
Paul Lincke;Schwanen Salon Orchestra,2,2011-06-14,2011-06-17,1,0,2011:2
Paul Wall,2,2008-01-05,2009-12-21,1,0,2008:1|2009:1
Paul Young,2,2014-01-12,2014-01-13,1,0,2014:2
Paulina Isaac,2,2015-11-26,2016-02-03,1,0,2015:1|2016:1
PawPaw Rod,2,2020-10-20,2020-12-07,1,0,2020:2
Peach Club,2,2019-08-28,2019-08-29,1,0,2019:2
Peach PRC,2,2022-09-07,2022-09-20,1,0,2022:2
Pedro Bromfman,2,2015-11-30,2015-11-30,2,0,2015:2
Pedro the Lion,2,2019-09-30,2024-07-13,2,0,2019:1|2024:1
Pegase,2,2013-04-08,2013-08-10,1,0,2013:2
Pekka Juhani Hannikainen,2,2021-12-24,2021-12-24,1,0,2021:2
Percept,2,2012-07-15,2012-07-15,1,0,2012:2
Permaculti,2,2021-02-25,2021-03-06,1,0,2021:2
Permanent Moves,2,2024-04-26,2024-04-27,2,0,2024:2
Pertti Kurikan Nimipäivät,2,2025-02-10,2025-02-10,1,0,2025:2
Pesso,2,2023-07-07,2024-04-18,2,0,2023:1|2024:1
Pete Josef,2,2017-10-27,2017-10-27,2,0,2017:2
Peter Ciluzzi,2,2014-12-29,2015-12-09,1,0,2014:1|2015:1
Peter Gabriel,2,2006-09-19,2023-02-23,2,0,2006:1|2023:1
Peter Sandberg,2,2017-11-28,2017-11-28,2,0,2017:2
Peter Silberman,2,2017-04-05,2017-09-04,1,0,2017:2
"Peter Somuah, Delasi",2,2024-07-06,2024-10-05,1,0,2024:2
Peter Tosh,2,2015-12-07,2015-12-08,2,0,2015:2
"Petite Noir, Sampa the Great",2,2025-01-13,2025-01-13,2,0,2025:2
Petri Laaksonen,2,2021-12-24,2021-12-24,1,0,2021:2
Petrus Kähkönen,2,2020-10-24,2020-10-24,1,0,2020:2
Pharoah Sanders,2,2019-08-08,2022-12-11,2,0,2019:1|2022:1
Phats & Small vs. The Cube Guys,2,2012-07-13,2012-07-14,1,0,2012:2
Phem,2,2019-10-01,2019-10-05,1,0,2019:2
Phil Mison,2,2012-05-27,2013-02-16,2,0,2012:1|2013:1
Phil Oakey,2,2013-06-15,2013-06-15,2,0,2013:2
Philly's Most Wanted,2,2010-02-05,2010-04-02,1,0,2010:2
Philthy Chit,2,2016-01-11,2016-02-02,1,0,2016:2
Phoebe Go,2,2023-11-12,2023-11-12,1,0,2023:2
Piano Aqueux,2,2022-10-04,2022-10-22,1,0,2022:2
Pierre de Maere,2,2025-11-25,2025-11-25,2,0,2025:2
"Pieter Schoeman, Vesselin Gellev, London Philharmonic Orchestra and David Parry",2,2011-06-15,2011-06-17,1,0,2011:2
Pinegrove,2,2023-07-30,2023-07-30,1,0,2023:2
Pip Millett,2,2026-04-07,2026-04-08,2,0,2026:2
Piso 21,2,2017-09-20,2017-09-20,2,0,2017:2
Pity Party (Girls Club),2,2021-01-17,2023-10-21,2,0,2021:1|2023:1
Pizzagirl,2,2019-09-09,2019-09-09,1,0,2019:2
Plaid,2,2026-05-04,2026-06-03,2,0,2026:2
Plearn Promdan,2,2015-08-18,2015-09-29,1,0,2015:2
Pluralone,2,2022-02-15,2022-09-04,1,0,2022:2
Plutonium 74,2,2013-04-12,2013-04-12,2,0,2013:2
Plàsi,2,2017-12-27,2021-08-22,2,0,2017:1|2021:1
PNFA,2,2013-02-16,2013-02-16,2,0,2013:2
Poe,2,2017-01-10,2020-10-03,1,0,2017:1|2020:1
Poloneius Pluck,2,2013-08-26,2013-08-26,1,0,2013:2
Pomplamoose,2,2023-10-30,2023-10-30,1,0,2023:2
poolfire,2,2021-12-27,2022-02-19,1,0,2021:1|2022:1
Pop Will Eat Itself,2,2009-12-24,2025-07-12,2,0,2009:1|2025:1
Populous,2,2017-10-18,2017-10-20,1,0,2017:2
Portico Quartet,2,2015-08-18,2017-12-07,2,0,2015:1|2017:1
Portion Boys,2,2022-08-21,2026-04-02,2,0,2022:1|2026:1
"Post Malone, Luke Combs",2,2024-08-02,2024-08-17,1,0,2024:2
Prateek Kuhad,2,2020-10-13,2020-10-21,1,0,2020:2
Prefuse 73,2,2015-12-02,2026-06-05,2,0,2015:1|2026:1
Prigida,2,2022-06-17,2022-06-17,2,0,2022:2
Primitive Radio Gods,2,2013-08-21,2017-01-12,1,0,2013:1|2017:1
Prince Douglas,2,2022-04-09,2022-04-09,1,0,2022:2
Prince Jazzbo,2,2022-04-08,2022-04-09,2,0,2022:2
"Prince, The Revolution",2,2025-06-25,2025-07-08,2,0,2025:2
Professor Green,2,2010-05-31,2010-06-06,1,0,2010:2
Propagandhi,2,2026-09-04,2026-09-04,1,0,2026:2
Psy 4 de la Rime,2,2025-09-22,2025-09-25,1,0,2025:2
Psychonaut,2,2012-07-15,2012-07-15,1,0,2012:2
Pugilist,2,2022-02-15,2023-02-14,2,0,2022:1|2023:1
Puscifer,2,2007-12-09,2009-02-07,1,0,2007:1|2009:1
Pyry,2,2023-12-24,2023-12-24,1,0,2023:2
Pää Kii,2,2013-04-07,2013-04-07,2,0,2013:2
Pöllöt,2,2021-01-08,2021-01-08,2,0,2021:2
Q-Tip,2,2009-11-14,2017-09-26,2,0,2009:1|2017:1
QQUN,2,2025-07-24,2025-07-24,2,0,2025:2
Quad City DJ's,2,2013-03-07,2013-03-26,1,0,2013:2
Quasimoto,2,2012-04-14,2018-01-04,2,0,2012:1|2018:1
"Quavo, Lana Del Rey",2,2024-07-10,2024-07-10,1,0,2024:2
"Quavo, Yeat, BNYX®",2,2025-12-19,2025-12-23,1,0,2025:2
Queen Latifah,2,2007-12-09,2026-02-20,2,0,2007:1|2026:1
Quelle Chris,2,2019-05-13,2026-02-03,2,0,2019:1|2026:1
Quiet Company,2,2012-12-23,2013-08-19,2,0,2012:1|2013:1
Quinn Christopherson,2,2019-08-19,2019-08-19,1,0,2019:2
Quinn XCII,2,2020-12-31,2021-03-04,1,0,2020:1|2021:1
Quivers,2,2019-07-15,2019-07-18,1,0,2019:2
R23X,2,2017-04-05,2017-09-04,1,0,2017:2
"R3HAB, Jason Derulo",2,2024-08-03,2024-08-07,1,0,2024:2
RABBIT CULT,2,2025-05-04,2025-05-04,2,0,2025:2
Rachel Bobbitt,2,2025-01-13,2026-03-23,2,0,2025:1|2026:1
Radhika,2,2026-08-26,2026-08-26,2,0,2026:2
RAFFAELLA,2,2023-07-11,2023-07-11,1,0,2023:2
Ralph Castelli,2,2020-10-14,2026-04-17,2,0,2020:1|2026:1
Ramin Djawadi,2,2017-05-31,2017-06-14,2,0,2017:2
Rammor,2,2023-03-09,2023-03-09,1,0,2023:2
Ramses II,2,2022-11-04,2025-02-15,2,0,2022:1|2025:1
Ransom,2,2022-07-28,2022-08-08,1,0,2022:2
Raphael Lake,2,2021-12-12,2021-12-12,1,0,2021:2
"Rapi Sati, Couli B",2,2025-02-18,2025-02-19,1,0,2025:2
Raq Baby,2,2025-12-01,2025-12-01,2,0,2025:2
Rasmus Faber,2,2012-08-27,2019-05-17,2,0,2012:1|2019:1
Raumskaya,2,2014-12-09,2017-05-02,1,0,2014:1|2017:1
Raury,2,2014-11-19,2015-12-16,1,0,2014:1|2015:1
"Raveena, JPEGMAFIA",2,2024-07-17,2024-07-18,1,0,2024:2
Ray Barretto,2,2017-09-12,2017-09-18,1,0,2017:2
Ray Bull,2,2023-12-25,2023-12-25,1,0,2023:2
Ray Laurél,2,2022-06-13,2022-06-17,1,0,2022:2
Ray Lavender,2,2008-01-20,2008-09-21,1,0,2008:2
Ray Vaughn,2,2022-08-08,2026-02-03,2,0,2022:1|2026:1
"RAYE, 070 Shake",2,2024-07-10,2024-07-27,1,0,2024:2
RDM ft. Augusto Enriquez,2,2009-12-06,2010-12-13,1,0,2009:1|2010:1
Real Boston Richey,2,2023-01-01,2023-01-01,1,0,2023:2
Rebecca Ferguson,2,2012-08-04,2014-01-12,2,0,2012:1|2014:1
"Rebeka Warrior, Kompromat, Vitalic",2,2025-07-16,2025-11-30,1,0,2025:2
Recondite,2,2014-09-21,2014-12-29,2,0,2014:2
Red Sebastian,2,2025-03-19,2025-05-19,1,0,2025:2
Redlight,2,2012-08-29,2013-08-27,1,0,2012:1|2013:1
Redondo,2,2015-09-24,2015-09-24,2,0,2015:2
"REED, Stixx",2,2024-08-07,2024-08-08,1,0,2024:2
Reginald Omas Mamode IV,2,2019-05-10,2020-07-30,2,0,2019:1|2020:1
Relax,2,2009-07-29,2009-07-30,1,0,2009:2
Relaxing Music Therapy,2,2021-10-20,2021-10-20,2,0,2021:2
Rena Jones,2,2015-11-26,2016-02-03,1,0,2015:1|2016:1
REO Speedwagon,2,2013-03-06,2013-08-21,2,0,2013:2
Reporter,2,2012-12-20,2013-05-30,1,0,2012:1|2013:1
Resolve,2,2023-09-16,2023-09-16,1,0,2023:2
"Reuben Vincent, 9th Wonder, Wale",2,2025-12-31,2025-12-31,1,0,2025:2
Revenu,2,2015-12-14,2017-10-24,2,0,2015:1|2017:1
"Revers Gagnant, Matild",2,2024-07-12,2025-07-24,1,0,2024:1|2025:1
Rewards,2,2012-07-20,2015-11-26,1,0,2012:1|2015:1
Riccardo Drigo;Schwanen Salon Orchestra,2,2011-06-14,2011-06-17,1,0,2011:2
Richard Ashcroft,2,2012-05-13,2025-11-12,2,0,2012:1|2025:1
Richie Havens,2,2008-01-26,2010-03-26,1,0,2008:1|2010:1
Ride,2,2017-04-12,2023-08-12,2,0,2017:1|2023:1
Ridsa,2,2025-10-23,2025-11-24,1,0,2025:2
Rio Romeo,2,2023-06-05,2023-06-07,1,0,2023:2
Ritual,2,2015-09-03,2015-09-04,1,0,2015:2
Riva,2,2008-12-29,2008-12-29,2,0,2008:2
Rixton,2,2014-12-22,2015-07-03,2,0,2014:1|2015:1
RKCB,2,2019-09-05,2019-10-28,2,0,2019:2
"RMS, Riti Suresh",2,2025-12-31,2025-12-31,1,0,2025:2
"Robert Glasper, Q-Tip, Esperanza Spalding",2,2024-07-06,2024-10-05,1,0,2024:2
Robert Lowe,2,2021-01-30,2021-02-18,1,0,2021:2
Robert Plant,2,2025-11-12,2025-11-12,2,0,2025:2
Robert Stolz;Schwanen Salon Orchestra,2,2011-06-14,2011-06-17,1,0,2011:2
Roberto Menescal E Seu Conjunto,2,2007-03-31,2010-02-05,1,0,2007:1|2010:1
Roberto Roena,2,2012-07-03,2015-12-16,2,0,2012:1|2015:1
"Robin Schulz, Izzy Bizu",2,2024-08-03,2024-08-07,1,0,2024:2
Rocco DeLuca,2,2008-01-05,2008-01-27,1,0,2008:2
Rochelle Jordan,2,2025-10-13,2025-10-13,2,0,2025:2
Rocé,2,2025-07-16,2025-11-30,1,0,2025:2
Rod Taylor,2,2008-01-27,2008-01-27,1,0,2008:2
Rodney Atkins,2,2012-05-07,2012-06-29,1,0,2012:2
Rodrigo y Gabriela,2,2015-09-07,2015-09-08,1,0,2015:2
Roe Kapara,2,2023-11-26,2023-11-26,1,0,2023:2
Roger Bart,2,2012-07-22,2013-05-07,1,0,2012:1|2013:1
Roger St. Denis,2,2013-08-20,2013-08-21,1,0,2013:2
Roger Voudouris,2,2010-10-24,2010-11-21,1,0,2010:2
Rogério Duprat,2,2017-06-13,2017-06-13,2,0,2017:2
Rogê,2,2023-02-05,2024-07-14,2,0,2023:1|2024:1
"Rohff, Natty",2,2025-09-22,2025-09-25,1,0,2025:2
Roll Deep,2,2010-05-30,2010-06-03,1,0,2010:2
Romy,2,2024-01-17,2025-06-09,2,0,2024:1|2025:1
Ronan Keating,2,2015-05-26,2021-09-16,1,0,2015:1|2021:1
Roni Back,2,2021-05-05,2024-10-06,1,0,2021:1|2024:1
rootKid,2,2023-03-09,2023-03-09,1,0,2023:2
Rosa Linn,2,2022-05-23,2026-05-17,1,0,2022:1|2026:1
"ROSALÍA, Yahritza Y Su Esencia",2,2026-01-03,2026-01-10,1,0,2026:2
Ross Lynch,2,2023-12-20,2023-12-20,1,0,2023:2
Rough Fields,2,2014-12-09,2015-08-17,1,0,2014:1|2015:1
Roxy Tones,2,2023-03-09,2023-03-09,1,0,2023:2
"Royce da 5'9""",2,2020-02-18,2025-08-08,2,0,2020:1|2025:1
Rozwell,2,2019-10-01,2019-10-05,1,0,2019:2
Rozzi Daime,2,2009-08-14,2012-04-26,1,0,2009:1|2012:1
rRoxymore,2,2019-10-01,2019-10-05,1,0,2019:2
Ruby Sue,2,2023-12-28,2023-12-28,1,0,2023:2
Ruby Waters,2,2020-12-19,2021-03-01,1,0,2020:1|2021:1
Ruca,2,2022-10-22,2022-10-22,2,0,2022:2
Rude Nala,2,2020-08-03,2020-08-03,1,0,2020:2
Rudolf Sieczynski;Schwanen Salon Orchestra,2,2011-06-14,2011-06-17,1,0,2011:2
Ruggero Leoncavallo;Schwanen Salon Orchestra,2,2011-06-14,2011-06-14,2,0,2011:2
Run River North,2,2015-04-08,2015-12-04,1,0,2015:2
Runnner,2,2023-05-31,2025-01-13,2,0,2023:1|2025:1
Russ Liquid,2,2016-01-11,2016-02-02,1,0,2016:2
RVG,2,2023-07-30,2023-07-30,1,0,2023:2
Ryan Gosling,2,2024-04-22,2025-02-09,2,0,2024:1|2025:1
RYL0,2,2022-03-22,2022-03-22,1,0,2022:2
Räjäyttäjät,2,2017-06-11,2017-06-11,2,0,2017:2
S Club 7,2,2015-04-14,2015-11-17,1,0,2015:2
S.P.Y,2,2012-07-15,2012-07-15,1,0,2012:2
SAD DAD,2,2023-11-12,2023-11-12,1,0,2023:2
Saint Harison,2,2023-03-16,2023-03-19,1,0,2023:2
Saint Joshua,2,2022-02-09,2022-02-09,1,0,2022:2
Saint Motel,2,2017-07-06,2017-07-06,2,0,2017:2
Saint Sister,2,2019-11-26,2019-11-26,2,0,2019:2
Sak Noel,2,2013-03-16,2013-05-05,2,0,2013:2
Sal Da Vinci,2,2026-04-15,2026-04-16,1,0,2026:2
Salt Tree,2,2024-01-11,2024-01-11,1,0,2024:2
Sam Amidon,2,2015-09-08,2015-11-25,2,0,2015:2
Sam Ezeh,2,2020-11-27,2021-03-01,1,0,2020:1|2021:1
"Sam Fender, Olivia Dean",2,2025-08-13,2025-10-31,1,0,2025:2
Sam Lynch,2,2020-10-13,2020-10-21,1,0,2020:2
Sam Sparro,2,2009-08-07,2013-11-24,2,0,2009:1|2013:1
Samaria,2,2021-05-05,2021-09-25,2,0,2021:2
Samiyam,2,2015-12-02,2015-12-02,2,0,2015:2
Sammy Babitzin,2,2021-04-09,2021-04-09,2,0,2021:2
"Sammy Davis, Jr.",2,2008-12-29,2008-12-29,2,0,2008:2
sammy rash,2,2021-05-03,2022-09-20,2,0,2021:1|2022:1
Sampa the Great,2,2018-01-04,2026-03-23,2,0,2018:1|2026:1
Samuel Miller,2,2023-03-09,2023-03-09,1,0,2023:2
Samuel Shipway,2,2021-08-08,2021-08-09,1,0,2021:2
Samuli Edelmann,2,2017-04-02,2023-06-03,2,0,2017:1|2023:1
Sandro Cavazza,2,2020-12-31,2021-03-04,1,0,2020:1|2021:1
Sandy Denny,2,2013-03-07,2024-07-06,2,0,2013:1|2024:1
Sarah Vaughan,2,2008-07-25,2014-11-23,2,0,2008:1|2014:1
Sascha Dive,2,2012-05-31,2013-02-06,1,0,2012:1|2013:1
Sash!,2,2025-03-14,2025-03-14,2,0,2025:2
Saturday night jazz & soul,2,2006-11-09,2006-11-20,2,0,2006:2
Saul Williams,2,2026-08-06,2026-08-07,2,0,2026:2
"Saule, Antoine Delie",2,2025-04-07,2025-10-17,1,0,2025:2
Savages,2,2013-09-21,2019-09-18,2,0,2013:1|2019:1
Savastino Contempi,2,2015-11-26,2016-02-05,1,0,2015:1|2016:1
Schiller,2,2013-05-16,2026-08-24,2,0,2013:1|2026:1
Schwanen Salon Orchestra;Luigi Arditi,2,2011-06-14,2011-06-17,1,0,2011:2
Scone Cash Players,2,2022-09-26,2026-06-05,1,0,2022:1|2026:1
Scott Matthews,2,2013-01-16,2015-03-23,2,0,2013:1|2015:1
Scott McKenzie,2,2009-12-12,2010-03-29,1,0,2009:1|2010:1
Scotty McCreery,2,2014-05-27,2014-05-28,1,0,2014:2
Scruffs,2,2021-12-03,2021-12-05,1,0,2021:2
Scuba,2,2012-07-15,2012-07-15,1,0,2012:2
Sea Girls,2,2019-08-28,2024-01-14,2,0,2019:1|2024:1
Seb Wildblood,2,2021-12-29,2023-02-10,2,0,2021:1|2023:1
Sebadoh,2,2013-09-21,2026-07-16,2,0,2013:1|2026:1
Secos & Molhados,2,2017-06-13,2017-06-13,2,0,2017:2
Sefyu,2,2025-09-22,2025-09-22,2,0,2025:2
Seizo,2,2017-05-22,2017-10-21,1,0,2017:2
Seki,2,2023-01-16,2023-01-16,1,0,2023:2
Selena Gomez & the Scene,2,2021-09-17,2025-07-19,2,0,2021:1|2025:1
Sepalcure,2,2012-07-15,2012-07-15,1,0,2012:2
September,2,2010-11-27,2010-12-13,1,0,2010:2
Serena Isioma,2,2021-08-02,2021-08-04,1,0,2021:2
serpentwithfeet,2,2026-06-03,2026-08-19,2,0,2026:2
Sessa,2,2024-07-14,2026-06-05,2,0,2024:1|2026:1
Seth XVI,2,2025-09-08,2025-09-08,1,0,2025:2
Seu Seppie,2,2014-12-09,2017-05-02,1,0,2014:1|2017:1
Seun Kuti & Fela 'Egypt80,2,2013-12-11,2013-12-11,2,0,2013:2
Seven Dub,2,2021-04-11,2024-09-09,2,0,2021:1|2024:1
Seven Lions,2,2017-09-18,2017-09-18,2,0,2017:2
Seventeen,2,2025-06-03,2025-06-03,1,0,2025:2
Sex Week,2,2023-11-12,2023-11-12,1,0,2023:2
"Sexy Sushi, Rebeka Warrior, Mitch Silver",2,2025-07-16,2025-11-30,1,0,2025:2
Sgo,2,2023-11-12,2023-11-12,1,0,2023:2
Shabazz Palaces,2,2015-12-14,2026-03-13,2,0,2015:1|2026:1
"Shakira, Cardi B",2,2024-07-01,2024-07-05,1,0,2024:2
"Shakira, Ed Sheeran, Beéle",2,2025-12-19,2025-12-23,1,0,2025:2
Shalimar,2,2006-11-16,2008-07-25,1,0,2006:1|2008:1
Shallou,2,2017-05-23,2022-06-17,1,0,2017:1|2022:1
Shallow Alcove,2,2023-11-12,2023-11-12,1,0,2023:2
Shankar-Ehsaan-Loy,2,2021-07-19,2021-07-19,2,0,2021:2
Shantel,2,2026-05-25,2026-05-25,2,0,2026:2
Shapeshifters,2,2012-05-03,2012-08-27,1,0,2012:2
Sharon Jones and the Dap-Kings,2,2009-10-09,2026-06-05,2,0,2009:1|2026:1
Sharp Circle,2,2021-07-31,2022-04-21,2,0,2021:1|2022:1
Shaun,2,2023-03-09,2023-03-09,1,0,2023:2
Shazz ft Ken Norris,2,2007-10-20,2008-10-14,1,0,2007:1|2008:1
She & Him,2,2012-12-23,2012-12-23,2,0,2012:2
Sheila Hylton,2,2022-04-09,2022-04-09,1,0,2022:2
Sherren Olivia,2,2022-02-09,2022-02-09,1,0,2022:2
Shine 2009,2,2017-10-26,2017-10-26,2,0,2017:2
Shinichi Osawa,2,2008-07-25,2008-08-11,1,0,2008:2
Shkodra Elektronike,2,2025-03-19,2025-05-19,1,0,2025:2
Shooter Jennings,2,2009-11-30,2011-09-09,1,0,2009:1|2011:1
Shoreline,2,2023-09-16,2023-09-16,1,0,2023:2
Shovels & Rope,2,2017-10-24,2021-01-30,2,0,2017:1|2021:1
Shy'm,2,2025-12-02,2025-12-02,2,0,2025:2
"Sia, Chaka Khan",2,2024-08-02,2024-09-16,1,0,2024:2
Sick Individuals,2,2019-06-06,2021-03-15,2,0,2019:1|2021:1
Sid Sriram,2,2023-06-04,2023-06-05,1,0,2023:2
Sidney Miller,2,2009-08-14,2009-08-14,1,0,2009:2
Sierra Hull,2,2026-01-29,2026-09-05,2,0,2026:2
Sierra Leone's Refugee All Stars,2,2013-06-29,2013-06-29,2,0,2013:2
"Siete7x, Big Sad 1900",2,2025-12-31,2025-12-31,1,0,2025:2
sign crushes motorist,2,2024-01-16,2024-01-16,1,0,2024:2
Signum,2,2012-05-27,2012-05-27,1,0,2012:2
Silvana Estrada,2,2025-07-31,2026-01-12,2,0,2025:1|2026:1
Silver Torches,2,2017-10-18,2017-10-20,1,0,2017:2
Simon Dupree & The Big Sound,2,2009-12-12,2012-09-16,1,0,2009:1|2012:1
Simone & Simaria,2,2017-06-27,2017-06-27,2,0,2017:2
Simone Felice,2,2015-03-30,2015-04-08,1,0,2015:2
Simple Minds,2,2014-01-12,2026-02-20,2,0,2014:1|2026:1
Simpson,2,2020-07-30,2020-12-19,2,0,2020:2
Sinclair,2,2025-02-06,2025-02-06,1,0,2025:2
Siobhán Winifred,2,2024-01-14,2024-06-09,2,0,2024:2
Sir Was,2,2023-09-28,2024-06-17,2,0,2023:1|2024:1
Skepta,2,2019-05-16,2019-05-17,1,0,2019:2
SLAUSON MALONE 1,2,2026-08-19,2026-08-19,2,0,2026:2
Sleeper Agent,2,2012-05-14,2012-05-14,2,0,2012:2
Sleeping Jesus,2,2022-08-25,2022-10-06,1,0,2022:2
Sleeping With Sirens,2,2025-07-29,2025-07-29,2,0,2025:2
Slint,2,2014-07-26,2026-07-16,2,0,2014:1|2026:1
Sloane Simon,2,2026-01-20,2026-01-24,1,0,2026:2
slowthai,2,2026-03-23,2026-03-23,2,0,2026:2
slushii,2,2017-11-27,2017-11-27,1,0,2017:2
Sløtface,2,2024-03-11,2024-04-30,2,0,2024:2
Small Black,2,2020-10-14,2026-06-08,2,0,2020:1|2026:1
Smallpools,2,2019-09-04,2019-09-04,2,0,2019:2
Smashing Pumpkins,2,2025-07-17,2025-10-14,2,0,2025:2
Smino,2,2018-01-04,2022-10-03,2,0,2018:1|2022:1
smol fish,2,2024-02-15,2024-02-15,1,0,2024:2
Smoothboi Ezra,2,2020-11-27,2020-12-31,1,0,2020:2
Snakehips,2,2017-02-24,2019-11-27,2,0,2017:1|2019:1
Snap,2,2009-02-01,2010-04-12,1,0,2009:1|2010:1
snow ellet,2,2023-01-16,2023-01-16,1,0,2023:2
Snowy White,2,2022-04-20,2022-04-20,2,0,2022:2
Socratic,2,2013-01-18,2013-04-18,1,0,2013:2
Sofi Tukker,2,2022-06-17,2023-07-27,2,0,2022:1|2023:1
Sofia Kourtesis,2,2021-02-25,2023-07-11,2,0,2021:1|2023:1
Softee,2,2020-12-03,2023-05-08,2,0,2020:1|2023:1
Soho,2,2019-09-18,2019-09-18,2,0,2019:2
Sol Calor,2,2017-12-04,2017-12-04,2,0,2017:2
Solange,2,2013-04-07,2013-04-07,2,0,2013:2
Solar Fields,2,2014-04-30,2026-08-24,2,0,2014:1|2026:1
Solar Stone,2,2012-07-28,2012-07-29,1,0,2012:2
Solid Base,2,2012-10-26,2012-10-26,2,0,2012:2
Solid Sessions,2,2016-01-11,2016-02-02,1,0,2016:2
Solitaire,2,2012-08-28,2012-08-28,2,0,2012:2
Songhoy Blues,2,2015-04-20,2020-12-09,2,0,2015:1|2020:1
Soot Sprite,2,2019-09-03,2021-09-25,2,0,2019:1|2021:1
Soothing Sounds,2,2015-11-26,2016-02-05,1,0,2015:1|2016:1
Sophie Ellis-Bextor,2,2008-10-16,2026-04-17,2,0,2008:1|2026:1
Sophie Powers,2,2026-07-31,2026-08-21,2,0,2026:2
"Souf, Hassan",2,2025-02-20,2025-02-22,1,0,2025:2
Soul Hooligan,2,2006-09-17,2009-10-14,1,0,2006:1|2009:1
Soul Secret,2,2015-11-26,2015-11-26,2,0,2015:2
Soul Supreme,2,2024-07-06,2024-10-05,1,0,2024:2
SoulAvenue,2,2015-11-26,2016-02-05,1,0,2015:1|2016:1
Soulchef,2,2019-09-18,2019-09-18,2,0,2019:2
Sound of R.E.L.S.,2,2009-02-07,2010-03-02,2,0,2009:1|2010:1
Sounds from the Ground,2,2013-05-16,2013-06-01,2,0,2013:2
Southside Johnny & The Asbury Jukes,2,2012-05-31,2012-05-31,1,0,2012:2
Spa Music Collective,2,2016-02-04,2016-02-04,2,0,2016:2
Space Captain,2,2017-09-01,2017-10-25,1,0,2017:2
Spanish Love Songs,2,2023-07-11,2023-07-11,1,0,2023:2
Speedy Ortiz,2,2023-11-30,2023-11-30,1,0,2023:2
Speelburg,2,2019-09-09,2019-09-09,1,0,2019:2
SPELLLING,2,2025-05-28,2025-06-02,1,0,2025:2
Spencer Burton,2,2017-10-18,2017-10-20,1,0,2017:2
Spencer Cullum,2,2020-10-21,2020-11-15,2,0,2020:2
"Spencer Cullum, Erin Rae",2,2024-11-04,2024-11-14,1,0,2024:2
Spirit Ghost,2,2023-11-12,2023-11-12,1,0,2023:2
Spiritual Fitness Music,2,2012-09-17,2012-09-18,2,0,2012:2
squiid,2,2020-04-14,2020-04-14,2,0,2020:2
SSSWATERBÖI,2,2023-12-28,2023-12-28,1,0,2023:2
Stacy Epps,2,2009-08-14,2012-04-26,1,0,2009:1|2012:1
Staggr,2,2021-12-03,2021-12-05,1,0,2021:2
Stan Forebee,2,2019-09-18,2019-09-18,2,0,2019:2
Stan Getz & Luiz Bonfá,2,2006-03-30,2010-02-05,1,0,2006:1|2010:1
"Stan Getz, Antonio Carlos Jobim, João Gilberto",2,2007-09-21,2010-02-05,1,0,2007:1|2010:1
Stars in Coma,2,2012-10-23,2012-10-23,2,0,2012:2
State of Sound,2,2017-11-23,2017-11-23,2,0,2017:2
State Radio,2,2009-10-09,2015-08-24,2,0,2009:1|2015:1
Steely Dan,2,2024-07-31,2025-08-08,2,0,2024:1|2025:1
Stella Donnelly,2,2025-01-30,2025-01-30,2,0,2025:2
Stephane Legar,2,2025-02-20,2025-02-22,1,0,2025:2
Stephane Pompougnac with Nicole Graham,2,2011-01-19,2013-01-18,1,0,2011:1|2013:1
Steve Angello,2,2017-09-18,2017-09-18,2,0,2017:2
Steve Harley & Cockney Rebel,2,2007-07-25,2007-08-07,1,0,2007:2
Steve Reich,2,2017-04-04,2017-07-12,1,0,2017:2
Steve Wynn & The Miracle 3,2,2021-03-27,2021-03-27,1,0,2021:2
Steven Tyler,2,2013-09-30,2015-01-17,1,0,2013:1|2015:1
Stevie Ray Vaughan and Double Trouble,2,2010-08-18,2012-04-26,1,0,2010:1|2012:1
Still,2,2007-12-09,2010-01-03,1,0,2007:1|2010:1
Still Corners,2,2025-04-07,2025-10-31,2,0,2025:2
StoneBridge,2,2012-05-27,2012-05-27,1,0,2012:2
Stooshe,2,2012-08-28,2013-09-23,1,0,2012:1|2013:1
Stornoway,2,2015-12-01,2015-12-04,1,0,2015:2
StoryBots,2,2021-10-03,2021-12-12,2,0,2021:2
Stranger Cole,2,2022-04-09,2022-10-21,2,0,2022:2
Strawberry Alarm Clock,2,2009-12-12,2012-09-16,1,0,2009:1|2012:1
Strawberry Guy,2,2024-01-16,2024-01-16,1,0,2024:2
Stray Kids,2,2021-12-24,2024-07-16,2,0,2021:1|2024:1
Stunna Gambino,2,2021-12-12,2021-12-12,1,0,2021:2
Stupid Hobby,2,2023-01-16,2023-01-16,1,0,2023:2
Stuzzi,2,2023-09-19,2023-09-19,1,0,2023:2
Suad,2,2019-09-02,2021-09-14,2,0,2019:1|2021:1
Sub Urban,2,2020-10-03,2020-10-09,1,0,2020:2
"Sufjan Stevens, Bryce Dessner, Nico Muhly, James McAlister",2,2025-03-03,2025-03-03,1,0,2025:2
Sugar Candy Mountain,2,2022-08-24,2022-09-04,1,0,2022:2
SUKISHA,2,2019-08-23,2019-08-23,2,0,2019:2
"Sumac, Moor Mother",2,2025-05-28,2025-06-02,1,0,2025:2
Summercamp,2,2017-03-27,2022-11-27,1,0,2017:1|2022:1
Sun June,2,2020-12-31,2020-12-31,1,0,2020:2
Sunparlour Players,2,2015-03-30,2015-03-31,1,0,2015:2
Superfan,2,2023-07-11,2023-07-11,1,0,2023:2
Superfunk,2,2012-08-27,2013-01-24,1,0,2012:1|2013:1
supergold,2,2024-03-01,2024-03-01,1,0,2024:2
SuperParka,2,2019-09-25,2019-09-25,1,0,2019:2
Supreme Beings of Leisure,2,2009-04-11,2013-11-17,2,0,2009:1|2013:1
Susan Egan,2,2012-07-22,2019-05-13,2,0,2012:1|2019:1
Susto,2,2023-05-18,2023-05-18,1,0,2023:2
Sven Tasnadi,2,2014-12-10,2019-08-28,2,0,2014:1|2019:1
Swanky Tunes,2,2017-04-13,2017-10-21,1,0,2017:2
Swim Deep,2,2023-07-30,2023-10-10,2,0,2023:2
Swimming Tapes,2,2017-10-24,2019-07-21,2,0,2017:1|2019:1
Switchfoot,2,2009-06-14,2012-06-13,2,0,2009:1|2012:1
Synthetic Epiphany,2,2013-03-04,2013-06-01,2,0,2013:2
Systema Solar,2,2017-09-20,2017-09-20,2,0,2017:2
T-Wayne,2,2015-05-27,2015-07-03,1,0,2015:2
Taela,2,2022-02-15,2026-08-03,2,0,2022:1|2026:1
Tafubar,2,2013-11-17,2021-04-10,1,0,2013:1|2021:1
Taj Mahal & Toumani Diabate,2,2013-06-29,2013-06-29,1,0,2013:2
Take Care,2,2023-12-04,2023-12-04,1,0,2023:2
Takuya Kuroda,2,2017-09-12,2022-09-26,2,0,2017:1|2022:1
Tal Bachman,2,2012-12-06,2013-09-23,1,0,2012:1|2013:1
Talk,2,2023-01-18,2023-01-18,1,0,2023:2
Tamara Živković,2,2026-04-15,2026-04-16,1,0,2026:2
Tanner Adell,2,2026-08-07,2026-08-07,2,0,2026:2
Tao Lounge,2,2015-11-26,2015-12-03,1,0,2015:2
Tara Clerkin Trio,2,2026-06-08,2026-06-08,2,0,2026:2
Tasha,2,2020-12-19,2023-12-08,2,0,2020:1|2023:1
Tawiah,2,2009-08-14,2017-09-01,2,0,2009:1|2017:1
"Taylor Swift, Colbie Caillat",2,2024-07-29,2024-11-05,1,0,2024:2
"Taylor Swift, Ed Sheeran, Future",2,2025-07-25,2025-09-13,1,0,2025:2
Tchami,2,2015-09-24,2022-11-17,2,0,2015:1|2022:1
TEEMID,2,2022-06-14,2022-06-17,2,0,2022:2
Teini-Pää,2,2023-07-30,2023-07-30,1,0,2023:2
Teipah,2,2014-12-09,2017-05-02,1,0,2014:1|2017:1
Teleks,2,2020-12-24,2021-12-24,1,0,2020:1|2021:1
Tell,2,2021-12-29,2021-12-29,2,0,2021:2
Ten Walls,2,2014-12-29,2015-09-24,2,0,2014:1|2015:1
Tensnake,2,2012-05-03,2014-12-11,2,0,2012:1|2014:1
Tep No,2,2023-06-20,2023-06-20,2,0,2023:2
Tero Koponen,2,2020-10-24,2020-10-24,1,0,2020:2
"Terrace Martin, Kenyon Dixon, Rapsody",2,2025-07-27,2025-08-12,1,0,2025:2
Teyana Taylor,2,2025-07-27,2025-08-12,1,0,2025:2
Thai McGrath,2,2026-03-26,2026-03-26,1,0,2026:2
The Album Leaf,2,2013-08-26,2024-11-14,2,0,2013:1|2024:1
The American Analog Set,2,2013-02-22,2024-01-15,2,0,2013:1|2024:1
The American Spirit,2,2015-03-20,2015-12-04,1,0,2015:2
"The Army, The Navy",2,2024-01-21,2024-01-21,1,0,2024:2
The Asteroids Galaxy Tour,2,2014-12-22,2026-03-27,2,0,2014:1|2026:1
The Ballroom Thieves,2,2017-09-21,2018-01-05,2,0,2017:1|2018:1
The Beatles Greatest Hits Performed By The Frank Berman Band,2,2012-12-19,2012-12-19,1,0,2012:2
The Bellas,2,2020-03-19,2020-03-19,2,0,2020:2
The Big Pink,2,2023-03-09,2023-03-09,1,0,2023:2
"The Black Keys, Beck",2,2024-12-29,2024-12-29,1,0,2024:2
The Blackbyrds,2,2017-04-06,2017-09-04,1,0,2017:2
The Blaze,2,2022-07-13,2026-09-02,1,0,2022:1|2026:1
"The Blessed Madonna, DJ E-Clyps",2,2024-08-03,2024-08-07,1,0,2024:2
The Box Tops,2,2009-12-12,2010-08-18,1,0,2009:1|2010:1
The Brand New Heavies,2,2010-08-07,2012-08-28,2,0,2010:1|2012:1
The Brother Brothers,2,2021-02-18,2021-03-06,2,0,2021:2
The Butlers,2,2023-11-22,2023-11-22,1,0,2023:2
The Carters,2,2020-02-18,2020-04-23,2,0,2020:2
The Cave Singers,2,2015-12-04,2017-09-21,2,0,2015:1|2017:1
The Charlatans,2,2017-04-12,2026-07-20,2,0,2017:1|2026:1
The Charmers,2,2022-04-09,2022-04-09,1,0,2022:2
The Chicks,2,2021-07-25,2024-11-07,2,0,2021:1|2024:1
The Click Five,2,2007-10-02,2007-11-25,1,0,2007:2
The Dead Texan,2,2013-02-22,2024-11-04,2,0,2013:1|2024:1
The Dead Weather,2,2010-11-21,2010-11-21,2,0,2010:2
The Delfonics,2,2014-11-20,2015-11-18,2,0,2014:1|2015:1
The Deli,2,2017-11-28,2019-09-18,2,0,2017:1|2019:1
The DeLorean Sisters,2,2015-09-08,2015-11-16,2,0,2015:2
The Devil Makes Three,2,2015-03-23,2015-12-04,1,0,2015:2
The Dø,2,2012-07-19,2015-03-23,2,0,2012:1|2015:1
The Ensemble Al Salaam,2,2011-06-12,2011-06-17,1,0,2011:2
The Entelechia Society,2,2015-11-26,2016-02-05,1,0,2015:1|2016:1
The Expendables,2,2009-10-09,2009-10-09,2,0,2009:2
The Fearless Flyers,2,2022-09-26,2022-09-26,2,0,2022:2
The Felice Brothers,2,2010-11-28,2021-08-22,2,0,2010:1|2021:1
The fin.,2,2017-06-29,2019-08-23,2,0,2017:1|2019:1
The Four Tops,2,2015-11-17,2015-11-17,2,0,2015:2
The Funky Lowlives,2,2012-04-01,2012-05-28,1,0,2012:2
The Gap Band,2,2024-11-08,2024-12-02,2,0,2024:2
The Gaylads,2,2022-04-09,2022-10-21,1,0,2022:2
The Gourds,2,2015-09-07,2015-09-08,1,0,2015:2
The Gulls,2,2015-11-26,2016-02-03,1,0,2015:1|2016:1
The Hellacopters,2,2006-11-28,2007-09-29,2,0,2006:1|2007:1
The Heritage Orchestra,2,2009-08-14,2009-08-14,2,0,2009:2
The Higher,2,2013-03-15,2013-03-15,2,0,2013:2
The HillBenders,2,2015-09-08,2015-11-16,1,0,2015:2
The Hip Abduction,2,2017-10-17,2017-10-20,1,0,2017:2
The Hipster Image,2,2013-08-27,2013-08-27,1,0,2013:2
The Holy,2,2024-07-15,2024-07-15,1,0,2024:2
The House of Love,2,2026-07-15,2026-07-16,1,0,2026:2
The Human League,2,2008-01-13,2023-11-26,2,0,2008:1|2023:1
The Jacksons,2,2012-05-18,2012-07-25,2,0,2012:2
The Januaries,2,2012-05-14,2013-11-17,1,0,2012:1|2013:1
The Juan Maclean,2,2012-08-28,2026-04-28,2,0,2012:1|2026:1
The Jungle Giants,2,2021-08-02,2021-08-04,1,0,2021:2
The Kite String Tangle,2,2015-01-19,2015-09-03,2,0,2015:2
The Land of Rah,2,2020-10-12,2020-10-12,1,0,2020:2
The Last Poets,2,2020-09-03,2026-01-06,2,0,2020:1|2026:1
The Lemonheads,2,2015-09-03,2017-03-28,2,0,2015:1|2017:1
The Let Go,2,2022-03-29,2022-03-29,1,0,2022:2
The Libertines,2,2023-10-22,2026-07-16,2,0,2023:1|2026:1
The Life,2,2023-01-27,2023-07-17,2,0,2023:2
The Lightning Seeds,2,2022-11-27,2023-06-10,2,0,2022:1|2023:1
The Low Anthem,2,2015-01-24,2015-03-20,2,0,2015:2
The Maccabees,2,2013-02-15,2019-06-05,2,0,2013:1|2019:1
The Marvelettes,2,2015-11-17,2015-11-17,2,0,2015:2
The Mast,2,2015-09-03,2015-09-04,1,0,2015:2
"The National, Phoebe Bridgers",2,2024-09-29,2024-09-30,1,0,2024:2
The Native,2,2023-09-16,2023-09-16,1,0,2023:2
The Natural Yogurt Band,2,2022-09-26,2022-09-26,2,0,2022:2
The Necks,2,2026-01-23,2026-01-23,1,0,2026:2
The New Division,2,2012-07-20,2012-07-20,2,0,2012:2
The New Government,2,2012-04-08,2012-05-31,1,0,2012:2
The Ones,2,2012-08-27,2013-01-24,1,0,2012:1|2013:1
The Paragons,2,2022-10-21,2022-10-21,2,0,2022:2
The Pierces,2,2009-12-24,2013-08-26,2,0,2009:1|2013:1
The Pioneers,2,2022-04-09,2022-04-09,1,0,2022:2
The Platters,2,2012-12-19,2012-12-19,2,0,2012:2
The Plimsouls,2,2013-03-07,2013-05-13,1,0,2013:2
The Power Station,2,2026-01-27,2026-01-27,2,0,2026:2
The Pretty Littles,2,2014-12-17,2015-01-24,1,0,2014:1|2015:1
The Pretty Reckless,2,2010-05-31,2025-11-12,2,0,2010:1|2025:1
The Revels,2,2007-03-30,2010-04-29,1,0,2007:1|2010:1
The Revivalists,2,2022-02-18,2023-05-30,2,0,2022:1|2023:1
The Revolutionaries,2,2022-04-08,2022-10-21,2,0,2022:2
The Righteous Brothers,2,2007-01-14,2008-01-26,1,0,2007:1|2008:1
"The Roots ft. Common, Eryka Badu",2,2007-10-13,2008-09-20,1,0,2007:1|2008:1
The Rulers,2,2022-04-09,2022-04-09,2,0,2022:2
The Score,2,2022-02-18,2025-06-07,2,0,2022:1|2025:1
"THE SCOTTS, Travis Scott, Kid Cudi",2,2020-04-24,2020-05-12,1,0,2020:2
The Sherlocks,2,2025-06-09,2025-07-12,2,0,2025:2
The Shoes,2,2012-08-04,2014-01-15,1,0,2012:1|2014:1
The Sleep Specialist,2,2017-09-04,2017-09-04,2,0,2017:2
The Soft Pink Truth,2,2021-01-21,2023-05-08,2,0,2021:1|2023:1
The Soggy Bottom Boys,2,2006-11-18,2008-11-23,1,0,2006:1|2008:1
The Souljazz Orchestra,2,2009-10-09,2019-08-29,2,0,2009:1|2019:1
The Space Brothers,2,2012-05-27,2012-05-27,1,0,2012:2
The Spit Brothers,2,2012-07-15,2012-07-15,1,0,2012:2
The Staple Singers,2,2015-11-17,2017-10-22,2,0,2015:1|2017:1
The Statler Brothers,2,2007-04-25,2007-09-19,1,0,2007:2
The Steals,2,2012-05-27,2012-07-29,1,0,2012:2
The Strings,2,2014-09-21,2015-11-26,1,0,2014:1|2015:1
The Sure Fire Soul Ensemble,2,2022-09-26,2022-10-06,2,0,2022:2
The Teardrop Explodes,2,2023-11-26,2023-11-26,1,0,2023:2
The Tennors,2,2022-04-09,2022-10-21,1,0,2022:2
The The,2,2021-10-24,2024-09-10,2,0,2021:1|2024:1
The Trouble With Templeton,2,2013-03-22,2013-03-22,2,0,2013:2
The Twinkle Brothers,2,2022-04-09,2022-04-09,2,0,2022:2
The Valentines,2,2022-04-09,2022-04-09,1,0,2022:2
The Vapors,2,2013-03-06,2024-06-26,2,0,2013:1|2024:1
The Vines,2,2014-12-17,2015-01-24,1,0,2014:1|2015:1
The Wailers,2,2022-04-08,2022-10-21,1,0,2022:2
The Walkmen,2,2013-08-27,2026-06-01,2,0,2013:1|2026:1
The Waterboys,2,2009-08-10,2025-11-12,2,0,2009:1|2025:1
"The Weeknd, Anitta",2,2024-11-12,2024-12-28,1,0,2024:2
"The Weeknd, Ariana Grande",2,2024-07-20,2024-08-19,1,0,2024:2
"The Weeknd, Playboi Carti, Doechii",2,2025-05-30,2025-06-03,1,0,2025:2
The White Buffalo,2,2015-01-24,2015-03-19,1,0,2015:2
The Wild Magnolias,2,2008-10-10,2010-04-18,1,0,2008:1|2010:1
The Wild Reeds,2,2020-12-04,2020-12-06,1,0,2020:2
The Wind and the Wave,2,2015-11-16,2020-12-29,2,0,2015:1|2020:1
The Xcerts,2,2015-04-07,2023-02-01,2,0,2015:1|2023:1
The Young Veins,2,2012-05-14,2012-05-25,1,0,2012:2
Thee Oh Sees,2,2009-06-13,2015-04-20,2,0,2009:1|2015:1
Thematic Pianos,2,2017-05-23,2023-04-07,1,0,2017:1|2023:1
Theo Croker,2,2015-09-29,2022-09-26,2,0,2015:1|2022:1
"Theo Croker, Wyclef Jean",2,2024-10-05,2024-10-10,1,0,2024:2
Theo Evan,2,2025-03-19,2025-05-19,1,0,2025:2
Theophilus London,2,2013-01-13,2019-08-27,2,0,2013:1|2019:1
Therapy?,2,2015-09-03,2026-07-16,2,0,2015:1|2026:1
THEY.,2,2025-05-28,2025-06-02,1,0,2025:2
This Mortal Coil,2,2009-06-14,2026-07-16,2,0,2009:1|2026:1
thom.ko,2,2021-01-17,2022-06-14,2,0,2021:1|2022:1
Thomas Bergersen,2,2015-09-08,2017-09-29,2,0,2015:1|2017:1
Thomas Daniel,2,2017-12-27,2017-12-27,2,0,2017:2
Thomas Dybdahl,2,2013-02-16,2013-02-16,2,0,2013:2
THomie,2,2020-10-16,2020-10-20,1,0,2020:2
Thouxanbanfauni,2,2021-09-25,2023-10-23,2,0,2021:1|2023:1
Thrupence,2,2015-12-11,2016-01-11,2,0,2015:1|2016:1
Tierra Whack,2,2019-09-27,2020-07-30,2,0,2019:1|2020:1
Tiesto & Mark Knight feat. Dino,2,2012-07-13,2012-10-07,1,0,2012:2
Tiken Jah Fakoly,2,2013-06-29,2013-06-29,2,0,2013:2
Tillmann Uhrmacher,2,2012-05-27,2012-07-15,1,0,2012:2
Tim Bendzko,2,2026-04-30,2026-07-24,1,0,2026:2
Tim Reynolds,2,2012-05-11,2012-05-11,2,0,2012:2
Timeflies,2,2014-12-22,2015-09-09,2,0,2014:1|2015:1
"Timid, the Brave",2,2013-01-16,2013-01-20,1,0,2013:2
Timms,2,2021-12-03,2021-12-05,1,0,2021:2
Tin Sparrow,2,2015-03-20,2015-03-23,1,0,2015:2
Tindersticks,2,2024-09-10,2024-09-30,2,0,2024:2
Tino Contreras,2,2020-09-29,2022-12-04,1,0,2020:1|2022:1
TITUS BANK,2,2021-12-03,2021-12-05,1,0,2021:2
Tiwa Savage,2,2026-02-05,2026-02-05,1,0,2026:2
Tkay Maidza,2,2020-11-11,2023-11-07,2,0,2020:1|2023:1
To Kill a King,2,2014-12-14,2015-08-03,1,0,2014:1|2015:1
Tobias Jesso Jr.,2,2015-03-23,2024-08-09,1,0,2015:1|2024:1
Toby Rose,2,2023-03-09,2023-03-09,1,0,2023:2
Toby Sebastian,2,2023-12-18,2023-12-20,1,0,2023:2
"TobyMac, CeCe Winans",2,2025-06-03,2025-06-03,1,0,2025:2
together PANGEA,2,2022-03-29,2022-03-29,1,0,2022:2
Tohtori Orff & Herra Dalcroze,2,2022-04-23,2023-03-05,1,0,2022:1|2023:1
Tokoyo,2,2019-08-23,2019-08-23,2,0,2019:2
Tom Eno,2,2013-01-18,2021-04-09,1,0,2013:1|2021:1
Tom Novy,2,2012-08-28,2012-08-28,2,0,2012:2
Tom Oliver,2,2012-08-16,2013-01-20,1,0,2012:1|2013:1
Tom Rosenthal,2,2022-09-20,2023-07-24,2,0,2022:1|2023:1
Tom Skinner,2,2022-12-02,2022-12-12,1,0,2022:2
Tom Speight,2,2020-12-30,2021-08-22,2,0,2020:1|2021:1
Tom Tykwer,2,2016-02-04,2017-11-28,1,0,2016:1|2017:1
Tom Walker,2,2017-08-08,2022-04-29,2,0,2017:1|2022:1
TONYB.,2,2020-08-03,2020-08-03,1,0,2020:2
Tonyony,2,2023-11-12,2023-11-12,1,0,2023:2
Toosii,2,2025-07-23,2025-12-23,2,0,2025:2
TOP MEECH,2,2026-01-20,2026-01-24,1,0,2026:2
Tora-i,2,2023-06-12,2026-04-08,2,0,2023:1|2026:1
Tori Knix,2,2021-06-23,2021-06-23,2,0,2021:2
TORRES,2,2020-12-31,2026-08-15,2,0,2020:1|2026:1
Tory Lanez,2,2020-04-23,2023-10-08,2,0,2020:1|2023:1
Totally Enormous Extinct Dinosaurs,2,2014-10-28,2019-08-27,2,0,2014:1|2019:1
Town Mountain,2,2015-09-07,2015-09-08,1,0,2015:2
Trace Adkins,2,2012-05-14,2014-01-13,2,0,2012:1|2014:1
Tracey Dean,2,2015-08-24,2015-08-24,2,0,2015:2
"Traetwothree, G Perico",2,2025-12-31,2025-12-31,1,0,2025:2
Transcenders,2,2010-05-19,2010-10-15,2,0,2010:2
Trent Harmon,2,2020-04-03,2025-05-30,2,0,2020:1|2025:1
Trevor Dahl,2,2017-04-13,2017-05-22,1,0,2017:2
Trevor Daniel,2,2020-04-03,2020-04-07,2,0,2020:2
Trevor Hall,2,2019-06-05,2019-06-06,1,0,2019:2
Trevor Jones,2,2017-09-29,2017-09-29,2,0,2017:2
Tribe Friday,2,2023-10-08,2023-10-22,2,0,2023:2
Trigal,2,2025-03-19,2025-03-19,2,0,2025:2
Tripswitch,2,2014-04-30,2014-04-30,2,0,2014:2
Trisha Yearwood,2,2009-01-07,2021-07-25,2,0,2009:1|2021:1
Tula,2,2015-12-01,2015-12-04,1,0,2015:2
Tuomari Nurmio,2,2023-07-07,2026-06-22,2,0,2023:1|2026:1
TV Girl,2,2022-05-04,2022-05-04,1,0,2022:2
Tweet,2,2008-12-30,2008-12-30,2,0,2008:2
TWICE,2,2024-08-14,2026-02-14,2,0,2024:1|2026:1
Twisted Pine,2,2026-09-05,2026-09-05,2,0,2026:2
Two Feet,2,2025-06-09,2025-06-09,2,0,2025:2
Two Shell,2,2022-02-09,2022-02-09,1,0,2022:2
twocolors,2,2021-05-25,2024-06-26,2,0,2021:1|2024:1
twuan,2,2019-09-18,2019-09-18,2,0,2019:2
Ty Segall,2,2024-06-17,2026-05-07,2,0,2024:1|2026:1
tyDi,2,2012-05-27,2023-04-04,2,0,2012:1|2023:1
Tyler Farr,2,2014-05-27,2014-05-28,1,0,2014:2
TYPE-MOON,2,2013-08-20,2013-08-21,1,0,2013:2
U96,2,2007-10-06,2009-11-28,1,0,2007:1|2009:1
Ugly Kid Joe,2,2006-11-18,2006-12-04,1,0,2006:2
Ukulele Clan Band,2,2015-03-20,2015-03-23,1,0,2015:2
Ulrika Spacek,2,2025-01-13,2025-01-13,1,0,2025:2
Ultraísta,2,2014-01-14,2019-11-24,2,0,2014:1|2019:1
Una Mas,2,2012-08-27,2013-01-24,1,0,2012:1|2013:1
Unforscene,2,2013-11-24,2021-04-10,1,0,2013:1|2021:1
Uninvited,2,2022-02-09,2022-02-09,1,0,2022:2
Unloved,2,2026-02-10,2026-07-16,1,0,2026:2
UOKAYE,2,2022-09-26,2022-09-26,2,0,2022:2
"Usher, Lil Jon, Ludacris",2,2025-05-01,2025-05-23,1,0,2025:2
Uto,2,2025-07-16,2025-11-30,1,0,2025:2
V V N,2,2023-11-12,2023-11-12,1,0,2023:2
Vacra,2,2025-02-18,2025-07-25,1,0,2025:2
Valencia Torres,2,2021-01-30,2021-02-18,1,0,2021:2
Valley,2,2025-03-13,2025-08-18,2,0,2025:2
Valley Boy,2,2020-10-16,2020-10-20,1,0,2020:2
Valley Lodge,2,2014-12-14,2015-01-24,1,0,2014:1|2015:1
Valvomo,2,2009-07-08,2022-04-23,2,0,2009:1|2022:1
Vanbot,2,2012-07-19,2012-07-19,2,0,2012:2
Vancouver Sleep Clinic,2,2021-01-17,2022-10-06,2,0,2021:1|2022:1
Vandelux,2,2023-06-20,2023-06-20,2,0,2023:2
Vansire,2,2020-10-19,2020-10-20,1,0,2020:2
Vaughn,2,2024-06-17,2024-06-21,2,0,2024:2
VaultBoy,2,2025-07-23,2025-07-23,2,0,2025:2
VAX,2,2017-11-23,2017-12-27,2,0,2017:2
VCHA,2,2024-08-14,2024-08-14,2,0,2024:2
Ven,2,2020-11-27,2020-12-07,1,0,2020:2
Veni Sun,2,2022-02-21,2022-02-21,1,0,2022:2
Ventre de biche,2,2025-07-16,2025-11-30,1,0,2025:2
Veruca Salt,2,2023-06-10,2023-08-12,1,0,2023:2
Vesna,2,2024-02-19,2025-01-14,1,0,2024:1|2025:1
Vicetone,2,2017-02-15,2023-06-20,2,0,2017:1|2023:1
Victor Kozlov,2,2021-01-30,2021-02-18,1,0,2021:2
Victoria Monét,2,2021-08-06,2024-07-19,2,0,2021:1|2024:1
Victoria Nadine,2,2025-07-22,2025-12-23,2,0,2025:2
Victorious Cast,2,2026-03-27,2026-03-27,2,0,2026:2
"Vieux Farka Touré, Khruangbin",2,2024-11-04,2025-12-17,2,0,2024:1|2025:1
Vince Guaraldi,2,2008-12-29,2013-03-07,2,0,2008:1|2013:1
Vindata,2,2015-09-03,2015-09-04,1,0,2015:2
Vinia Mojica,2,2007-09-15,2008-03-01,1,0,2007:1|2008:1
Vinícius,2,2017-06-17,2017-07-02,1,0,2017:2
"Vitaa, Alonzo",2,2025-11-03,2025-11-03,1,0,2025:2
Viter Ukrainian Folk Choir,2,2022-12-22,2022-12-23,1,0,2022:2
Vladimir Cauchemar,2,2026-05-29,2026-07-11,1,0,2026:2
VOILÀ,2,2023-09-16,2023-09-16,1,0,2023:2
Volcano Choir,2,2013-09-21,2015-04-01,1,0,2013:1|2015:1
VOULEZ VOUS ORCHESTRA,2,2014-09-21,2014-09-25,2,0,2014:2
Voyou,2,2022-10-22,2025-09-11,2,0,2022:1|2025:1
W.A.S.P.,2,2007-10-06,2009-12-01,1,0,2007:1|2009:1
Wa'el,2,2020-10-16,2020-10-20,1,0,2020:2
Wackies,2,2022-04-09,2022-04-09,1,0,2022:2
Wahoo,2,2007-07-26,2007-07-27,1,0,2007:2
Wailing Souls,2,2012-05-11,2022-10-21,2,0,2012:1|2022:1
Waldo's People,2,2012-05-23,2012-10-19,1,0,2012:2
Wale,2,2009-10-30,2010-01-27,1,0,2009:1|2010:1
"Wale, Odeal",2,2025-12-19,2025-12-23,1,0,2025:2
Wales,2,2015-09-03,2015-09-04,1,0,2015:2
Walientinho,2,2017-12-04,2017-12-27,1,0,2017:2
Walk Off the Earth,2,2015-03-20,2021-01-29,2,0,2015:1|2021:1
War,2,2025-07-08,2025-07-09,1,0,2025:2
Warhol.SS,2,2025-12-31,2025-12-31,1,0,2025:2
Wasuremono,2,2019-09-16,2021-10-23,2,0,2019:1|2021:1
Water From Your Eyes,2,2025-07-15,2026-01-02,2,0,2025:1|2026:1
Waterbaby,2,2023-09-19,2023-09-19,1,0,2023:2
"Wax Poetic, Marla Turner",2,2007-09-04,2007-09-15,2,0,2007:2
"Wax Poetic, U-Roy",2,2007-03-20,2007-09-15,1,0,2007:2
"Waxx, Pomme",2,2025-10-23,2025-11-25,1,0,2025:2
Wayne Fontana,2,2008-02-10,2008-02-10,2,0,2008:2
Wayne Snow,2,2017-10-24,2024-05-08,1,0,2017:1|2024:1
We Were Promised Jetpacks,2,2015-04-02,2015-04-07,1,0,2015:2
Werkha,2,2014-11-19,2017-09-01,2,0,2014:1|2017:1
Wesley Safadão,2,2017-06-27,2017-06-27,2,0,2017:2
Wesley Schultz,2,2020-12-30,2020-12-30,2,0,2020:2
West & Zander,2,2023-06-20,2023-06-20,2,0,2023:2
Whigfield,2,2008-12-30,2012-05-23,1,0,2008:1|2012:1
Whose Rules,2,2021-05-05,2023-09-28,2,0,2021:1|2023:1
Why Don't We,2,2020-03-04,2020-12-24,2,0,2020:2
Wild Cub,2,2014-11-30,2015-06-25,1,0,2014:1|2015:1
Wildchild,2,2006-05-20,2008-01-19,1,0,2006:1|2008:1
Wilderado,2,2023-01-18,2023-01-18,1,0,2023:2
wildes,2,2019-11-26,2019-11-26,2,0,2019:2
Wilkinson,2,2015-05-29,2017-11-23,2,0,2015:1|2017:1
"Will Clarke, Georgia Meek",2,2025-01-16,2025-01-17,1,0,2025:2
Willie Bobo,2,2021-11-20,2021-11-20,2,0,2021:2
Wilson Pickett,2,2017-10-22,2020-09-08,2,0,2017:1|2020:1
Wilter,2,2022-02-09,2022-02-09,1,0,2022:2
"Windows95Man, Kirna",2,2025-01-13,2025-01-14,1,0,2025:2
Windser,2,2023-07-11,2023-07-11,1,0,2023:2
Wingtip,2,2019-07-24,2022-01-05,2,0,2019:1|2022:1
Winnetka Bowling League,2,2019-09-04,2022-06-13,2,0,2019:1|2022:1
Winona Oak,2,2019-11-27,2024-04-22,2,0,2019:1|2024:1
Witch,2,2017-10-25,2022-10-06,2,0,2017:1|2022:1
Witsmusic,2,2022-04-01,2022-04-02,1,0,2022:2
Wizerdcats,2,2013-11-17,2013-11-17,2,0,2013:2
Wolfgang Amadeus Mozart,2,2013-08-20,2016-02-04,2,0,2013:1|2016:1
Wolfgang Gartner,2,2012-05-31,2013-03-16,2,0,2012:1|2013:1
Wolfgang Haffner,2,2017-12-07,2025-09-11,2,0,2017:1|2025:1
Womack & Womack,2,2013-05-20,2013-05-20,2,0,2013:2
Wonder Gang,2,2023-12-02,2023-12-02,1,0,2023:2
Wonderwall,2,2007-10-28,2011-09-09,1,0,2007:1|2011:1
Woo,2,2025-07-28,2025-07-28,1,0,2025:2
Wun Two,2,2019-09-18,2019-09-18,2,0,2019:2
"Wyclef Jean, Sejahari Amaru Saulter-Villegas",2,2020-03-15,2020-03-15,1,0,2020:2
Wye Oak,2,2017-10-24,2019-08-13,2,0,2017:1|2019:1
Wynne,2,2024-07-13,2025-12-01,2,0,2024:1|2025:1
Wyvern Lingo,2,2015-04-08,2015-11-25,1,0,2015:2
X Ambassadors,2,2015-09-09,2019-06-19,2,0,2015:1|2019:1
X LOVERS,2,2020-10-05,2020-10-09,1,0,2020:2
Xasthur,2,2024-07-06,2024-07-06,2,0,2024:2
Xenia Rubinos,2,2020-11-11,2026-04-08,2,0,2020:1|2026:1
XI,2,2012-07-15,2012-07-15,1,0,2012:2
XXXTENTACION,2,2026-05-29,2026-05-30,2,0,2026:2
Y.V.E. 48,2,2015-09-23,2015-10-06,1,0,2015:2
Yaeji,2,2024-02-14,2024-02-14,1,0,2024:2
Yaki-Da,2,2009-01-07,2009-01-07,2,0,2009:2
Yann Tiersen,2,2016-02-04,2017-11-28,1,0,2016:1|2017:1
Yas,2,2021-04-27,2021-04-28,1,0,2021:2
Yaw,2,2009-08-14,2012-04-28,1,0,2009:1|2012:1
Yazoo,2,2023-12-14,2023-12-16,1,0,2023:2
"YBN Nahmir, G-Eazy, Offset",2,2020-03-20,2020-04-23,1,0,2020:2
Ye Ali,2,2024-08-22,2024-08-22,2,0,2024:2
"Yeboyah, Slani",2,2024-07-10,2024-07-21,1,0,2024:2
"Yedai, Goon Hugs",2,2024-11-11,2024-11-11,2,0,2024:2
Yehra,2,2021-05-05,2021-12-03,2,0,2021:2
Yellow Days,2,2019-09-05,2020-10-09,2,0,2019:1|2020:1
Yellow House,2,2023-12-14,2023-12-16,1,0,2023:2
Ylvis,2,2014-11-23,2022-12-16,1,0,2014:1|2022:1
Yoa,2,2025-11-14,2025-11-25,2,0,2025:2
Yolanda Be Cool & Dcup,2,2010-06-25,2010-08-05,1,0,2010:2
Yonderboi,2,2007-07-27,2007-12-09,1,0,2007:2
York,2,2012-05-27,2012-07-29,2,0,2012:2
Yot Club,2,2022-06-08,2024-01-02,2,0,2022:1|2024:1
Yotto,2,2016-01-11,2016-02-02,1,0,2016:2
"You, Me, and Everyone We Know",2,2012-05-14,2012-05-14,2,0,2012:2
Young & Sick,2,2019-09-09,2019-09-09,1,0,2019:2
Young Saab,2,2020-11-22,2020-11-22,1,0,2020:2
YoungBoy Never Broke Again,2,2020-03-23,2025-05-30,2,0,2020:1|2025:1
YSB Eli,2,2021-02-15,2021-02-15,1,0,2021:2
Ysé,2,2022-10-04,2022-10-22,1,0,2022:2
YTB FATT,2,2025-12-01,2025-12-01,2,0,2025:2
YUG feat SoJay,2,2012-11-23,2012-11-23,2,0,2012:2
Yuji Nomi,2,2022-04-14,2022-07-28,1,0,2022:2
Yuki Dreams Again,2,2021-05-05,2024-06-09,2,0,2021:1|2024:1
Yungeen Ace,2,2023-01-01,2023-01-01,1,0,2023:2
Yusuf,2,2021-02-20,2021-04-25,2,0,2021:2
Zac Brown Band,2,2015-09-14,2020-03-04,2,0,2015:1|2020:1
Zach Zoya,2,2019-04-30,2019-04-30,2,0,2019:2
zack villere,2,2020-11-22,2020-11-22,1,0,2020:2
Zackey Force Funk,2,2014-12-10,2017-05-02,1,0,2014:1|2017:1
Zak Abel,2,2017-04-18,2021-03-04,2,0,2017:1|2021:1
"Zayn, Taylor Swift",2,2020-05-09,2025-12-12,1,0,2020:1|2025:1
Zdenek Fibich;Schwanen Salon Orchestra,2,2011-06-14,2011-06-17,1,0,2011:2
Zeca Baleiro,2,2012-05-07,2012-05-07,2,0,2012:2
Zednah,2,2012-07-15,2013-01-20,1,0,2012:1|2013:1
"Zeg P, Hamza, SCH",2,2025-02-20,2025-02-22,1,0,2025:2
Zeph,2,2020-11-22,2020-11-22,1,0,2020:2
Zero dB,2,2006-11-02,2007-11-03,1,0,2006:1|2007:1
Zikai,2,2023-09-19,2023-09-19,1,0,2023:2
Zilo,2,2020-08-03,2020-08-03,1,0,2020:2
Zimmer90,2,2023-12-28,2023-12-28,1,0,2023:2
Zindy,2,2006-04-24,2007-10-14,1,0,2006:1|2007:1
Zoe Wees,2,2021-03-04,2026-05-17,2,0,2021:1|2026:1
Zomes,2,2026-01-31,2026-02-01,1,0,2026:2
Zucchero ft. John Lee Hooke,2,2006-09-14,2007-07-29,1,0,2006:1|2007:1
Zucchero ft. Ronan Keating,2,2006-03-30,2008-03-01,1,0,2006:1|2008:1
Zucchero ft. Solomon Burke,2,2006-11-28,2007-07-14,1,0,2006:1|2007:1
Zzzahara,2,2023-05-08,2024-02-24,2,0,2023:1|2024:1
Ärsenik,2,2025-09-22,2025-09-25,1,0,2025:2
Ólafur Arnalds,2,2014-06-03,2019-08-08,2,0,2014:1|2019:1
ØDYSSEE,2,2019-09-18,2019-09-18,2,0,2019:2
Øneheart,2,2023-10-08,2023-11-07,2,0,2023:2
"Сто-Личный Она-Нас, Betsy",2,2025-03-07,2025-03-11,1,0,2025:2
"יובל רפאל, כאן - תאגיד השידור הישראלי",2,2025-10-20,2025-11-13,1,0,2025:2
עפרה חזה,2,2006-03-15,2006-04-02,1,0,2006:2
七瀬光,2,2013-08-20,2013-08-21,1,0,2013:2
星勝,2,2022-04-16,2022-07-28,1,0,2022:2
木村弓,2,2022-04-14,2023-12-07,1,0,2022:1|2023:1
,1,2009-07-27,2009-07-27,1,0,2009:1
$-Crew,1,2025-02-19,2025-02-19,1,0,2025:1
$NOT,1,2020-10-03,2020-10-03,1,0,2020:1
"$NOT, Maggie Lindemann",1,2020-04-07,2020-04-07,1,0,2020:1
+Kojo,1,2009-03-19,2009-03-19,1,0,2009:1
+Mighty Dub Katz,1,2008-10-17,2008-10-17,1,0,2008:1
-MO'HORIZONS-,1,2006-04-08,2006-04-08,1,0,2006:1
...So Hate Is...,1,2021-01-30,2021-01-30,1,0,2021:1
.38 Special,1,2013-03-06,2013-03-06,1,0,2013:1
03CAS,1,2021-11-13,2021-11-13,1,0,2021:1
"100 gecs, Laura Les, Dylan Brady",1,2025-03-07,2025-03-07,1,0,2025:1
101,1,2012-10-26,2012-10-26,1,0,2012:1
"113, Diam's, Sinik, Sniper, Tandem, Salif, Zoxea, Haroun, L'Skadrille, G.Kill, Mano Kid Sam",1,2025-09-22,2025-09-22,1,0,2025:1
123 Mixtape,1,2021-12-26,2021-12-26,1,0,2021:1
13 Block,1,2025-09-08,2025-09-08,1,0,2025:1
15 15,1,2025-11-30,2025-11-30,1,0,2025:1
1814,1,2021-03-27,2021-03-27,1,0,2021:1
1991,1,2017-11-23,2017-11-23,1,0,2017:1
1999 WRITE THE FUTURE,1,2024-06-17,2024-06-17,1,0,2024:1
"1999 WRITE THE FUTURE, Jean Dawson",1,2024-07-04,2024-07-04,1,0,2024:1
1NONLY,1,2024-07-04,2024-07-04,1,0,2024:1
"1up Tee, STAR BANDZ",1,2025-12-01,2025-12-01,1,0,2025:1
2 Chainz,1,2019-05-16,2019-05-16,1,0,2019:1
"2 Chainz, Ronald Isley, The Isley Brothers",1,2025-05-30,2025-05-30,1,0,2025:1
2 Unlimited,1,2012-05-23,2012-05-23,1,0,2012:1
21 Lil Harold,1,2025-09-14,2025-09-14,1,0,2025:1
257ers,1,2017-10-25,2017-10-25,1,0,2017:1
2BYG,1,2025-07-09,2025-07-09,1,0,2025:1
2econd Class Citizen,1,2014-05-01,2014-05-01,1,0,2014:1
2gether,1,2012-05-14,2012-05-14,1,0,2012:1
2hollis,1,2024-12-27,2024-12-27,1,0,2024:1
2¢,1,2019-08-28,2019-08-28,1,0,2019:1
36 Crazyfists,1,2026-04-17,2026-04-17,1,0,2026:1
3io,1,2015-09-28,2015-09-28,1,0,2015:1
4 Non Blondes,1,2012-05-16,2012-05-16,1,0,2012:1
"41, Kyle Richh, Cash Cobain",1,2024-11-03,2024-11-03,1,0,2024:1
414JungleBaby,1,2025-12-31,2025-12-31,1,0,2025:1
44phantom,1,2021-01-29,2021-01-29,1,0,2021:1
454,1,2021-02-05,2021-02-05,1,0,2021:1
49th & Main,1,2020-12-07,2020-12-07,1,0,2020:1
4ever Falling,1,2021-08-22,2021-08-22,1,0,2021:1
6ix Toys,1,2015-01-21,2015-01-21,1,0,2015:1
6th Borough Project,1,2015-04-10,2015-04-10,1,0,2015:1
7000 Dying Rats,1,2009-10-17,2009-10-17,1,0,2009:1
808NOCHE,1,2026-07-06,2026-07-06,1,0,2026:1
808Vic,1,2021-01-29,2021-01-29,1,0,2021:1
88-Keys,1,2019-08-14,2019-08-14,1,0,2019:1
88GLAM,1,2018-01-04,2018-01-04,1,0,2018:1
"88JAY, SMV, Kapwani",1,2025-12-31,2025-12-31,1,0,2025:1
8TURN,1,2024-08-14,2024-08-14,1,0,2024:1
90's Artists,1,2013-03-07,2013-03-07,1,0,2013:1
96 Back,1,2021-09-25,2021-09-25,1,0,2021:1
"98º, Janine Teñoso",1,2025-09-19,2025-09-19,1,0,2025:1
::M∆DE::IN::HEIGHTS::,1,2015-09-03,2015-09-03,1,0,2015:1
A Beacon School,1,2019-09-05,2019-09-05,1,0,2019:1
"A Boogie Wit da Hoodie, Cash Cobain",1,2024-07-16,2024-07-16,1,0,2024:1
A Cursive Memory,1,2013-03-15,2013-03-15,1,0,2013:1
A Day to Remember,1,2025-09-20,2025-09-20,1,0,2025:1
A Hawk and a Hacksaw,1,2012-05-31,2012-05-31,1,0,2012:1
a kid named rufus,1,2021-09-25,2021-09-25,1,0,2021:1
A L E X,1,2020-09-08,2020-09-08,1,0,2020:1
A Lily,1,2015-12-11,2015-12-11,1,0,2015:1
A Reminiscent Drive,1,2013-11-17,2013-11-17,1,0,2013:1
A Samurai In Tokyo,1,2026-03-26,2026-03-26,1,0,2026:1
A Taste of Honey,1,2013-08-21,2013-08-21,1,0,2013:1
A Winged Victory for the Sullen,1,2017-04-07,2017-04-07,1,0,2017:1
A$AP Twelvyy,1,2023-08-21,2023-08-21,1,0,2023:1
A-Tyyppi,1,2012-07-27,2012-07-27,1,0,2012:1
A. Banderas & Los Lobos,1,2015-08-27,2015-08-27,1,0,2015:1
A.GIRL,1,2019-09-03,2019-09-03,1,0,2019:1
A1 x J1,1,2022-09-07,2022-09-07,1,0,2022:1
Aapo Heinonen Quintet,1,2018-03-19,2018-03-19,1,0,2018:1
Aaron Lee Tasjan,1,2021-01-17,2021-01-17,1,0,2021:1
Aaron Lewis,1,2025-09-11,2025-09-11,1,0,2025:1
Aaron Zigman,1,2017-11-28,2017-11-28,1,0,2017:1
Aaryan Banthia,1,2021-12-26,2021-12-26,1,0,2021:1
"Aasiva, FxckMr",1,2025-11-05,2025-11-05,1,0,2025:1
AB001,1,2019-09-17,2019-09-17,1,0,2019:1
Abbey Road,1,2012-12-19,2012-12-19,1,0,2012:1
Abby Sage,1,2023-06-08,2023-06-08,1,0,2023:1
Abdullah Ibrahim,1,2015-08-18,2015-08-18,1,0,2015:1
"Abdullah Ibrahim, Noah Jackson, Cleave Guyton Jr.",1,2024-10-17,2024-10-17,1,0,2024:1
Abel Korzeniowski,1,2017-06-14,2017-06-14,1,0,2017:1
Aberfeldy,1,2009-12-24,2009-12-24,1,0,2009:1
Abhi The Nomad,1,2022-07-06,2022-07-06,1,0,2022:1
Abi Carter,1,2025-05-30,2025-05-30,1,0,2025:1
Abramovic,1,2021-02-15,2021-02-15,1,0,2021:1
abroad,1,2024-05-05,2024-05-05,1,0,2024:1
"Abstract Crimewave, Lykke Li",1,2025-06-09,2025-06-09,1,0,2025:1
Abunai,1,2022-10-06,2022-10-06,1,0,2022:1
Accentus,1,2012-12-23,2012-12-23,1,0,2012:1
AceMoMa,1,2022-04-13,2022-04-13,1,0,2022:1
Acid House Kings,1,2013-04-25,2013-04-25,1,0,2013:1
Acid Tongue,1,2024-04-18,2024-04-18,1,0,2024:1
Across the Universe,1,2008-08-06,2008-08-06,1,0,2008:1
Active Bird Community,1,2019-06-06,2019-06-06,1,0,2019:1
AD Bourke,1,2014-12-29,2014-12-29,1,0,2014:1
Adam and the Ants,1,2009-06-14,2009-06-14,1,0,2009:1
ADAM at,1,2019-08-23,2019-08-23,1,0,2019:1
Adam Baldych,1,2017-12-07,2017-12-07,1,0,2017:1
Adam Cohen,1,2015-08-19,2015-08-19,1,0,2015:1
Adam F,1,2017-11-23,2017-11-23,1,0,2017:1
Adam Port,1,2014-12-29,2014-12-29,1,0,2014:1
Adam Sandler,1,2008-12-21,2008-12-21,1,0,2008:1
Adam Torres,1,2019-06-06,2019-06-06,1,0,2019:1
Adam Woods,1,2024-02-21,2024-02-21,1,0,2024:1
Adekunle GOLD,1,2021-07-19,2021-07-19,1,0,2021:1
Adele and The Raconteurs,1,2012-04-26,2012-04-26,1,0,2012:1
"Adele, Joel Pott, Paul Epworth, Katie Campbell, Dominik Hauser",1,2025-06-17,2025-06-17,1,0,2025:1
Adelmar Borrego,1,2021-11-19,2021-11-19,1,0,2021:1
Adelén,1,2015-11-20,2015-11-20,1,0,2015:1
Adema,1,2026-04-17,2026-04-17,1,0,2026:1
Adia Victoria,1,2026-07-06,2026-07-06,1,0,2026:1
Admiral Fallow,1,2013-01-16,2013-01-16,1,0,2013:1
Adna,1,2015-03-23,2015-03-23,1,0,2015:1
Adolf Fredriks Musikklasser,1,2023-12-13,2023-12-13,1,0,2023:1
Adolphe Adam,1,2021-12-24,2021-12-24,1,0,2021:1
ADOY,1,2023-06-12,2023-06-12,1,0,2023:1
Adrenalize,1,2026-08-22,2026-08-22,1,0,2026:1
Adrian Johnston,1,2013-08-21,2013-08-21,1,0,2013:1
Adrian Lux,1,2012-07-20,2012-07-20,1,0,2012:1
Adriana Calcanhotto,1,2012-05-07,2012-05-07,1,0,2012:1
Adriatique,1,2015-09-24,2015-09-24,1,0,2015:1
Adrien Nunez,1,2026-08-07,2026-08-07,1,0,2026:1
Adrima,1,2014-09-21,2014-09-21,1,0,2014:1
Adult Jazz,1,2024-04-30,2024-04-30,1,0,2024:1
Adult Prom,1,2021-01-17,2021-01-17,1,0,2021:1
ADULT.,1,2026-07-18,2026-07-18,1,0,2026:1
ADÉLA,1,2025-12-05,2025-12-05,1,0,2025:1
aebleo,1,2024-11-11,2024-11-11,1,0,2024:1
Aerial M,1,2024-11-04,2024-11-04,1,0,2024:1
Aeroplane,1,2026-04-28,2026-04-28,1,0,2026:1
Aeuria,1,2017-11-27,2017-11-27,1,0,2017:1
"Africa Express, Damon Albarn, Joan As Police Woman, Luisa Almaguer, Mexican Institute Of Sound, Nick Zinner, Seye Adelekan",1,2025-07-31,2025-07-31,1,0,2025:1
Afrique,1,2024-06-21,2024-06-21,1,0,2024:1
Afroman,1,2015-04-14,2015-04-14,1,0,2015:1
After Grace,1,2022-01-05,2022-01-05,1,0,2022:1
Ag Club,1,2020-10-09,2020-10-09,1,0,2020:1
Against the Current,1,2026-05-31,2026-05-31,1,0,2026:1
Agav,1,2022-10-22,2022-10-22,1,0,2022:1
Agents & Jorma Kääriäinen,1,2008-12-30,2008-12-30,1,0,2008:1
AGIR,1,2017-06-12,2017-06-12,1,0,2017:1
Agnes Stock,1,2021-10-03,2021-10-03,1,0,2021:1
Agnez Mo,1,2026-02-14,2026-02-14,1,0,2026:1
Agriculture,1,2025-08-14,2025-08-14,1,0,2025:1
Ahkmed,1,2021-10-08,2021-10-08,1,0,2021:1
Ahron Kupner,1,2018-03-19,2018-03-19,1,0,2018:1
AI,1,2019-08-23,2019-08-23,1,0,2019:1
Aidan,1,2026-04-16,2026-04-16,1,0,2026:1
Aidan Hawken,1,2013-01-16,2013-01-16,1,0,2013:1
Aidan Knight,1,2020-07-16,2020-07-16,1,0,2020:1
Aikuinen,1,2025-02-10,2025-02-10,1,0,2025:1
Air Max '97,1,2021-09-25,2021-09-25,1,0,2021:1
Air Supply,1,2013-08-21,2013-08-21,1,0,2013:1
Airpark,1,2021-01-30,2021-01-30,1,0,2021:1
Aisen,1,2012-05-27,2012-05-27,1,0,2012:1
Aitana,1,2026-08-09,2026-08-09,1,0,2026:1
Aitor Escobar,1,2013-01-20,2013-01-20,1,0,2013:1
Aivovuoto,1,2014-07-26,2014-07-26,1,0,2014:1
Aiyekooto & Afrobeat International,1,2013-04-11,2013-04-11,1,0,2013:1
"AJ Mitchell, Ava Max",1,2020-03-04,2020-03-04,1,0,2020:1
Ajani Jones,1,2019-08-14,2019-08-14,1,0,2019:1
Ajay-Atul,1,2021-07-19,2021-07-19,1,0,2021:1
AKA Lui,1,2019-09-09,2019-09-09,1,0,2019:1
Akai Solo,1,2026-03-03,2026-03-03,1,0,2026:1
Akcent,1,2012-07-13,2012-07-13,1,0,2012:1
"Aki Aleong, The A'kies, Pan World",1,2025-10-13,2025-10-13,1,0,2025:1
Aki Sirkesalo,1,2021-06-09,2021-06-09,1,0,2021:1
Al Barry,1,2022-10-21,2022-10-21,1,0,2022:1
Al Eye 1nt,1,2017-12-04,2017-12-04,1,0,2017:1
Al Hirt,1,2009-02-15,2009-02-15,1,0,2009:1
Al Martino,1,2009-01-07,2009-01-07,1,0,2009:1
Aladdin,1,2009-01-07,2009-01-07,1,0,2009:1
Alain Bashung,1,2025-04-28,2025-04-28,1,0,2025:1
Alan Braufman,1,2026-05-15,2026-05-15,1,0,2026:1
Alan Jackson,1,2010-11-28,2010-11-28,1,0,2010:1
Alan Parsons,1,2022-04-20,2022-04-20,1,0,2022:1
"Alan Walker, Daya",1,2024-06-24,2024-06-24,1,0,2024:1
"Alan Walker, Ina Wroldsen",1,2024-06-25,2024-06-25,1,0,2024:1
"Alanis Morissette, Carly Simon",1,2025-11-10,2025-11-10,1,0,2025:1
Alannah Myles,1,2023-07-18,2023-07-18,1,0,2023:1
Alayna,1,2024-01-15,2024-01-15,1,0,2024:1
Albert Hammond Jr,1,2023-06-20,2023-06-20,1,0,2023:1
Albert Kraus,1,2021-01-30,2021-01-30,1,0,2021:1
Albin,1,2014-08-18,2014-08-18,1,0,2014:1
"Albin De La Simone, Alice on the roof",1,2025-09-11,2025-09-11,1,0,2025:1
Albin Lee Meldau,1,2024-03-11,2024-03-11,1,0,2024:1
"aldn, glaive",1,2025-07-21,2025-07-21,1,0,2025:1
Alec Duffy,1,2019-06-17,2019-06-17,1,0,2019:1
Alec Wigdahl,1,2020-10-09,2020-10-09,1,0,2020:1
Alejandro Fernandez,1,2017-07-31,2017-07-31,1,0,2017:1
Alejandro Sanz,1,2017-07-31,2017-07-31,1,0,2017:1
Alek Olsen,1,2023-11-26,2023-11-26,1,0,2023:1
ALEKESAM,1,2019-06-19,2019-06-19,1,0,2019:1
Alesha Dixon,1,2009-07-14,2009-07-14,1,0,2009:1
Alessandro Alessandroni,1,2022-04-17,2022-04-17,1,0,2022:1
"Alesso, Nate Smith",1,2025-05-16,2025-05-16,1,0,2025:1
"Alesso, Roy English",1,2025-05-30,2025-05-30,1,0,2025:1
"Alesso, Tove Lo",1,2025-05-30,2025-05-30,1,0,2025:1
Alex Angelo,1,2023-02-04,2023-02-04,1,0,2023:1
Alex Banin,1,2021-01-04,2021-01-04,1,0,2021:1
Alex Coles,1,2023-02-04,2023-02-04,1,0,2023:1
Alex Ebert,1,2019-08-13,2019-08-13,1,0,2019:1
Alex Goot,1,2021-10-24,2021-10-24,1,0,2021:1
Alex Goot feat. Sam Tsui,1,2015-04-07,2015-04-07,1,0,2015:1
Alex Holtti,1,2019-06-28,2019-06-28,1,0,2019:1
ALEX KEEPER,1,2022-06-17,2022-06-17,1,0,2022:1
Alex Kunnari,1,2017-12-04,2017-12-04,1,0,2017:1
Alex Luca,1,2019-11-26,2019-11-26,1,0,2019:1
Alex Malheiros,1,2009-08-14,2009-08-14,1,0,2009:1
Alex Malheiros & Banda Utopia Feat. Sabrina Malheiros,1,2017-01-11,2017-01-11,1,0,2017:1
Alex Martinez,1,2012-09-16,2012-09-16,1,0,2012:1
Alex Mine,1,2014-12-29,2014-12-29,1,0,2014:1
Alex Oh,1,2022-04-16,2022-04-16,1,0,2022:1
"Alex Ponce, Sebastian Llosa",1,2024-07-13,2024-07-13,1,0,2024:1
Alex Sloane,1,2023-02-04,2023-02-04,1,0,2023:1
Alex the Astronaut,1,2022-06-14,2022-06-14,1,0,2022:1
"Alex Warren, ROSÉ",1,2025-07-23,2025-07-23,1,0,2025:1
Alexander,1,2017-09-11,2017-09-11,1,0,2017:1
Alexander Brown,1,2012-10-07,2012-10-07,1,0,2012:1
Alexander Rybak,1,2009-07-14,2009-07-14,1,0,2009:1
Alexander Vögele,1,2013-01-20,2013-01-20,1,0,2013:1
Alexandra Browne,1,2021-12-26,2021-12-26,1,0,2021:1
Alexandra Burke,1,2010-05-31,2010-05-31,1,0,2010:1
Alexandra Căpitănescu,1,2026-04-16,2026-04-16,1,0,2026:1
Alexandra Savior,1,2023-12-14,2023-12-14,1,0,2023:1
Alexia Gredy,1,2022-08-07,2022-08-07,1,0,2022:1
Alexis Roberts,1,2025-07-09,2025-07-09,1,0,2025:1
ALFIDA,1,2013-01-23,2013-01-23,1,0,2013:1
Alfred Beach Sandal,1,2017-06-29,2017-06-29,1,0,2017:1
Algernon Cadwallader,1,2025-09-15,2025-09-15,1,0,2025:1
Ali Gatie,1,2019-06-19,2019-06-19,1,0,2019:1
Ali Love,1,2014-12-11,2014-12-11,1,0,2014:1
Alice Boman,1,2014-06-03,2014-06-03,1,0,2014:1
Alice et Moi,1,2025-07-24,2025-07-24,1,0,2025:1
Alice Robbins,1,2019-11-26,2019-11-26,1,0,2019:1
Alice Sara Ott,1,2025-02-23,2025-02-23,1,0,2025:1
Alice Smith,1,2008-12-21,2008-12-21,1,0,2008:1
Alicia Moffet,1,2026-07-29,2026-07-29,1,0,2026:1
ALicja Szemplińska,1,2026-04-16,2026-04-16,1,0,2026:1
Alida Sørby,1,2019-11-28,2019-11-28,1,0,2019:1
ALIIIAS,1,2020-12-07,2020-12-07,1,0,2020:1
Alika,1,2024-02-19,2024-02-19,1,0,2024:1
Aliocha Schneider,1,2025-11-25,2025-11-25,1,0,2025:1
Alisa Amador,1,2024-07-13,2024-07-13,1,0,2024:1
"Alisa Amador, Madison Cunningham",1,2024-07-13,2024-07-13,1,0,2024:1
Alison Goldfrapp,1,2025-07-23,2025-07-23,1,0,2025:1
Alison May,1,2015-12-04,2015-12-04,1,0,2015:1
ALISUN,1,2023-01-27,2023-01-27,1,0,2023:1
alius,1,2019-06-28,2019-06-28,1,0,2019:1
Alix Perez,1,2017-11-23,2017-11-23,1,0,2017:1
Alizée,1,2026-04-08,2026-04-08,1,0,2026:1
All Good Funk Alliance,1,2015-01-21,2015-01-21,1,0,2015:1
All Things Blue,1,2023-07-28,2023-07-28,1,0,2023:1
"All Time Low, blackbear",1,2020-04-03,2020-04-03,1,0,2020:1
"All Time Low, The Band CAMINO",1,2020-04-03,2020-04-03,1,0,2020:1
All To Get Her,1,2019-08-28,2019-08-28,1,0,2019:1
Allah-Las,1,2026-07-28,2026-07-28,1,0,2026:1
Allan Holdsworth,1,2014-12-30,2014-12-30,1,0,2014:1
Allan Kingdom,1,2023-08-21,2023-08-21,1,0,2023:1
Allday,1,2020-10-09,2020-10-09,1,0,2020:1
Alle The Dreamer,1,2021-07-31,2021-07-31,1,0,2021:1
Allegra Krieger,1,2026-03-12,2026-03-12,1,0,2026:1
Allen Blackwell,1,2009-03-27,2009-03-27,1,0,2009:1
Allen Haley,1,2022-02-15,2022-02-15,1,0,2022:1
"Allie X, Empress Of",1,2025-08-18,2025-08-18,1,0,2025:1
Allison Ponthier,1,2022-10-06,2022-10-06,1,0,2022:1
Allure,1,2009-03-27,2009-03-27,1,0,2009:1
Ally Nicholas,1,2021-02-05,2021-02-05,1,0,2021:1
Almeidinha Do El Gringo,1,2021-04-11,2021-04-11,1,0,2021:1
Alonso Gonzalez,1,2012-10-07,2012-10-07,1,0,2012:1
Alonzo,1,2025-02-19,2025-02-19,1,0,2025:1
"ALP, Naza",1,2025-02-18,2025-02-18,1,0,2025:1
Alpha,1,2026-05-25,2026-05-25,1,0,2026:1
Alpha Wann,1,2025-07-24,2025-07-24,1,0,2025:1
Alphabet,1,2015-09-24,2015-09-24,1,0,2015:1
Alpine,1,2015-01-24,2015-01-24,1,0,2015:1
Alter Bridge,1,2026-02-03,2026-02-03,1,0,2026:1
Alton,1,2022-04-09,2022-04-09,1,0,2022:1
Altégo,1,2022-09-07,2022-09-07,1,0,2022:1
Alucidnation,1,2014-04-30,2014-04-30,1,0,2014:1
Alvin & The Chipmunks,1,2021-09-29,2021-09-29,1,0,2021:1
Alvin and The Chipmunks,1,2012-12-23,2012-12-23,1,0,2012:1
"Alyona Alyona, Jerry Heil",1,2024-11-09,2024-11-09,1,0,2024:1
Alyssa Jordan,1,2021-12-27,2021-12-27,1,0,2021:1
Alì Farahani,1,2017-12-17,2017-12-17,1,0,2017:1
Amaia,1,2026-01-12,2026-01-12,1,0,2026:1
Amanaz,1,2022-10-16,2022-10-16,1,0,2022:1
Amanda Blank,1,2009-08-08,2009-08-08,1,0,2009:1
Amanda Jenssen,1,2012-12-25,2012-12-25,1,0,2012:1
"Amanda Seyfried, Ashley Lilley & Rachel McDowall",1,2020-03-19,2020-03-19,1,0,2020:1
Amanda Shires,1,2020-10-13,2020-10-13,1,0,2020:1
Amaranthe,1,2026-07-18,2026-07-18,1,0,2026:1
Amateur Transplants,1,2021-09-11,2021-09-11,1,0,2021:1
Amazonics,1,2012-05-03,2012-05-03,1,0,2012:1
Amber,1,2012-05-23,2012-05-23,1,0,2012:1
Ambient Nature project,1,2017-09-04,2017-09-04,1,0,2017:1
Ambient Temple of Imagination,1,2013-05-16,2013-05-16,1,0,2013:1
Ambrose Akinmusire,1,2014-11-20,2014-11-20,1,0,2014:1
"Ambrose Akinmusire, Bill Frisell, Herlin Riley",1,2026-01-20,2026-01-20,1,0,2026:1
"Ambré, Alex Isley",1,2024-08-22,2024-08-22,1,0,2024:1
"Ambré, Treety",1,2024-08-22,2024-08-22,1,0,2024:1
Amel Bent,1,2025-11-13,2025-11-13,1,0,2025:1
"Amel Bent, HATIK",1,2025-11-13,2025-11-13,1,0,2025:1
"Amel Bent, Imen Es",1,2025-11-13,2025-11-13,1,0,2025:1
Amelia Coburn,1,2026-07-09,2026-07-09,1,0,2026:1
Amen Dunes,1,2024-06-17,2024-06-17,1,0,2024:1
Amends,1,2019-08-29,2019-08-29,1,0,2019:1
American Breed,1,2010-10-04,2010-10-04,1,0,2010:1
American Football,1,2019-08-27,2019-08-27,1,0,2019:1
American Head Charge,1,2008-01-14,2008-01-14,1,0,2008:1
American Princes,1,2009-10-17,2009-10-17,1,0,2009:1
American Tail,1,2006-04-09,2006-04-09,1,0,2006:1
American Teeth,1,2024-02-24,2024-02-24,1,0,2024:1
Ameritz,1,2009-08-08,2009-08-08,1,0,2009:1
"Ami Taf Ra, Kamasi Washington",1,2025-09-14,2025-09-14,1,0,2025:1
Amira Elfeky,1,2026-04-06,2026-04-06,1,0,2026:1
Amy,1,2019-10-01,2019-10-01,1,0,2019:1
Amy May Ellis,1,2020-08-12,2020-08-12,1,0,2020:1
Amy Michelle,1,2023-03-16,2023-03-16,1,0,2023:1
Amy Shark,1,2017-07-06,2017-07-06,1,0,2017:1
Amy Turk,1,2022-04-16,2022-04-16,1,0,2022:1
Amy Winehouse/RDM,1,2009-12-06,2009-12-06,1,0,2009:1
Ana Egge,1,2021-08-22,2021-08-22,1,0,2021:1
Ana Frango Elétrico,1,2024-07-14,2024-07-14,1,0,2024:1
Ana Olgica,1,2018-03-19,2018-03-19,1,0,2018:1
"Anachnid, Oji le Cree",1,2025-11-05,2025-11-05,1,0,2025:1
Anaiis,1,2021-04-27,2021-04-27,1,0,2021:1
ANAPOLI,1,2026-03-26,2026-03-26,1,0,2026:1
Anatole,1,2015-12-11,2015-12-11,1,0,2015:1
Anchorsong,1,2017-10-24,2017-10-24,1,0,2017:1
"Anderson .Paak, Fred again.., CHIKA",1,2024-07-18,2024-07-18,1,0,2024:1
Andre Zimmer,1,2025-07-09,2025-07-09,1,0,2025:1
"Andrea Bocelli, Alison Krauss",1,2024-11-22,2024-11-22,1,0,2024:1
"Andrea Bocelli, Ariana Grande",1,2024-11-22,2024-11-22,1,0,2024:1
"Andrea Bocelli, Cecilia Bartoli",1,2024-11-23,2024-11-23,1,0,2024:1
"Andrea Bocelli, Chris Stapleton",1,2024-11-22,2024-11-22,1,0,2024:1
"Andrea Bocelli, Céline Dion",1,2024-11-22,2024-11-22,1,0,2024:1
"Andrea Bocelli, Dua Lipa",1,2024-11-22,2024-11-22,1,0,2024:1
"Andrea Bocelli, Elisa",1,2024-11-22,2024-11-22,1,0,2024:1
"Andrea Bocelli, Ellie Goulding",1,2024-11-22,2024-11-22,1,0,2024:1
"Andrea Bocelli, Gwen Stefani",1,2024-11-22,2024-11-22,1,0,2024:1
"Andrea Bocelli, Jennifer Lopez",1,2024-11-22,2024-11-22,1,0,2024:1
"Andrea Bocelli, KAROL G",1,2024-11-22,2024-11-22,1,0,2024:1
"Andrea Bocelli, Katharine McPhee",1,2024-11-22,2024-11-22,1,0,2024:1
"Andrea Bocelli, Lauren Daigle",1,2024-11-22,2024-11-22,1,0,2024:1
"Andrea Bocelli, Mary J. Blige",1,2024-11-23,2024-11-23,1,0,2024:1
"Andrea Bocelli, Matteo Bocelli, Hans Zimmer",1,2024-11-22,2024-11-22,1,0,2024:1
"Andrea Bocelli, Sofia Carson",1,2024-11-22,2024-11-22,1,0,2024:1
"Andrea Bocelli, Stevie Wonder",1,2024-11-23,2024-11-23,1,0,2024:1
"Andrea Bocelli, Édith Piaf",1,2024-11-22,2024-11-22,1,0,2024:1
Andreas Ahlstrom,1,2013-05-30,2013-05-30,1,0,2013:1
Andreas Lareida,1,2014-11-20,2014-11-20,1,0,2014:1
Andreas Lundstedt,1,2012-06-13,2012-06-13,1,0,2012:1
Andreas Söderström och Johan Berthling,1,2014-06-03,2014-06-03,1,0,2014:1
Andrew Ashong,1,2014-11-20,2014-11-20,1,0,2014:1
Andrew Hung,1,2025-01-13,2025-01-13,1,0,2025:1
Andrew McMahon in the Wilderness,1,2017-08-07,2017-08-07,1,0,2017:1
"Andrew Rannells, Brianna Mazzola",1,2025-02-09,2025-02-09,1,0,2025:1
Andrew Spencer,1,2012-05-23,2012-05-23,1,0,2012:1
Andrew Weatherall,1,2020-09-09,2020-09-09,1,0,2020:1
Andrey Vakulenko,1,2013-04-24,2013-04-24,1,0,2013:1
ANDROM,1,2017-09-18,2017-09-18,1,0,2017:1
André Bratten,1,2015-12-11,2015-12-11,1,0,2015:1
André Thériault,1,2026-07-29,2026-07-29,1,0,2026:1
Andy / Eli Miles,1,2026-03-26,2026-03-26,1,0,2026:1
Andy Bell,1,2026-04-06,2026-04-06,1,0,2026:1
Andy Burrows,1,2013-04-14,2013-04-14,1,0,2013:1
Andy Goodwin,1,2024-04-19,2024-04-19,1,0,2024:1
Andy Kong,1,2020-12-30,2020-12-30,1,0,2020:1
Andy Rivera,1,2017-09-20,2017-09-20,1,0,2017:1
Andy Savage,1,2021-01-29,2021-01-29,1,0,2021:1
Andy Stott,1,2024-11-30,2024-11-30,1,0,2024:1
Angel,1,2012-08-28,2012-08-28,1,0,2012:1
Angel City,1,2008-08-12,2008-08-12,1,0,2008:1
Angel Snow,1,2014-06-03,2014-06-03,1,0,2014:1
Angel Witch,1,2009-10-17,2009-10-17,1,0,2009:1
Angela,1,2013-01-20,2013-01-20,1,0,2013:1
Angine de Poitrine,1,2026-04-16,2026-04-16,1,0,2026:1
Angra,1,2009-10-17,2009-10-17,1,0,2009:1
Angus,1,2014-05-01,2014-05-01,1,0,2014:1
"Angèle, Roméo Elvis",1,2025-07-24,2025-07-24,1,0,2025:1
Angélique Kidjo and John Legend,1,2012-07-09,2012-07-09,1,0,2012:1
"Ani DiFranco, Stone Gossard",1,2025-05-28,2025-05-28,1,0,2025:1
Anika Noni Rose,1,2019-05-13,2019-05-13,1,0,2019:1
Animal Kingdom,1,2012-11-23,2012-11-23,1,0,2012:1
Anime Ringtones,1,2026-03-26,2026-03-26,1,0,2026:1
Anita Baker,1,2024-08-01,2024-08-01,1,0,2024:1
Anja Schneider,1,2014-12-29,2014-12-29,1,0,2014:1
Anki,1,2021-02-25,2021-02-25,1,0,2021:1
Ann Marie,1,2025-07-21,2025-07-21,1,0,2025:1
Ann Mortifee,1,2020-09-03,2020-09-03,1,0,2020:1
Anna Benton,1,2021-12-26,2021-12-26,1,0,2021:1
Anna Graves,1,2025-08-18,2025-08-18,1,0,2025:1
Anna Lille,1,2024-03-11,2024-03-11,1,0,2024:1
Anna Naklab,1,2015-09-24,2015-09-24,1,0,2015:1
Anna Sofia,1,2021-05-03,2021-05-03,1,0,2021:1
Anna Vaus,1,2022-06-09,2022-06-09,1,0,2022:1
"Anna von Hausswolff, Ethel Cain",1,2025-11-07,2025-11-07,1,0,2025:1
"Annatoria, Joe L Barnes",1,2024-08-12,2024-08-12,1,0,2024:1
"Annatoria, Sondae",1,2024-08-12,2024-08-12,1,0,2024:1
Anneli Saaristo,1,2021-08-09,2021-08-09,1,0,2021:1
Annie,1,2020-12-02,2020-12-02,1,0,2020:1
Annie Bosko,1,2015-09-14,2015-09-14,1,0,2015:1
Annie Hamilton,1,2019-06-30,2019-06-30,1,0,2019:1
Annie Leigh,1,2020-12-24,2020-12-24,1,0,2020:1
Annika Rose,1,2019-09-03,2019-09-03,1,0,2019:1
Annisya,1,2023-01-31,2023-01-31,1,0,2023:1
Anonymous,1,2021-01-31,2021-01-31,1,0,2021:1
Anonymous Depressed Dogs Club,1,2021-11-13,2021-11-13,1,0,2021:1
Anoraak,1,2026-09-02,2026-09-02,1,0,2026:1
Another Michael,1,2022-05-28,2022-05-28,1,0,2022:1
ANOTR,1,2026-09-02,2026-09-02,1,0,2026:1
Ansiktet,1,2012-04-26,2012-04-26,1,0,2012:1
Anssi 8000,1,2013-01-12,2013-01-12,1,0,2013:1
Ant Saunders,1,2020-04-07,2020-04-07,1,0,2020:1
Anthem Lights,1,2021-10-24,2021-10-24,1,0,2021:1
Anthony Gonzalez,1,2016-02-04,2016-02-04,1,0,2016:1
Anthony Hamilton,1,2015-11-18,2015-11-18,1,0,2015:1
Anthony Joseph & The Spasm Band,1,2015-08-17,2015-08-17,1,0,2015:1
"Anthony Lun, Anita Mui",1,2024-09-02,2024-09-02,1,0,2024:1
Anthony Middleton,1,2014-12-11,2014-12-11,1,0,2014:1
Anti-Flag,1,2023-01-06,2023-01-06,1,0,2023:1
Antoine Cara,1,2021-04-25,2021-04-25,1,0,2021:1
"Antoine Chambe, CILVR",1,2024-07-12,2024-07-12,1,0,2024:1
Anton Pau,1,2014-12-11,2014-12-11,1,0,2014:1
Antonio Pinto,1,2015-11-30,2015-11-30,1,0,2015:1
"Antonio Sulca (""Sunka Sua"")",1,2024-07-13,2024-07-13,1,0,2024:1
Antony and the Johnsons,1,2026-07-16,2026-07-16,1,0,2026:1
"Antony Szmierek, Kate Ireland",1,2026-01-19,2026-01-19,1,0,2026:1
Antony with Bryce Dessner,1,2010-09-10,2010-09-10,1,0,2010:1
Antti Auvinen,1,2021-01-08,2021-01-08,1,0,2021:1
Anya Gupta,1,2023-01-16,2023-01-16,1,0,2023:1
Anycia,1,2024-03-29,2024-03-29,1,0,2024:1
anzo,1,2017-11-27,2017-11-27,1,0,2017:1
Aperture Science Psychoacoustics Laboratory,1,2022-04-18,2022-04-18,1,0,2022:1
Apoptygma Berzerk,1,2010-04-10,2010-04-10,1,0,2010:1
Apparel Wax,1,2021-02-25,2021-02-25,1,0,2021:1
Appleby,1,2020-07-30,2020-07-30,1,0,2020:1
April + VISTA,1,2020-07-30,2020-07-30,1,0,2020:1
Aqua club,1,2015-12-03,2015-12-03,1,0,2015:1
Aquaserge,1,2025-09-08,2025-09-08,1,0,2025:1
Aqueous,1,2017-10-17,2017-10-17,1,0,2017:1
Aquila Rose/Daña Valdes/RDM,1,2009-12-06,2009-12-06,1,0,2009:1
Arab Strap,1,2026-07-16,2026-07-16,1,0,2026:1
Araya,1,2021-11-12,2021-11-12,1,0,2021:1
Arcadian,1,2025-12-04,2025-12-04,1,0,2025:1
Arche,1,2022-10-22,2022-10-22,1,0,2022:1
Archers of Loaf,1,2017-01-12,2017-01-12,1,0,2017:1
Archie Bell and The Drells,1,2010-04-18,2010-04-18,1,0,2010:1
Archie Cruz,1,2026-09-05,2026-09-05,1,0,2026:1
Archive,1,2026-07-16,2026-07-16,1,0,2026:1
Archy Marshall,1,2016-02-03,2016-02-03,1,0,2016:1
Arctic Lake,1,2019-11-26,2019-11-26,1,0,2019:1
Arden Forest,1,2019-11-28,2019-11-28,1,0,2019:1
Argonaut & Wasp,1,2019-07-18,2019-07-18,1,0,2019:1
Ari Lennox,1,2025-12-23,2025-12-23,1,0,2025:1
Aria Ohlsson,1,2021-01-29,2021-01-29,1,0,2021:1
Ariel Pink's Haunted Graffiti,1,2013-02-15,2013-02-15,1,0,2013:1
Ariel Posen,1,2022-09-22,2022-09-22,1,0,2022:1
ARIEL ZETINA,1,2024-07-13,2024-07-13,1,0,2024:1
Aries,1,2020-10-09,2020-10-09,1,0,2020:1
Arinity,1,2022-06-17,2022-06-17,1,0,2022:1
Arizona Jones,1,2017-11-23,2017-11-23,1,0,2017:1
"Arizona Zervas, Swae Lee",1,2020-04-07,2020-04-07,1,0,2020:1
Arja Koriseva,1,2012-12-01,2012-12-01,1,0,2012:1
Arja Saijonmaa,1,2021-05-19,2021-05-19,1,0,2021:1
Arjonas,1,2012-07-29,2012-07-29,1,0,2012:1
Arjuna Schiks,1,2014-12-29,2014-12-29,1,0,2014:1
"Ark Patrol, Veronika Redd",1,2020-04-07,2020-04-07,1,0,2020:1
Arkadia Jazz All-Stars,1,2022-09-26,2022-09-26,1,0,2022:1
Arken,1,2007-11-25,2007-11-25,1,0,2007:1
Arlissa,1,2020-03-23,2020-03-23,1,0,2020:1
Armandinho,1,2012-05-11,2012-05-11,1,0,2012:1
Armani Jordan,1,2023-02-14,2023-02-14,1,0,2023:1
Armani White,1,2022-10-03,2022-10-03,1,0,2022:1
"Armin van Buuren, Anne Gudrun",1,2025-01-17,2025-01-17,1,0,2025:1
"Armin van Buuren, D.O.D, Laura Welsh",1,2024-08-03,2024-08-03,1,0,2024:1
"Armin van Buuren, Ferry Corsten, Rank 1, Ruben de Ronde",1,2025-01-16,2025-01-16,1,0,2025:1
Army of Lovers,1,2008-12-29,2008-12-29,1,0,2008:1
Arnica Montana,1,2013-01-20,2013-01-20,1,0,2013:1
AronChupa,1,2015-05-27,2015-05-27,1,0,2015:1
"AronChupa, Little Sis Nora",1,2025-05-30,2025-05-30,1,0,2025:1
"Arooj Aftab, Cautious Clay, Kaki King, Maeve Gilchrist",1,2026-01-20,2026-01-20,1,0,2026:1
"Arooj Aftab, Chocolate Genius Incorporated",1,2026-01-20,2026-01-20,1,0,2026:1
"Arooj Aftab, Khruangbin",1,2025-05-28,2025-05-28,1,0,2025:1
Art Ensemble of Chicago,1,2012-04-06,2012-04-06,1,0,2012:1
ARTEKK,1,2021-12-26,2021-12-26,1,0,2021:1
"Artemas, southstar",1,2024-07-11,2024-07-11,1,0,2024:1
Artful Dodger and Romina Johnson,1,2012-08-28,2012-08-28,1,0,2012:1
Arthur Blythe,1,2015-12-14,2015-12-14,1,0,2015:1
Arthur Moon,1,2020-10-13,2020-10-13,1,0,2020:1
Artwork,1,2013-08-27,2013-08-27,1,0,2013:1
Aru-2,1,2019-08-23,2019-08-23,1,0,2019:1
Arum Rae,1,2017-10-20,2017-10-20,1,0,2017:1
Arun Ghosh,1,2009-08-14,2009-08-14,1,0,2009:1
Arushi Jain,1,2023-08-01,2023-08-01,1,0,2023:1
Arvo Pärt,1,2019-08-08,2019-08-08,1,0,2019:1
ARXX,1,2019-08-29,2019-08-29,1,0,2019:1
As December Falls,1,2023-01-06,2023-01-06,1,0,2023:1
Asaf Avidan & The Mojos,1,2017-05-10,2017-05-10,1,0,2017:1
Ascorbite,1,2014-12-11,2014-12-11,1,0,2014:1
Ash Leone,1,2021-04-27,2021-04-27,1,0,2021:1
Ash Lune,1,2021-12-03,2021-12-03,1,0,2021:1
Asha Imuno,1,2022-10-06,2022-10-06,1,0,2022:1
"Ashley Monroe, Brittney Spencer",1,2025-07-31,2025-07-31,1,0,2025:1
Ashley O,1,2019-06-19,2019-06-19,1,0,2019:1
"Ashnikko, COBRAH",1,2025-10-13,2025-10-13,1,0,2025:1
Ashton Irwin,1,2024-07-09,2024-07-09,1,0,2024:1
Asierhans,1,2019-08-28,2019-08-28,1,0,2019:1
Asiris,1,2024-01-21,2024-01-21,1,0,2024:1
Askling,1,2019-10-01,2019-10-01,1,0,2019:1
ASL,1,2019-07-18,2019-07-18,1,0,2019:1
Asleep Archive,1,2019-08-23,2019-08-23,1,0,2019:1
astels,1,2024-03-29,2024-03-29,1,0,2024:1
Astor Walk,1,2026-01-20,2026-01-20,1,0,2026:1
Astrid Lindgren,1,2021-10-08,2021-10-08,1,0,2021:1
Astrid Sonne,1,2024-03-11,2024-03-11,1,0,2024:1
Astrid Williamson,1,2015-12-16,2015-12-16,1,0,2015:1
Astronomyy,1,2015-09-03,2015-09-03,1,0,2015:1
Asyncronous,1,2020-09-09,2020-09-09,1,0,2020:1
At the Gates,1,2025-11-22,2025-11-22,1,0,2025:1
ATC,1,2008-12-29,2008-12-29,1,0,2008:1
ATEEZ,1,2024-08-14,2024-08-14,1,0,2024:1
Atlan Chill,1,2013-01-20,2013-01-20,1,0,2013:1
Atlantic Five Jazz Band,1,2022-04-14,2022-04-14,1,0,2022:1
ATLXS,1,2025-12-25,2025-12-25,1,0,2025:1
Atmosphere,1,2014-12-03,2014-12-03,1,0,2014:1
ATO,1,2022-06-12,2022-06-12,1,0,2022:1
Au/Ra,1,2025-07-22,2025-07-22,1,0,2025:1
Aubrey Omari,1,2020-07-16,2020-07-16,1,0,2020:1
"AUDIO PUSH, Eric Bellinger",1,2020-03-23,2020-03-23,1,0,2020:1
Audio Science,1,2010-01-02,2010-01-02,1,0,2010:1
Audrey Assad,1,2014-06-03,2014-06-03,1,0,2014:1
Audrey Gallagher,1,2012-07-28,2012-07-28,1,0,2012:1
Audrey Hobert,1,2025-09-14,2025-09-14,1,0,2025:1
Audrey Nuna,1,2020-09-26,2020-09-26,1,0,2020:1
Augest,1,2019-09-03,2019-09-03,1,0,2019:1
August Burns Red,1,2012-12-23,2012-12-23,1,0,2012:1
August Charles,1,2021-09-25,2021-09-25,1,0,2021:1
Augustines,1,2014-01-13,2014-01-13,1,0,2014:1
"Auli'i Cravalho, Jaquel Spivey",1,2025-02-06,2025-02-06,1,0,2025:1
Auriént,1,2026-09-02,2026-09-02,1,0,2026:1
Aurélie Saada,1,2025-03-09,2025-03-09,1,0,2025:1
Aus,1,2015-12-11,2015-12-11,1,0,2015:1
Ausgang,1,2025-11-30,2025-11-30,1,0,2025:1
Austenyo,1,2020-10-20,2020-10-20,1,0,2020:1
Austin Plaine,1,2022-01-05,2022-01-05,1,0,2022:1
Austin Snell,1,2023-02-04,2023-02-04,1,0,2023:1
Austin Willacy,1,2009-06-13,2009-06-13,1,0,2009:1
"Austyn Johnson, Cameron Seely, Hugh Jackman",1,2024-10-04,2024-10-04,1,0,2024:1
Ava Rocha,1,2024-07-14,2024-07-14,1,0,2024:1
Avant,1,2009-08-20,2009-08-20,1,0,2009:1
Avey Tare,1,2023-06-20,2023-06-20,1,0,2023:1
Avey Tare's Slasher Flicks,1,2015-04-20,2015-04-20,1,0,2015:1
Avi Kaplan,1,2021-08-22,2021-08-22,1,0,2021:1
Aviad,1,2021-12-03,2021-12-03,1,0,2021:1
Avicii & Sebastien Drums,1,2025-02-09,2025-02-09,1,0,2025:1
Avicii vs. Lenny Kravitz,1,2015-06-29,2015-06-29,1,0,2015:1
"Avicii, Elle King",1,2025-05-20,2025-05-20,1,0,2025:1
"Avicii, Nicky Romero",1,2025-02-21,2025-02-21,1,0,2025:1
"Avicii, Wailin",1,2025-03-09,2025-03-09,1,0,2025:1
Aviva,1,2019-09-03,2019-09-03,1,0,2019:1
AVOCADO BOYS,1,2019-08-23,2019-08-23,1,0,2019:1
"Avril Lavigne, Nicki Minaj",1,2020-05-06,2020-05-06,1,0,2020:1
"Avril Lavigne, YUNGBLUD",1,2025-04-04,2025-04-04,1,0,2025:1
Awkward Branches,1,2025-01-13,2025-01-13,1,0,2025:1
"AWOLNATION, Emily Armstrong",1,2025-06-09,2025-06-09,1,0,2025:1
Axe,1,2009-06-14,2009-06-14,1,0,2009:1
Axel Dahlin,1,2024-02-21,2024-02-21,1,0,2024:1
Axel Fischer,1,2017-10-25,2017-10-25,1,0,2017:1
Axel Flóvent,1,2020-11-15,2020-11-15,1,0,2020:1
Axel Folley,1,2009-10-31,2009-10-31,1,0,2009:1
Axel Le Baron,1,2017-05-16,2017-05-16,1,0,2017:1
Axelle Red,1,2025-12-04,2025-12-04,1,0,2025:1
Axwell Λ Ingrosso,1,2015-07-03,2015-07-03,1,0,2015:1
"Axwell, Ingrosso, Steve Angello And Laidback Luke Feat. Deborah Cox",1,2025-03-27,2025-03-27,1,0,2025:1
Ay Wing,1,2019-09-03,2019-09-03,1,0,2019:1
Ayetoro,1,2013-06-29,2013-06-29,1,0,2013:1
Ayia Gold,1,2020-11-19,2020-11-19,1,0,2020:1
Ayla Nova,1,2021-02-25,2021-02-25,1,0,2021:1
Ayo Maff,1,2025-07-09,2025-07-09,1,0,2025:1
Ayotemi,1,2022-01-04,2022-01-04,1,0,2022:1
"Ayra Starr, Rema",1,2025-12-23,2025-12-23,1,0,2025:1
"Ayra Starr, Seyi Vibez",1,2024-07-16,2024-07-16,1,0,2024:1
Ayub Ogada,1,2008-12-30,2008-12-30,1,0,2008:1
Ayọ,1,2024-07-17,2024-07-17,1,0,2024:1
az chike,1,2025-07-09,2025-07-09,1,0,2025:1
Aza Nabuko,1,2021-02-05,2021-02-05,1,0,2021:1
Azeda Booth,1,2015-12-11,2015-12-11,1,0,2015:1
Aziza Brahim,1,2026-05-18,2026-05-18,1,0,2026:1
Azoora feat. graciellita,1,2014-04-30,2014-04-30,1,0,2014:1
Azul Grande,1,2014-09-21,2014-09-21,1,0,2014:1
Azure Ray,1,2021-08-22,2021-08-22,1,0,2021:1
B.J. Smith,1,2015-09-29,2015-09-29,1,0,2015:1
B.J. Thomas,1,2013-11-25,2013-11-25,1,0,2013:1
"B.o.B, Hayley Williams",1,2025-07-09,2025-07-09,1,0,2025:1
"B.o.B, Lil Wayne",1,2025-07-19,2025-07-19,1,0,2025:1
B0YG1RL,1,2026-08-26,2026-08-26,1,0,2026:1
baaskaT,1,2019-09-18,2019-09-18,1,0,2019:1
Baba Ali,1,2020-12-08,2020-12-08,1,0,2020:1
Baba Zula,1,2013-02-06,2013-02-06,1,0,2013:1
Babacar Faye,1,2006-05-11,2006-05-11,1,0,2006:1
Babasónicos,1,2019-06-07,2019-06-07,1,0,2019:1
Babe Corner,1,2023-05-08,2023-05-08,1,0,2023:1
Babebee,1,2023-01-14,2023-01-14,1,0,2023:1
BABEHOVEN,1,2024-04-30,2024-04-30,1,0,2024:1
BABii,1,2023-01-27,2023-01-27,1,0,2023:1
Baby Bash,1,2014-12-30,2014-12-30,1,0,2014:1
Baby Cool,1,2023-01-27,2023-01-27,1,0,2023:1
"Baby Gas, RICHIE RICH",1,2025-12-31,2025-12-31,1,0,2025:1
Baby Jeweler,1,2023-02-04,2023-02-04,1,0,2023:1
Baby Keem,1,2026-04-13,2026-04-13,1,0,2026:1
Baby Lemonade,1,2023-07-24,2023-07-24,1,0,2023:1
Baby Osamaa,1,2025-12-01,2025-12-01,1,0,2025:1
Baby Rose,1,2025-01-22,2025-01-22,1,0,2025:1
Baby Shade,1,2023-01-13,2023-01-13,1,0,2023:1
"BabyDrill, 21 Savage",1,2025-05-30,2025-05-30,1,0,2025:1
Babyfa$e James,1,2023-02-04,2023-02-04,1,0,2023:1
Babyface Ray,1,2024-08-14,2024-08-14,1,0,2024:1
Babyfxce E,1,2025-12-01,2025-12-01,1,0,2025:1
BabyJake,1,2021-07-12,2021-07-12,1,0,2021:1
Babymorocco,1,2026-02-14,2026-02-14,1,0,2026:1
Baccara,1,2021-08-18,2021-08-18,1,0,2021:1
Bad Bad Hats,1,2022-10-06,2022-10-06,1,0,2022:1
"Bad Bunny, Bomba Estéreo",1,2025-06-06,2025-06-06,1,0,2025:1
"Bad Bunny, Chuwi",1,2025-11-17,2025-11-17,1,0,2025:1
"Bad Bunny, Omar Courtz, Dei V",1,2025-11-17,2025-11-17,1,0,2025:1
"Bad Bunny, RaiNao",1,2025-11-17,2025-11-17,1,0,2025:1
Bad Gyal,1,2025-07-23,2025-07-23,1,0,2025:1
Bad Heather,1,2021-01-29,2021-01-29,1,0,2021:1
Bad Meets Evil,1,2013-01-06,2013-01-06,1,0,2013:1
Bad Milk,1,2021-02-05,2021-02-05,1,0,2021:1
Bad Omens,1,2025-10-31,2025-10-31,1,0,2025:1
Bad Wolves,1,2024-07-16,2024-07-16,1,0,2024:1
Bad//Dreems,1,2017-07-06,2017-07-06,1,0,2017:1
"Badbadnotgood, Charlotte Day Wilson",1,2024-10-07,2024-10-07,1,0,2024:1
Baden Powell & Vinícius De Moraes,1,2024-07-13,2024-07-13,1,0,2024:1
Badfinger,1,2015-04-10,2015-04-10,1,0,2015:1
Bagarre,1,2025-09-08,2025-09-08,1,0,2025:1
Bailen,1,2019-06-15,2019-06-15,1,0,2019:1
Bailey Rushlow,1,2021-08-22,2021-08-22,1,0,2021:1
Baka Not Nice,1,2018-01-04,2018-01-04,1,0,2018:1
Baker Grace,1,2025-07-21,2025-07-21,1,0,2025:1
Bakermat,1,2013-03-04,2013-03-04,1,0,2013:1
Balam Acab,1,2015-12-11,2015-12-11,1,0,2015:1
Ball Park Music,1,2022-06-14,2022-06-14,1,0,2022:1
Ballet School,1,2014-07-26,2014-07-26,1,0,2014:1
Balthazar,1,2020-11-11,2020-11-11,1,0,2020:1
Bam Marley,1,2020-02-18,2020-02-18,1,0,2020:1
Bambara,1,2019-05-13,2019-05-13,1,0,2019:1
Bambi Fodera,1,2025-10-13,2025-10-13,1,0,2025:1
Bambi K,1,2023-01-16,2023-01-16,1,0,2023:1
BAMBii,1,2025-08-13,2025-08-13,1,0,2025:1
Bambooman,1,2014-01-15,2014-01-15,1,0,2014:1
Bananas In Pyjamas,1,2021-10-02,2021-10-02,1,0,2021:1
Banco De Gaia,1,2026-03-02,2026-03-02,1,0,2026:1
Band from Huaras,1,2024-07-13,2024-07-13,1,0,2024:1
Banda Magda,1,2017-12-07,2017-12-07,1,0,2017:1
Banda Westfalica,1,2015-07-08,2015-07-08,1,0,2015:1
Banfi,1,2019-09-09,2019-09-09,1,0,2019:1
Bankrol Hayden,1,2021-12-12,2021-12-12,1,0,2021:1
Barbara,1,2009-10-17,2009-10-17,1,0,2009:1
Barbara & Ernie,1,2024-06-21,2024-06-21,1,0,2024:1
Barbara Jones,1,2022-04-09,2022-04-09,1,0,2022:1
Barbara Pravi,1,2021-06-06,2021-06-06,1,0,2021:1
Barclay Crenshaw,1,2017-11-27,2017-11-27,1,0,2017:1
Bargain Music,1,2009-10-09,2009-10-09,1,0,2009:1
Barker,1,2020-09-09,2020-09-09,1,0,2020:1
"Barnaba, Abigail Chams",1,2025-09-14,2025-09-14,1,0,2025:1
Barney,1,2021-11-20,2021-11-20,1,0,2021:1
"Barnim, Gverilla",1,2024-07-13,2024-07-13,1,0,2024:1
Barny Fletcher,1,2021-07-12,2021-07-12,1,0,2021:1
Baron.E,1,2022-10-22,2022-10-22,1,0,2022:1
Barringtone,1,2015-04-20,2015-04-20,1,0,2015:1
Barry Brown,1,2007-11-10,2007-11-10,1,0,2007:1
Barry Louis Polisar,1,2023-12-20,2023-12-20,1,0,2023:1
Barry Manilow,1,2008-02-23,2008-02-23,1,0,2008:1
Barry McGuire,1,2009-12-12,2009-12-12,1,0,2009:1
Baseball game,1,2023-03-16,2023-03-16,1,0,2023:1
BASEMENT CLUB,1,2019-08-28,2019-08-28,1,0,2019:1
Basic Tape,1,2017-04-18,2017-04-18,1,0,2017:1
Bass Legacy,1,2021-02-05,2021-02-05,1,0,2021:1
Bassekou Kouyate & Ngoni ba,1,2009-01-07,2009-01-07,1,0,2009:1
Bassfort,1,2015-08-18,2015-08-18,1,0,2015:1
Bassio,1,2020-04-14,2020-04-14,1,0,2020:1
Bassjackers,1,2017-02-15,2017-02-15,1,0,2017:1
bastien keb,1,2017-10-27,2017-10-27,1,0,2017:1
bathe,1,2021-09-25,2021-09-25,1,0,2021:1
Battle,1,2009-10-17,2009-10-17,1,0,2009:1
Bavé,1,2022-07-14,2022-07-14,1,0,2022:1
"Baxter Dury, JGRREY",1,2026-01-19,2026-01-19,1,0,2026:1
Bayanni,1,2025-06-25,2025-06-25,1,0,2025:1
"Bayanni, LADIPOE, Crayon, Magixx, Johnny Drille, Mavins, Boy Spyce, Ayra Starr, Rema",1,2025-06-25,2025-06-25,1,0,2025:1
BAYNK,1,2022-12-30,2022-12-30,1,0,2022:1
BayWa,1,2013-11-17,2013-11-17,1,0,2013:1
BB Diamond,1,2015-09-10,2015-09-10,1,0,2015:1
bb sway,1,2023-06-08,2023-06-08,1,0,2023:1
BBHF,1,2019-08-23,2019-08-23,1,0,2019:1
BBQT,1,2019-08-28,2019-08-28,1,0,2019:1
bbyclose,1,2026-07-07,2026-07-07,1,0,2026:1
bCalm,1,2022-06-17,2022-06-17,1,0,2022:1
BCUC,1,2017-10-25,2017-10-25,1,0,2017:1
"bdifferent, NoCap",1,2025-12-01,2025-12-01,1,0,2025:1
Bea Maher,1,2024-06-09,2024-06-09,1,0,2024:1
beachtown,1,2021-04-27,2021-04-27,1,0,2021:1
Beachwood Sparks,1,2020-12-19,2020-12-19,1,0,2020:1
Beacon,1,2026-09-04,2026-09-04,1,0,2026:1
Beanie Sigel,1,2025-08-08,2025-08-08,1,0,2025:1
Bear McCreary,1,2015-11-30,2015-11-30,1,0,2015:1
Bears in Trees,1,2022-05-23,2022-05-23,1,0,2022:1
Bearson,1,2019-06-28,2019-06-28,1,0,2019:1
beatrice m.,1,2026-03-13,2026-03-13,1,0,2026:1
Beats & Pieces,1,2012-07-15,2012-07-15,1,0,2012:1
Beats International,1,2013-08-25,2013-08-25,1,0,2013:1
Beaty Heart,1,2015-04-20,2015-04-20,1,0,2015:1
Beau Nectar,1,2026-07-29,2026-07-29,1,0,2026:1
Beausoleil,1,2007-04-21,2007-04-21,1,0,2007:1
Beaux,1,2021-01-29,2021-01-29,1,0,2021:1
Bebi Monsuta,1,2021-12-03,2021-12-03,1,0,2021:1
Becky and the Birds,1,2019-09-03,2019-09-03,1,0,2019:1
Becky Hill,1,2024-07-16,2024-07-16,1,0,2024:1
Bedridden,1,2023-01-27,2023-01-27,1,0,2023:1
Bee,1,2025-04-15,2025-04-15,1,0,2025:1
beeef,1,2019-08-28,2019-08-28,1,0,2019:1
Beenie Man,1,2015-12-08,2015-12-08,1,0,2015:1
BEKA,1,2026-04-20,2026-04-20,1,0,2026:1
Bell,1,2024-06-17,2024-06-17,1,0,2024:1
bella amor,1,2024-01-15,2024-01-15,1,0,2024:1
Bella Raye,1,2021-12-26,2021-12-26,1,0,2021:1
Bellaire,1,2026-09-04,2026-09-04,1,0,2026:1
Belle & Sebastian,1,2025-02-04,2025-02-04,1,0,2025:1
Belly,1,2026-07-20,2026-07-20,1,0,2026:1
Ben Böhmer,1,2026-08-24,2026-08-24,1,0,2026:1
Ben E. King,1,2020-09-03,2020-09-03,1,0,2020:1
Ben Eggs,1,2023-06-20,2023-06-20,1,0,2023:1
"Ben Mazué, Pomme",1,2025-12-02,2025-12-02,1,0,2025:1
"Ben Rector, Hailey Whitters",1,2025-07-23,2025-07-23,1,0,2025:1
Ben Webster,1,2014-12-30,2014-12-30,1,0,2014:1
Ben Woodward,1,2021-08-22,2021-08-22,1,0,2021:1
Ben Woolman,1,2015-12-09,2015-12-09,1,0,2015:1
Benab,1,2025-02-19,2025-02-19,1,0,2025:1
Bendigo Fletcher,1,2019-06-17,2019-06-17,1,0,2019:1
"BENEE, Gus Dapperton",1,2020-04-07,2020-04-07,1,0,2020:1
Benefits,1,2026-01-16,2026-01-16,1,0,2026:1
Benin City,1,2019-09-03,2019-09-03,1,0,2019:1
Benjamin,1,2022-08-21,2022-08-21,1,0,2022:1
"Benjamin Biolay, Clara Luciani",1,2025-03-11,2025-03-11,1,0,2025:1
"Benjamin Biolay, Melvil Poupaud",1,2025-09-11,2025-09-11,1,0,2025:1
Benjamin Carter,1,2023-02-04,2023-02-04,1,0,2023:1
Benjamin Clementine,1,2015-08-25,2015-08-25,1,0,2015:1
Benjamin Love,1,2019-07-24,2019-07-24,1,0,2019:1
Benjamin Monday,1,2018-03-19,2018-03-19,1,0,2018:1
Benji Candelario - Presents Arnold Jarvis,1,2007-03-20,2007-03-20,1,0,2007:1
Benji Lewis,1,2019-09-05,2019-09-05,1,0,2019:1
Bennett,1,2023-10-08,2023-10-08,1,0,2023:1
Benny Bellson,1,2022-06-14,2022-06-14,1,0,2022:1
Benny L,1,2017-11-23,2017-11-23,1,0,2017:1
"Benny Reid, Havoc",1,2024-10-10,2024-10-10,1,0,2024:1
BenZel,1,2014-12-30,2014-12-30,1,0,2014:1
BEO LIL KENNY,1,2025-12-30,2025-12-30,1,0,2025:1
Beoga,1,2020-12-13,2020-12-13,1,0,2020:1
Berliner Philharmoniker,1,2015-09-08,2015-09-08,1,0,2015:1
Berre,1,2024-04-19,2024-04-19,1,0,2024:1
Berry Galazka,1,2020-12-07,2020-12-07,1,0,2020:1
Berry Juice,1,2021-12-26,2021-12-26,1,0,2021:1
Bert Jansch,1,2009-06-13,2009-06-13,1,0,2009:1
Best Frenz,1,2023-09-29,2023-09-29,1,0,2023:1
Best Friends,1,2015-04-20,2015-04-20,1,0,2015:1
Beta Simon,1,2013-06-29,2013-06-29,1,0,2013:1
Betablock3r,1,2015-09-10,2015-09-10,1,0,2015:1
Beth Hart,1,2025-08-18,2025-08-18,1,0,2025:1
Bette Midler,1,2021-09-16,2021-09-16,1,0,2021:1
Betty Who,1,2014-12-22,2014-12-22,1,0,2014:1
Betty Wright,1,2007-09-29,2007-09-29,1,0,2007:1
BeyoncÃ© and  Shakira,1,2007-07-24,2007-07-24,1,0,2007:1
"Beyoncé, Jay Z",1,2025-08-08,2025-08-08,1,0,2025:1
"Beyoncé, Linda Martell, Shaboozey",1,2025-12-29,2025-12-29,1,0,2025:1
"Beyoncé, Miley Cyrus",1,2025-12-29,2025-12-29,1,0,2025:1
"Beyoncé, Post Malone",1,2025-12-29,2025-12-29,1,0,2025:1
"Beyoncé, Rumi Carter",1,2025-12-27,2025-12-27,1,0,2025:1
"Beyoncé, Tanner Adell, Brittney Spencer, Tiera Kennedy, Reyna Roberts",1,2025-12-27,2025-12-27,1,0,2025:1
"Beyoncé, Willie Jones",1,2025-12-29,2025-12-29,1,0,2025:1
Beyond,1,2024-09-02,2024-09-02,1,0,2024:1
Beyries,1,2020-10-21,2020-10-21,1,0,2020:1
Bezerra da Silva,1,2024-07-13,2024-07-13,1,0,2024:1
Bhangralution,1,2012-07-15,2012-07-15,1,0,2012:1
Bianca Costa,1,2025-02-19,2025-02-19,1,0,2025:1
Biche,1,2025-11-14,2025-11-14,1,0,2025:1
Bickle,1,2023-06-12,2023-06-12,1,0,2023:1
"Big A Prado, Harlem Zone, Esquimo D.O.E.",1,2025-12-31,2025-12-31,1,0,2025:1
Big Black,1,2025-08-08,2025-08-08,1,0,2025:1
"Big Freedia, Billy Porter",1,2025-07-21,2025-07-21,1,0,2025:1
Big Grams,1,2016-02-03,2016-02-03,1,0,2016:1
Big Head Todd and the Monsters,1,2012-05-11,2012-05-11,1,0,2012:1
Big Mountain,1,2015-12-07,2015-12-07,1,0,2015:1
Big Pun,1,2024-05-27,2024-05-27,1,0,2024:1
"Big Sean, The Alchemist",1,2024-08-19,2024-08-19,1,0,2024:1
Big Sleep,1,2024-04-19,2024-04-19,1,0,2024:1
Big Time Rush,1,2024-08-03,2024-08-03,1,0,2024:1
Big Yawn,1,2019-08-28,2019-08-28,1,0,2019:1
Big Z,1,2021-04-25,2021-04-25,1,0,2021:1
Bigflo & Oli,1,2025-11-24,2025-11-24,1,0,2025:1
"Bigflo & Oli, Julien Doré",1,2025-11-24,2025-11-24,1,0,2025:1
Bilber,1,2014-12-10,2014-12-10,1,0,2014:1
Bill Charlap,1,2014-12-30,2014-12-30,1,0,2014:1
Bill Fay,1,2025-07-28,2025-07-28,1,0,2025:1
"Bill Frisell, Alexander Hanson, Brussels Philharmonic, Rudy Royston, Thomas Morgan",1,2026-01-20,2026-01-20,1,0,2026:1
"Bill Frisell, Manuele Morbidini, Rudy Royston, Thomas Morgan, Umbria Jazz Orchestra",1,2026-01-20,2026-01-20,1,0,2026:1
Bill Jerpe,1,2020-10-31,2020-10-31,1,0,2020:1
"Bill Medley, Keb'Mo'",1,2025-02-23,2025-02-23,1,0,2025:1
"Bill Medley, Michael McDonald",1,2025-02-23,2025-02-23,1,0,2025:1
Billacheck,1,2023-01-16,2023-01-16,1,0,2023:1
"Billie Eilish, Justin Bieber",1,2024-07-19,2024-07-19,1,0,2024:1
Billow,1,2021-03-01,2021-03-01,1,0,2021:1
Billy Branch & The Sons of Blues,1,2024-03-13,2024-03-13,1,0,2024:1
Billy Cobham,1,2014-12-30,2014-12-30,1,0,2014:1
Billy Eichner,1,2021-02-20,2021-02-20,1,0,2021:1
Billy Lemos,1,2020-10-20,2020-10-20,1,0,2020:1
Billy Paul,1,2014-01-12,2014-01-12,1,0,2014:1
Billy Porter,1,2024-08-03,2024-08-03,1,0,2024:1
Billy Raffoul,1,2021-08-22,2021-08-22,1,0,2021:1
Billy Woods,1,2026-01-29,2026-01-29,1,0,2026:1
"Billy Woods, Bruiser Wolf, Sadhugold",1,2026-01-16,2026-01-16,1,0,2026:1
"Billy Woods, Conductor Williams",1,2026-01-16,2026-01-16,1,0,2026:1
"Billy Woods, Kenny Segal",1,2026-01-16,2026-01-16,1,0,2026:1
"Billy Woods, Preservation",1,2026-01-16,2026-01-16,1,0,2026:1
"billy woods, Steel Tipped Dove",1,2026-01-16,2026-01-16,1,0,2026:1
Binario,1,2009-08-14,2009-08-14,1,0,2009:1
Bing Crosby & The Andrews Sisters,1,2008-12-30,2008-12-30,1,0,2008:1
Binker and Moses,1,2017-09-01,2017-09-01,1,0,2017:1
Binki,1,2020-10-03,2020-10-03,1,0,2020:1
Biochip,1,2019-08-28,2019-08-28,1,0,2019:1
"Birds Of The West, Wishes and Dreams, Okwow",1,2024-11-11,2024-11-11,1,0,2024:1
birdtunes,1,2020-07-16,2020-07-16,1,0,2020:1
birgir,1,2017-12-27,2017-12-27,1,0,2017:1
BIRTHH,1,2019-10-01,2019-10-01,1,0,2019:1
Bishop Allen,1,2019-06-06,2019-06-06,1,0,2019:1
Bitter:Sweet,1,2015-08-20,2015-08-20,1,0,2015:1
Bitty McLean,1,2013-04-07,2013-04-07,1,0,2013:1
Bixiga 70,1,2015-09-28,2015-09-28,1,0,2015:1
BIYO,1,2021-04-27,2021-04-27,1,0,2021:1
Bizzy,1,2025-07-21,2025-07-21,1,0,2025:1
Björn Skifs,1,2025-07-16,2025-07-16,1,0,2025:1
Bl4ck7ack,1,2021-11-19,2021-11-19,1,0,2021:1
Blablarism,1,2022-06-13,2022-06-13,1,0,2022:1
Black Black Hills,1,2015-01-24,2015-01-24,1,0,2015:1
Black Box,1,2012-05-23,2012-05-23,1,0,2012:1
"Black Caviar, Jenn Morel",1,2020-03-23,2020-03-23,1,0,2020:1
Black Coffee,1,2021-12-29,2021-12-29,1,0,2021:1
"Black Coffee, Sabrina Claudio",1,2020-04-24,2020-04-24,1,0,2020:1
Black Elk,1,2015-12-09,2015-12-09,1,0,2015:1
Black Heat,1,2020-09-08,2020-09-08,1,0,2020:1
Black Hibiscus,1,2023-10-21,2023-10-21,1,0,2023:1
Black Legend,1,2012-10-07,2012-10-07,1,0,2012:1
Black Lips,1,2017-06-11,2017-06-11,1,0,2017:1
Black Lizard,1,2015-08-17,2015-08-17,1,0,2015:1
Black M,1,2025-12-04,2025-12-04,1,0,2025:1
Black Pumas,1,2024-04-28,2024-04-28,1,0,2024:1
Black Stone Cherry,1,2025-09-26,2025-09-26,1,0,2025:1
Blackalicious,1,2021-08-24,2021-08-24,1,0,2021:1
Blackbird Blackbird,1,2014-04-30,2014-04-30,1,0,2014:1
Blackfoot,1,2009-06-13,2009-06-13,1,0,2009:1
"Blackst., Fishbone, Slash, ODB",1,2006-11-07,2006-11-07,1,0,2006:1
blacktoothed,1,2023-10-22,2023-10-22,1,0,2023:1
Bladverk Band,1,2019-08-30,2019-08-30,1,0,2019:1
Blaenavon,1,2020-08-12,2020-08-12,1,0,2020:1
Blaize Jenkins,1,2023-10-21,2023-10-21,1,0,2023:1
Blake Mills,1,2019-06-06,2019-06-06,1,0,2019:1
Blake Rose,1,2019-11-27,2019-11-27,1,0,2019:1
Blank & Jones with Mystic Diversions,1,2013-01-23,2013-01-23,1,0,2013:1
"Blasterjaxx, Bassjackers",1,2025-04-28,2025-04-28,1,0,2025:1
Blaudzun,1,2013-01-16,2013-01-16,1,0,2013:1
Blazo,1,2017-10-17,2017-10-17,1,0,2017:1
Bleary Eyed,1,2023-02-04,2023-02-04,1,0,2023:1
Blended Babies,1,2017-11-28,2017-11-28,1,0,2017:1
Blessing Offor,1,2025-07-21,2025-07-21,1,0,2025:1
Bleu Toucan,1,2022-10-22,2022-10-22,1,0,2022:1
Blewbird,1,2021-02-21,2021-02-21,1,0,2021:1
Blind Guardian,1,2010-11-16,2010-11-16,1,0,2010:1
Blind Pilot,1,2015-08-19,2015-08-19,1,0,2015:1
Blindside,1,2026-04-06,2026-04-06,1,0,2026:1
Bliss,1,2012-05-03,2012-05-03,1,0,2012:1
Blixa Bargeld,1,2013-04-07,2013-04-07,1,0,2013:1
Blk,1,2020-07-21,2020-07-21,1,0,2020:1
BLK JKS,1,2012-07-12,2012-07-12,1,0,2012:1
BLK ODYSSY,1,2024-07-13,2024-07-13,1,0,2024:1
"BLK ODYSSY, Benny The Butcher, George Clinton",1,2024-08-14,2024-08-14,1,0,2024:1
"BlocBoy JB, Drake",1,2020-04-23,2020-04-23,1,0,2020:1
Blonde Maze,1,2023-06-20,2023-06-20,1,0,2023:1
Blonde Redhead & Devastations,1,2010-10-04,2010-10-04,1,0,2010:1
"Blondshell, Gigi Perez",1,2025-11-20,2025-11-20,1,0,2025:1
"Blondshell, John Glacier",1,2025-11-20,2025-11-20,1,0,2025:1
"Blood Orange, Eva Tolkin, Liam Benzvi, Ian Isiah",1,2026-01-22,2026-01-22,1,0,2026:1
Blood Red Shoes,1,2013-04-25,2013-04-25,1,0,2013:1
"Blood, Sweat & Tears",1,2010-01-03,2010-01-03,1,0,2010:1
bloody white,1,2021-01-17,2021-01-17,1,0,2021:1
bludnymph,1,2023-01-14,2023-01-14,1,0,2023:1
Blue,1,2012-05-14,2012-05-14,1,0,2012:1
Blue Foundation,1,2013-02-16,2013-02-16,1,0,2013:1
Blue Hawaii,1,2022-12-30,2022-12-30,1,0,2022:1
Blue J,1,2021-02-08,2021-02-08,1,0,2021:1
Blue Lunar Monkey,1,2012-12-20,2012-12-20,1,0,2012:1
Blue Metheney,1,2014-09-25,2014-09-25,1,0,2014:1
Blue Metheny,1,2012-07-15,2012-07-15,1,0,2012:1
Blue Scholars,1,2013-03-15,2013-03-15,1,0,2013:1
Blue Six,1,2013-03-04,2013-03-04,1,0,2013:1
Blue Sky Black Death,1,2026-07-23,2026-07-23,1,0,2026:1
Blue Stone,1,2012-05-03,2012-05-03,1,0,2012:1
Blue Street Players,1,2020-12-24,2020-12-24,1,0,2020:1
Blue Öyster Cult,1,2010-08-18,2010-08-18,1,0,2010:1
BlueBiird,1,2022-10-23,2022-10-23,1,0,2022:1
"Bluewerks, Lola",1,2024-11-10,2024-11-10,1,0,2024:1
bluntone,1,2019-09-18,2019-09-18,1,0,2019:1
BLÜ EYES,1,2021-05-03,2021-05-03,1,0,2021:1
BNNY,1,2024-02-24,2024-02-24,1,0,2024:1
Bo Hansson,1,2025-07-16,2025-07-16,1,0,2025:1
Bo Saris,1,2014-06-03,2014-06-03,1,0,2014:1
Bob Dylan & Johnny Cash,1,2024-09-18,2024-09-18,1,0,2024:1
Bob Sinclar & Steve Edwards,1,2025-06-02,2025-06-02,1,0,2025:1
Bob Sinclar f/ Jacob Desvarieux & J. Mi Sissoko,1,2007-03-08,2007-03-08,1,0,2007:1
"Bob Sinclar, Gary Pine",1,2025-06-02,2025-06-02,1,0,2025:1
"Bobby ""Blue"" Bland",1,2015-11-18,2015-11-18,1,0,2015:1
Bobby Bird,1,2006-09-17,2006-09-17,1,0,2006:1
Bobby Brown,1,2008-04-12,2008-04-12,1,0,2008:1
Bobby Caldwell,1,2023-11-07,2023-11-07,1,0,2023:1
Bobby Helms,1,2022-12-24,2022-12-24,1,0,2022:1
"Bobby Sessions, Killer Mike",1,2020-02-18,2020-02-18,1,0,2020:1
Bobo Moreno,1,2007-09-18,2007-09-18,1,0,2007:1
Bobolina - P. Blank,1,2013-01-23,2013-01-23,1,0,2013:1
Bochum Welt,1,2026-08-13,2026-08-13,1,0,2026:1
Bodega,1,2022-10-02,2022-10-02,1,0,2022:1
Bodhi,1,2015-04-20,2015-04-20,1,0,2015:1
Body Language,1,2013-04-25,2013-04-25,1,0,2013:1
boerd,1,2019-09-10,2019-09-10,1,0,2019:1
Bogart Co.,1,2011-09-09,2011-09-09,1,0,2011:1
BOH DORAN,1,2021-01-17,2021-01-17,1,0,2021:1
Bojan Z,1,2013-03-16,2013-03-16,1,0,2013:1
Bola Sete,1,2024-07-13,2024-07-13,1,0,2024:1
"Boldy James, Real Bad Man, El-P",1,2025-05-28,2025-05-28,1,0,2025:1
Boltex,1,2019-08-23,2019-08-23,1,0,2019:1
Bombino,1,2026-05-18,2026-05-18,1,0,2026:1
"Bon Entendeur, Emma Peters",1,2025-03-11,2025-03-11,1,0,2025:1
"Bon Entendeur, MC Solaar",1,2025-07-24,2025-07-24,1,0,2025:1
"Bon Jovi, Bruce Springsteen",1,2025-11-12,2025-11-12,1,0,2025:1
"Bon Jovi, The War And Treaty",1,2025-08-18,2025-08-18,1,0,2025:1
Boncana Maïga,1,2020-09-03,2020-09-03,1,0,2020:1
Bone Thugs-N-Harmony,1,2010-04-05,2010-04-05,1,0,2010:1
Bones and Jones,1,2024-01-11,2024-01-11,1,0,2024:1
Bones Garage,1,2019-09-02,2019-09-02,1,0,2019:1
Bones Owens,1,2024-07-09,2024-07-09,1,0,2024:1
Bonfire,1,2022-04-20,2022-04-20,1,0,2022:1
"Bonnie ""Prince"" Billy",1,2025-01-22,2025-01-22,1,0,2025:1
Bonnie 'Prince' Billy,1,2015-11-25,2015-11-25,1,0,2015:1
Bonnie Banane,1,2026-05-26,2026-05-26,1,0,2026:1
Boo Seeka,1,2023-03-09,2023-03-09,1,0,2023:1
BOOB SWEAT,1,2019-08-28,2019-08-28,1,0,2019:1
Booba,1,2025-09-22,2025-09-22,1,0,2025:1
Boog The Bandit,1,2021-02-05,2021-02-05,1,0,2021:1
Boogie,1,2019-05-16,2019-05-16,1,0,2019:1
Book of Love,1,2017-02-25,2017-02-25,1,0,2017:1
Booka Shade,1,2012-05-14,2012-05-14,1,0,2012:1
Booker T. & the MG's,1,2017-10-22,2017-10-22,1,0,2017:1
Boom Clap Bachelors,1,2015-08-18,2015-08-18,1,0,2015:1
Borghild Wenn,1,2019-11-28,2019-11-28,1,0,2019:1
Bossa Nova Deluxe,1,2021-08-31,2021-08-31,1,0,2021:1
Bossasonic,1,2021-08-31,2021-08-31,1,0,2021:1
Bossman Dlow,1,2025-05-30,2025-05-30,1,0,2025:1
Boston Manor,1,2025-06-09,2025-06-09,1,0,2025:1
Botany,1,2015-12-11,2015-12-11,1,0,2015:1
Bottin,1,2010-09-30,2010-09-30,1,0,2010:1
Boukou Groove,1,2015-01-21,2015-01-21,1,0,2015:1
Boundary,1,2020-09-29,2020-09-29,1,0,2020:1
Bow Anderson,1,2024-08-02,2024-08-02,1,0,2024:1
Boylife,1,2020-10-03,2020-10-03,1,0,2020:1
BOYNEXTDOOR,1,2025-06-03,2025-06-03,1,0,2025:1
Boyzone,1,2026-02-14,2026-02-14,1,0,2026:1
Brad,1,2012-05-04,2012-05-04,1,0,2012:1
Brad Derrick,1,2017-06-02,2017-06-02,1,0,2017:1
Brad Goodall,1,2017-09-25,2017-09-25,1,0,2017:1
Brad Mehldau,1,2017-09-12,2017-09-12,1,0,2017:1
Brad Mehldau Trio,1,2017-09-18,2017-09-18,1,0,2017:1
Brain Surgeons NYC,1,2009-06-13,2009-06-13,1,0,2009:1
brakence,1,2020-10-05,2020-10-05,1,0,2020:1
Bran,1,2021-06-23,2021-06-23,1,0,2021:1
Bran Van 3000,1,2015-04-10,2015-04-10,1,0,2015:1
Brand Nubian,1,2026-02-03,2026-02-03,1,0,2026:1
Brandon Beal,1,2021-08-22,2021-08-22,1,0,2021:1
Brandon Coleman,1,2022-09-26,2022-09-26,1,0,2022:1
Brandon Flowers,1,2012-12-08,2012-12-08,1,0,2012:1
Brandon Jenner,1,2019-06-13,2019-06-13,1,0,2019:1
"Brandon Lake, CeCe Winans",1,2025-06-13,2025-06-13,1,0,2025:1
"Brandon Lake, Jelly Roll",1,2025-06-13,2025-06-13,1,0,2025:1
Brandon Sea,1,2023-01-13,2023-01-13,1,0,2023:1
Brandy Clark,1,2015-09-14,2015-09-14,1,0,2015:1
"Brantley Gilbert, Struggle Jennings, Demun Jones",1,2025-09-11,2025-09-11,1,0,2025:1
brasstracks,1,2020-09-01,2020-09-01,1,0,2020:1
Braxton Burks,1,2017-06-02,2017-06-02,1,0,2017:1
Brazil XXI,1,2023-06-20,2023-06-20,1,0,2023:1
Brazilian Tropical Orchestra,1,2021-08-31,2021-08-31,1,0,2021:1
BRDGS,1,2021-01-29,2021-01-29,1,0,2021:1
Bre Kennedy,1,2021-01-30,2021-01-30,1,0,2021:1
Breach,1,2013-08-27,2013-08-27,1,0,2013:1
Bread Pilot,1,2022-06-14,2022-06-14,1,0,2022:1
Breaklight,1,2021-02-05,2021-02-05,1,0,2021:1
Breanna Corjuc,1,2021-12-26,2021-12-26,1,0,2021:1
Bremer/McCoy,1,2019-08-30,2019-08-30,1,0,2019:1
Brendan Angelides,1,2026-08-24,2026-08-24,1,0,2026:1
Brenk Sinatra,1,2019-08-28,2019-08-28,1,0,2019:1
Brent Morgan,1,2022-09-20,2022-09-20,1,0,2022:1
Breton,1,2014-01-14,2014-01-14,1,0,2014:1
Brett Sheroky,1,2026-01-20,2026-01-20,1,0,2026:1
Brett Young,1,2020-04-03,2020-04-03,1,0,2020:1
Bri Babineaux,1,2025-12-23,2025-12-23,1,0,2025:1
Brian Blade,1,2017-09-13,2017-09-13,1,0,2017:1
Brian Cross,1,2012-10-07,2012-10-07,1,0,2012:1
Brian Jordan Alvarez,1,2023-10-30,2023-10-30,1,0,2023:1
Brian Kelley,1,2025-09-11,2025-09-11,1,0,2025:1
Brian Littrell,1,2012-05-14,2012-05-14,1,0,2012:1
Brian McKnight,1,2013-08-21,2013-08-21,1,0,2013:1
Brian Tyler,1,2017-09-29,2017-09-29,1,0,2017:1
Brick!,1,2022-08-10,2022-08-10,1,0,2022:1
Brick+Mortar,1,2013-09-21,2013-09-21,1,0,2013:1
Brigette Romanek,1,2010-04-08,2010-04-08,1,0,2010:1
"Bright Eyes, Alex Orange Drink",1,2024-09-23,2024-09-23,1,0,2024:1
"Bright Eyes, Cat Power",1,2024-09-23,2024-09-23,1,0,2024:1
"Bright Eyes, Hurray For The Riff Raff",1,2025-11-12,2025-11-12,1,0,2025:1
"Bright Eyes, Matt Berninger",1,2024-09-23,2024-09-23,1,0,2024:1
Brigitte Bardot,1,2013-05-05,2013-05-05,1,0,2013:1
Brimheim,1,2024-01-02,2024-01-02,1,0,2024:1
Brimsley,1,2017-12-27,2017-12-27,1,0,2017:1
"Bring Me The Horizon, AURORA",1,2025-06-05,2025-06-05,1,0,2025:1
British Sea Power,1,2010-08-21,2010-08-21,1,0,2010:1
Britney Manson,1,2023-10-08,2023-10-08,1,0,2023:1
Briza,1,2013-02-16,2013-02-16,1,0,2013:1
Broadcast,1,2026-07-16,2026-07-16,1,0,2026:1
Broadstrokes,1,2017-10-25,2017-10-25,1,0,2017:1
Brock Berrigan,1,2019-09-18,2019-09-18,1,0,2019:1
Broken Back,1,2015-09-24,2015-09-24,1,0,2015:1
Broken Twin,1,2014-06-03,2014-06-03,1,0,2014:1
Brooke Alexx,1,2025-07-18,2025-07-18,1,0,2025:1
Brooke Annibale,1,2021-03-06,2021-03-06,1,0,2021:1
Brooke Burgess,1,2021-12-26,2021-12-26,1,0,2021:1
Brooke Combe,1,2026-04-08,2026-04-08,1,0,2026:1
Brooke Daye,1,2024-04-22,2024-04-22,1,0,2024:1
Brooke Eden,1,2015-09-14,2015-09-14,1,0,2015:1
"Brooke Ligertwood, Passion",1,2025-09-26,2025-09-26,1,0,2025:1
Brookes Brothers,1,2017-11-23,2017-11-23,1,0,2017:1
Brooks,1,2019-08-28,2019-08-28,1,0,2019:1
Brooks Hoffman,1,2023-07-27,2023-07-27,1,0,2023:1
Brooks Huntley,1,2023-02-04,2023-02-04,1,0,2023:1
Brother Ali,1,2025-08-08,2025-08-08,1,0,2025:1
Brother Bird,1,2024-03-29,2024-03-29,1,0,2024:1
Brotherhood of Man,1,2009-10-17,2009-10-17,1,0,2009:1
Brothers Johnson,1,2013-12-06,2013-12-06,1,0,2013:1
"Brray, Feid",1,2024-07-01,2024-07-01,1,0,2024:1
Bruce Channel,1,2010-05-06,2010-05-06,1,0,2010:1
Bruce Dickinson,1,2024-07-16,2024-07-16,1,0,2024:1
Bruce Hornsby,1,2022-04-02,2022-04-02,1,0,2022:1
Bruce Reitherman,1,2013-11-26,2013-11-26,1,0,2013:1
Bruninho & Davi,1,2017-06-12,2017-06-12,1,0,2017:1
Bruno Berle,1,2026-07-28,2026-07-28,1,0,2026:1
Bruno Martini,1,2017-06-29,2017-06-29,1,0,2017:1
Brutalligators,1,2019-08-28,2019-08-28,1,0,2019:1
Bryan John Appleby,1,2015-11-25,2015-11-25,1,0,2015:1
Bryan Sutton,1,2026-09-05,2026-09-05,1,0,2026:1
Bryce Leatherwood,1,2025-07-09,2025-07-09,1,0,2025:1
"Bryce Vine, Jeremih",1,2020-03-20,2020-03-20,1,0,2020:1
Bryden Gwiss Kiwenzie,1,2025-11-05,2025-11-05,1,0,2025:1
Bríet,1,2024-04-18,2024-04-18,1,0,2024:1
Bubba Janko,1,2021-02-18,2021-02-18,1,0,2021:1
Bubba Sparxxx Feat. Frankie J,1,2008-03-15,2008-03-15,1,0,2008:1
Buck 65,1,2010-10-05,2010-10-05,1,0,2010:1
Buck Meek,1,2024-01-15,2024-01-15,1,0,2024:1
Buck Owens,1,2026-02-26,2026-02-26,1,0,2026:1
Buckethead,1,2009-06-13,2009-06-13,1,0,2009:1
Buddha-Bar (by Ravin),1,2012-09-16,2012-09-16,1,0,2012:1
Buddy Rich,1,2015-12-16,2015-12-16,1,0,2015:1
Bugge Wesseltoft,1,2012-04-06,2012-04-06,1,0,2012:1
Bullet Girl,1,2019-08-28,2019-08-28,1,0,2019:1
BULSJARZ,1,2022-04-22,2022-04-22,1,0,2022:1
Bumper,1,2020-10-20,2020-10-20,1,0,2020:1
Bunny Lowe,1,2022-01-04,2022-01-04,1,0,2022:1
Burgess,1,2021-01-29,2021-01-29,1,0,2021:1
Burzum,1,2014-04-30,2014-04-30,1,0,2014:1
Bush Lily,1,2023-06-20,2023-06-20,1,0,2023:1
Busted,1,2010-12-21,2010-12-21,1,0,2010:1
Buster Benton,1,2010-11-28,2010-11-28,1,0,2010:1
Busty and the Bass,1,2019-07-24,2019-07-24,1,0,2019:1
Busty Brown,1,2022-04-09,2022-04-09,1,0,2022:1
Butch Dawson,1,2019-09-03,2019-09-03,1,0,2019:1
Buttering Trio,1,2020-10-26,2020-10-26,1,0,2020:1
bvd kult,1,2017-11-23,2017-11-23,1,0,2017:1
Bye Beneco,1,2022-10-22,2022-10-22,1,0,2022:1
Byron Lee,1,2022-04-08,2022-04-08,1,0,2022:1
Byulah,1,2023-01-09,2023-01-09,1,0,2023:1
Béla Fleck and the Flecktones,1,2012-05-11,2012-05-11,1,0,2012:1
C Stunna,1,2023-02-04,2023-02-04,1,0,2023:1
C+C Music Factory,1,2025-07-04,2025-07-04,1,0,2025:1
C-Joe,1,2024-02-21,2024-02-21,1,0,2024:1
C. James,1,2020-12-07,2020-12-07,1,0,2020:1
C.Gambino,1,2024-06-21,2024-06-21,1,0,2024:1
C2C,1,2025-04-03,2025-04-03,1,0,2025:1
C418,1,2024-12-28,2024-12-28,1,0,2024:1
Cab Calloway,1,2008-01-25,2008-01-25,1,0,2008:1
Cabu,1,2023-02-10,2023-02-10,1,0,2023:1
Caens,1,2024-11-11,2024-11-11,1,0,2024:1
Caetano Veloso e Maria Gadú,1,2012-05-07,2012-05-07,1,0,2012:1
Cafuné,1,2022-05-25,2022-05-25,1,0,2022:1
Caine Casket,1,2020-07-21,2020-07-21,1,0,2020:1
Caity Baser,1,2024-07-16,2024-07-16,1,0,2024:1
Cale Tyson,1,2020-08-12,2020-08-12,1,0,2020:1
Caleb Belkin,1,2021-07-12,2021-07-12,1,0,2021:1
Calema,1,2017-06-12,2017-06-12,1,0,2017:1
Cali Y El Dandee,1,2017-09-20,2017-09-20,1,0,2017:1
Calibre,1,2017-11-23,2017-11-23,1,0,2017:1
Calissimo,1,2017-12-04,2017-12-04,1,0,2017:1
Calista Del Toro,1,2023-01-16,2023-01-16,1,0,2023:1
Call Me Loop,1,2026-02-14,2026-02-14,1,0,2026:1
Calle 13,1,2015-08-27,2015-08-27,1,0,2015:1
Calum Bowie,1,2024-04-19,2024-04-19,1,0,2024:1
"Calum Scott, Whitney Houston",1,2025-10-14,2025-10-14,1,0,2025:1
"Calvin Harris, Rag'n'Bone Man",1,2024-08-07,2024-08-07,1,0,2024:1
"Calvin Harris, Tom Grennan",1,2025-03-23,2025-03-23,1,0,2025:1
Calvin Krime,1,2009-06-13,2009-06-13,1,0,2009:1
Cam M.,1,2021-01-17,2021-01-17,1,0,2021:1
CamelPhat,1,2017-12-20,2017-12-20,1,0,2017:1
"CamelPhat, Elderbrook",1,2025-07-04,2025-07-04,1,0,2025:1
Cameron Bedell,1,2015-09-14,2015-09-14,1,0,2015:1
Cameron Hayes,1,2025-07-22,2025-07-22,1,0,2025:1
"Camila Cabello, DaBaby, Gunna",1,2020-05-12,2020-05-12,1,0,2020:1
"Camila Cabello, Drake",1,2024-08-02,2024-08-02,1,0,2024:1
"camIla cabello, lIl nas X",1,2024-08-03,2024-08-03,1,0,2024:1
"Camille Lellouche, Tayc",1,2025-03-11,2025-03-11,1,0,2025:1
Camilo,1,2021-11-21,2021-11-21,1,0,2021:1
Camilo Santi,1,2012-11-28,2012-11-28,1,0,2012:1
Camo & Krooked,1,2017-11-23,2017-11-23,1,0,2017:1
Camo Columbo,1,2021-01-17,2021-01-17,1,0,2021:1
Camouflage,1,2017-02-25,2017-02-25,1,0,2017:1
Camp Claude,1,2022-08-11,2022-08-11,1,0,2022:1
Camper Van Beethoven,1,2015-09-03,2015-09-03,1,0,2015:1
Camélia Jordana,1,2025-03-10,2025-03-10,1,0,2025:1
Cannons,1,2022-03-29,2022-03-29,1,0,2022:1
CANON,1,2022-01-07,2022-01-07,1,0,2022:1
Canon Pachelbel,1,2012-09-18,2012-09-18,1,0,2012:1
Cantus,1,2020-10-24,2020-10-24,1,0,2020:1
Caoimhín Ó Raghallaigh,1,2015-05-29,2015-05-29,1,0,2015:1
Cap'n Marble,1,2021-01-17,2021-01-17,1,0,2021:1
Cape Cub,1,2017-12-27,2017-12-27,1,0,2017:1
Caper Parade,1,2019-11-25,2019-11-25,1,0,2019:1
Capital Inicial,1,2015-04-01,2015-04-01,1,0,2015:1
Capitol A,1,2010-04-07,2010-04-07,1,0,2010:1
Cappella,1,2012-05-23,2012-05-23,1,0,2012:1
Captain Beefheart & His Magic Band,1,2026-07-28,2026-07-28,1,0,2026:1
Captain Hollywood Project,1,2007-10-06,2007-10-06,1,0,2007:1
Caramel Project,1,2013-01-23,2013-01-23,1,0,2013:1
Caramell,1,2012-10-26,2012-10-26,1,0,2012:1
Carin Leon,1,2024-06-24,2024-06-24,1,0,2024:1
Cariss Auburn,1,2021-01-29,2021-01-29,1,0,2021:1
"Carl Bunch, Westex",1,2025-06-25,2025-06-25,1,0,2025:1
Carl Malcolm,1,2022-04-09,2022-04-09,1,0,2022:1
Carla Bruni,1,2025-12-04,2025-12-04,1,0,2025:1
"Carla Monroe, L4TCH",1,2025-07-22,2025-07-22,1,0,2025:1
Carlina,1,2022-06-14,2022-06-14,1,0,2022:1
Carlo Azure,1,2024-08-07,2024-08-07,1,0,2024:1
Carlos Rivera,1,2017-07-31,2017-07-31,1,0,2017:1
Carlos Zaur,1,2017-06-11,2017-06-11,1,0,2017:1
Carly Pearce,1,2026-09-06,2026-09-06,1,0,2026:1
"Carly Pearce, Chris Stapleton",1,2024-09-18,2024-09-18,1,0,2024:1
Carly Simon,1,2024-07-06,2024-07-06,1,0,2024:1
Carmen Miranda,1,2017-06-13,2017-06-13,1,0,2017:1
Carol Ades,1,2021-11-13,2021-11-13,1,0,2021:1
Carol Albert,1,2021-03-20,2021-03-20,1,0,2021:1
Caroline Kole,1,2021-11-13,2021-11-13,1,0,2021:1
Caroline Romano,1,2025-07-21,2025-07-21,1,0,2025:1
"Caroline, Caroline Polachek",1,2025-12-13,2025-12-13,1,0,2025:1
caro♡,1,2020-12-07,2020-12-07,1,0,2020:1
Carpenter Brut,1,2018-01-05,2018-01-05,1,0,2018:1
carpetgarden,1,2020-10-20,2020-10-20,1,0,2020:1
Carr,1,2022-06-14,2022-06-14,1,0,2022:1
Carriages,1,2015-12-11,2015-12-11,1,0,2015:1
Carrie Mittenkemp,1,2021-02-18,2021-02-18,1,0,2021:1
Carrtoons,1,2022-09-26,2022-09-26,1,0,2022:1
Carsten Meyer,1,2021-01-30,2021-01-30,1,0,2021:1
cartalk,1,2019-08-28,2019-08-28,1,0,2019:1
Carter Burwell,1,2015-11-30,2015-11-30,1,0,2015:1
Carter Faith,1,2025-07-09,2025-07-09,1,0,2025:1
Carter Vail,1,2024-07-13,2024-07-13,1,0,2024:1
Cartographer,1,2021-10-08,2021-10-08,1,0,2021:1
Cartoon Land,1,2021-12-12,2021-12-12,1,0,2021:1
Cas Haley,1,2013-03-15,2013-03-15,1,0,2013:1
Casey Abrams,1,2019-08-29,2019-08-29,1,0,2019:1
Casey Dubie,1,2019-06-24,2019-06-24,1,0,2019:1
"Cash Cash, Bebe Rexha",1,2025-03-30,2025-03-30,1,0,2025:1
Cashier No. 9,1,2012-07-20,2012-07-20,1,0,2012:1
Casiio,1,2019-09-18,2019-09-18,1,0,2019:1
Casper Sage,1,2024-04-18,2024-04-18,1,0,2024:1
Cass,1,2015-12-11,2015-12-11,1,0,2015:1
Cassandra Jenkins,1,2024-12-27,2024-12-27,1,0,2024:1
Cassandra Lewis,1,2024-03-29,2024-03-29,1,0,2024:1
Cassette Tapes,1,2021-07-31,2021-07-31,1,0,2021:1
Cassie Henderson,1,2021-11-13,2021-11-13,1,0,2021:1
Cast,1,2007-09-12,2007-09-12,1,0,2007:1
Castlecomer,1,2019-06-13,2019-06-13,1,0,2019:1
Cat Clyde,1,2026-02-02,2026-02-02,1,0,2026:1
Cat Power/RDM,1,2009-12-06,2009-12-06,1,0,2009:1
Catch 22,1,2009-12-24,2009-12-24,1,0,2009:1
Caterina Valente,1,2015-09-08,2015-09-08,1,0,2015:1
Catey Shaw,1,2014-12-17,2014-12-17,1,0,2014:1
Catherine Warwick,1,2022-05-23,2022-05-23,1,0,2022:1
Catherine Wheel,1,2015-09-03,2015-09-03,1,0,2015:1
Catie Turner,1,2022-09-20,2022-09-20,1,0,2022:1
Catiso,1,2020-04-14,2020-04-14,1,0,2020:1
Catpiss,1,2023-01-13,2023-01-13,1,0,2023:1
Cats On Fire,1,2015-12-07,2015-12-07,1,0,2015:1
cauboi,1,2024-05-12,2024-05-12,1,0,2024:1
Cauby Peixoto,1,2017-06-17,2017-06-17,1,0,2017:1
Cavallini & Shrty,1,2021-01-30,2021-01-30,1,0,2021:1
Cazuza,1,2015-04-01,2015-04-01,1,0,2015:1
CDM Project,1,2010-10-31,2010-10-31,1,0,2010:1
Cece Coakley,1,2023-06-19,2023-06-19,1,0,2023:1
cehryl,1,2024-04-30,2024-04-30,1,0,2024:1
Ceilidh,1,2018-03-19,2018-03-19,1,0,2018:1
Celeste Allison,1,2022-02-15,2022-02-15,1,0,2022:1
Celestial Aeon Project,1,2018-03-19,2018-03-19,1,0,2018:1
Cell,1,2013-05-30,2013-05-30,1,0,2013:1
Celldweller,1,2009-10-17,2009-10-17,1,0,2009:1
Celtic Woman,1,2012-12-23,2012-12-23,1,0,2012:1
"Central Cee, 21 Savage",1,2025-05-28,2025-05-28,1,0,2025:1
"CEO Trayle, DJ Drama",1,2025-12-01,2025-12-01,1,0,2025:1
Cereus Bright,1,2015-11-25,2015-11-25,1,0,2015:1
Cerf,1,2012-05-27,2012-05-27,1,0,2012:1
Cern,1,2017-11-23,2017-11-23,1,0,2017:1
Cero,1,2019-08-23,2019-08-23,1,0,2019:1
Cerrone,1,2012-08-28,2012-08-28,1,0,2012:1
Cesária Évora,1,2013-06-29,2013-06-29,1,0,2013:1
CFCF,1,2014-09-21,2014-09-21,1,0,2014:1
Cge,1,2021-02-05,2021-02-05,1,0,2021:1
Cha-Cha,1,2015-12-16,2015-12-16,1,0,2015:1
Chachi,1,2026-03-26,2026-03-26,1,0,2026:1
Chad Kroeger,1,2023-07-18,2023-07-18,1,0,2023:1
Chad Valley,1,2013-09-21,2013-09-21,1,0,2013:1
Chaim,1,2012-09-16,2012-09-16,1,0,2012:1
Chaino & His African Percussion Safari,1,2019-05-10,2019-05-10,1,0,2019:1
Chairmen Of The Board,1,2015-11-18,2015-11-18,1,0,2015:1
Chaka Demus & Pliers,1,2015-12-07,2015-12-07,1,0,2015:1
CHAMP.,1,2019-08-28,2019-08-28,1,0,2019:1
Champs,1,2019-09-09,2019-09-09,1,0,2019:1
"Chance the Rapper, Jamila Woods",1,2025-09-04,2025-09-04,1,0,2025:1
Chancha Via Circuito,1,2017-11-27,2017-11-27,1,0,2017:1
Chancha Vía Circuito,1,2026-08-08,2026-08-08,1,0,2026:1
Chanel Beads,1,2024-02-24,2024-02-24,1,0,2024:1
Chaney,1,2021-09-25,2021-09-25,1,0,2021:1
CHANMINA,1,2019-08-23,2019-08-23,1,0,2019:1
"Channel Tres, Ty Dolla $ign",1,2024-07-17,2024-07-17,1,0,2024:1
Chanpan,1,2024-04-18,2024-04-18,1,0,2024:1
Chariot Brothers,1,2012-07-15,2012-07-15,1,0,2012:1
Charles Aznavour,1,2021-10-31,2021-10-31,1,0,2021:1
"Charles Lloyd & The Marvels, Willie Nelson",1,2026-01-20,2026-01-20,1,0,2026:1
Charles Owens Trio,1,2019-08-30,2019-08-30,1,0,2019:1
Charles Schillings/Stéphane Pompougnac,1,2013-01-19,2013-01-19,1,0,2013:1
"Charli xcx, Billie Eilish",1,2024-08-02,2024-08-02,1,0,2024:1
"Charli xcx, Bon Iver",1,2025-04-28,2025-04-28,1,0,2025:1
"Charli XCX, Brooke Candy, cupcakKe, Pabllo Vittar",1,2025-03-07,2025-03-07,1,0,2025:1
"Charli XCX, Carly Rae Jepsen",1,2025-03-07,2025-03-07,1,0,2025:1
"Charli XCX, Dorian Electra, Mykki Blanco",1,2025-03-07,2025-03-07,1,0,2025:1
"Charli XCX, Kim Petras, Jay Park",1,2025-03-07,2025-03-07,1,0,2025:1
"Charli XCX, MØ",1,2025-03-07,2025-03-07,1,0,2025:1
"Charli XCX, Tommy Cash",1,2025-03-07,2025-03-07,1,0,2025:1
Charlie Brown Jr.,1,2024-06-08,2024-06-08,1,0,2024:1
Charlie Byrd,1,2012-05-16,2012-05-16,1,0,2012:1
Charlie Hickey,1,2023-07-19,2023-07-19,1,0,2023:1
Charlie Powers,1,2021-07-31,2021-07-31,1,0,2021:1
Charlie Sztyk,1,2019-07-24,2019-07-24,1,0,2019:1
"Charlotte Adigéry, BOLIS PUPUL",1,2025-07-24,2025-07-24,1,0,2025:1
Charlotte de Witte,1,2025-04-01,2025-04-01,1,0,2025:1
Charlotte Funke,1,2019-11-28,2019-11-28,1,0,2019:1
Charlotte Rose Benjamin,1,2024-07-13,2024-07-13,1,0,2024:1
Chase & Status,1,2010-06-01,2010-06-01,1,0,2010:1
Chase Atlantic,1,2022-09-20,2022-09-20,1,0,2022:1
Chaseiro,1,2026-06-05,2026-06-05,1,0,2026:1
Chayce Beckham,1,2025-05-30,2025-05-30,1,0,2025:1
"Cheat Codes, Tinashe",1,2025-03-23,2025-03-23,1,0,2025:1
Chedda Da Connect,1,2020-04-23,2020-04-23,1,0,2020:1
Cheel,1,2019-04-30,2019-04-30,1,0,2019:1
Cheerleader,1,2014-12-14,2014-12-14,1,0,2014:1
Chemical Club,1,2022-06-08,2022-06-08,1,0,2022:1
chenayder,1,2024-04-30,2024-04-30,1,0,2024:1
Cher,1,2020-03-04,2020-03-04,1,0,2020:1
Cherry People,1,2021-10-02,2021-10-02,1,0,2021:1
Chessboxer,1,2018-01-05,2018-01-05,1,0,2018:1
Chester French,1,2012-08-04,2012-08-04,1,0,2012:1
Chewing,1,2019-06-24,2019-06-24,1,0,2019:1
Cheyenne Marie Mize,1,2013-04-25,2013-04-25,1,0,2013:1
Chicago Gangsters,1,2020-09-08,2020-09-08,1,0,2020:1
Chicano Batman,1,2024-06-17,2024-06-17,1,0,2024:1
Chick Corea,1,2017-09-18,2017-09-18,1,0,2017:1
"Chicken P, YTB Fatt",1,2025-12-01,2025-12-01,1,0,2025:1
Chico Science,1,2017-07-02,2017-07-02,1,0,2017:1
Chicocurlyhead,1,2021-02-05,2021-02-05,1,0,2021:1
Chief.,1,2020-09-08,2020-09-08,1,0,2020:1
Chieko Baisho,1,2022-04-14,2022-04-14,1,0,2022:1
Child Star,1,2021-01-18,2021-01-18,1,0,2021:1
"Childish Gambino, Amaarae, Flo Milli",1,2024-07-19,2024-07-19,1,0,2024:1
"Childish Gambino, Chlöe",1,2024-07-19,2024-07-19,1,0,2024:1
"Childish Gambino, Fousheé",1,2024-07-19,2024-07-19,1,0,2024:1
"Childish Gambino, Khruangbin",1,2024-07-19,2024-07-19,1,0,2024:1
"Childish Gambino, Legend",1,2024-07-19,2024-07-19,1,0,2024:1
"Childish Gambino, Yeat",1,2024-07-19,2024-07-19,1,0,2024:1
Childish Major,1,2020-03-23,2020-03-23,1,0,2020:1
Children of Bodom,1,2009-06-13,2009-06-13,1,0,2009:1
Chill Cole,1,2018-03-19,2018-03-19,1,0,2018:1
Chill out Waves,1,2016-02-04,2016-02-04,1,0,2016:1
Chilla,1,2025-02-20,2025-02-20,1,0,2025:1
Chimène Badi,1,2025-12-04,2025-12-04,1,0,2025:1
China Drum,1,2015-09-03,2015-09-03,1,0,2015:1
Chingy,1,2020-09-29,2020-09-29,1,0,2020:1
Chip Wickham,1,2022-09-26,2022-09-26,1,0,2022:1
Chlara,1,2021-08-22,2021-08-22,1,0,2021:1
Chloe Foy,1,2021-03-06,2021-03-06,1,0,2021:1
Chloe Lilac,1,2019-07-24,2019-07-24,1,0,2019:1
chloe moriondo,1,2022-05-23,2022-05-23,1,0,2022:1
Chloe Slater,1,2026-05-05,2026-05-05,1,0,2026:1
Chloe x Halle,1,2021-01-20,2021-01-20,1,0,2021:1
chlothegod,1,2024-04-30,2024-04-30,1,0,2024:1
Chloé (Thévenin) feat. Alain Chamfort,1,2025-07-24,2025-07-24,1,0,2025:1
"Chlöe, Anderson .Paak",1,2025-12-17,2025-12-17,1,0,2025:1
"Chlöe, Halle",1,2025-12-17,2025-12-17,1,0,2025:1
"Chlöe, Ty Dolla $ign",1,2025-12-17,2025-12-17,1,0,2025:1
"Chlöe, YG Marley",1,2025-12-17,2025-12-17,1,0,2025:1
Choeur Les Rhapsodes,1,2012-12-23,2012-12-23,1,0,2012:1
Choker,1,2024-11-11,2024-11-11,1,0,2024:1
Choklate,1,2012-08-28,2012-08-28,1,0,2012:1
Choral from The 18th Century,1,2021-12-24,2021-12-24,1,0,2021:1
Chorale,1,2012-10-26,2012-10-26,1,0,2012:1
"Chorus of the Florence May Festival, Giuseppe Verdi, Orchestra of the Florence May Festival, Mario Del Monaco, Anita Cerquetti, Boris Christoff, Ettore Bastianini, Luciana Boni, Aurelian Neagu, Athos Cesarini",1,2024-07-10,2024-07-10,1,0,2024:1
Chosen the Theologian,1,2012-07-17,2012-07-17,1,0,2012:1
Chris Beard,1,2024-03-13,2024-03-13,1,0,2024:1
Chris de Burgh,1,2009-10-17,2009-10-17,1,0,2009:1
Chris de Sarandy,1,2025-08-18,2025-08-18,1,0,2025:1
"Chris Forsyth, The Solar Motel Band",1,2019-09-30,2019-09-30,1,0,2019:1
Chris Janson,1,2025-09-11,2025-09-11,1,0,2025:1
Chris Kyle,1,2019-08-28,2019-08-28,1,0,2019:1
Chris Malinchak,1,2014-12-11,2014-12-11,1,0,2014:1
"Chris Patrick, Marco Plus",1,2025-12-31,2025-12-31,1,0,2025:1
Chris Rene,1,2013-01-06,2013-01-06,1,0,2013:1
Chris Smither,1,2021-03-06,2021-03-06,1,0,2021:1
Christen Ball,1,2022-02-19,2022-02-19,1,0,2022:1
Christian Bachmann,1,2016-02-02,2016-02-02,1,0,2016:1
Christian Bernard,1,2026-07-29,2026-07-29,1,0,2026:1
"Christian Hayes, Corey Harper",1,2025-07-21,2025-07-21,1,0,2025:1
Christian Nodal,1,2025-07-23,2025-07-23,1,0,2025:1
Christian Scott,1,2015-08-17,2015-08-17,1,0,2015:1
Christian Scott aTunde Adjuah,1,2017-12-07,2017-12-07,1,0,2017:1
Christian Willisohn,1,2024-03-13,2024-03-13,1,0,2024:1
Christien Rosen,1,2013-01-20,2013-01-20,1,0,2013:1
"Christina Dahl, Ed Thigpen, Carsten Dahl, Anders Christensen, Jesper Riis",1,2013-02-16,2013-02-16,1,0,2013:1
Christina Milian,1,2008-12-30,2008-12-30,1,0,2008:1
Christopher Cross,1,2025-08-08,2025-08-08,1,0,2025:1
"Christopher Larkin, Amelia Jones",1,2025-09-29,2025-09-29,1,0,2025:1
Chrome,1,2013-01-20,2013-01-20,1,0,2013:1
Chronos,1,2012-12-20,2012-12-20,1,0,2012:1
Chuck Prophet,1,2024-12-27,2024-12-27,1,0,2024:1
Chuck Wicks,1,2007-12-09,2007-12-09,1,0,2007:1
Chuckie,1,2012-11-23,2012-11-23,1,0,2012:1
Chuckyy,1,2025-12-01,2025-12-01,1,0,2025:1
Ché,1,2021-05-05,2021-05-05,1,0,2021:1
"Ciara, Tyga",1,2025-09-26,2025-09-26,1,0,2025:1
Cid Rim,1,2015-09-29,2015-09-29,1,0,2015:1
Cidade Negra,1,2012-05-07,2012-05-07,1,0,2012:1
Cinder Well,1,2021-03-06,2021-03-06,1,0,2021:1
Cinderella,1,2013-03-16,2013-03-16,1,0,2013:1
Cindy Wilson,1,2025-01-13,2025-01-13,1,0,2025:1
CIRRRCLE,1,2019-08-23,2019-08-23,1,0,2019:1
"City James, ICECOLDBISHOP",1,2025-12-31,2025-12-31,1,0,2025:1
City Street Jazz Band,1,2020-12-24,2020-12-24,1,0,2020:1
"Ckay, Ronisia",1,2025-02-19,2025-02-19,1,0,2025:1
Claire George,1,2019-08-27,2019-08-27,1,0,2019:1
Clan Greco,1,2013-02-16,2013-02-16,1,0,2013:1
Clap Cotton,1,2019-09-18,2019-09-18,1,0,2019:1
Clap! Clap!,1,2019-05-10,2019-05-10,1,0,2019:1
Clara Hill meets Atjazz and Charles Webster,1,2007-10-04,2007-10-04,1,0,2007:1
Clara Klingenström,1,2024-02-21,2024-02-21,1,0,2024:1
Clara Mae,1,2021-03-04,2021-03-04,1,0,2021:1
Clara Morgane,1,2010-10-21,2010-10-21,1,0,2010:1
Clara Ysé,1,2025-09-11,2025-09-11,1,0,2025:1
Clark Ingram,1,2018-03-19,2018-03-19,1,0,2018:1
"Clark, Thom Yorke",1,2025-01-13,2025-01-13,1,0,2025:1
Classixx,1,2021-01-17,2021-01-17,1,0,2021:1
Claude Debussy,1,2016-02-04,2016-02-04,1,0,2016:1
Claude Fontaine,1,2024-07-17,2024-07-17,1,0,2024:1
"Clean Bandit, Lloyiso",1,2025-10-31,2025-10-31,1,0,2025:1
"Clean Bandit, Sean Paul, Anne-Marie",1,2025-06-07,2025-06-07,1,0,2025:1
"Clean Bandit, Tiësto, Leony",1,2025-05-21,2025-05-21,1,0,2025:1
"Clean Bandit, Topic, Wes Nelson",1,2024-08-17,2024-08-17,1,0,2024:1
"Clean Bandit, Zara Larsson",1,2025-06-07,2025-06-07,1,0,2025:1
Clean Cut Kid,1,2023-06-12,2023-06-12,1,0,2023:1
Clear Vinyl,1,2019-08-28,2019-08-28,1,0,2019:1
"Cledos, jambo",1,2024-07-21,2024-07-21,1,0,2024:1
Clelia Felix,1,2013-01-20,2013-01-20,1,0,2013:1
Cleo Sol,1,2023-09-27,2023-09-27,1,0,2023:1
CleoTrapa,1,2024-07-04,2024-07-04,1,0,2024:1
Clever Girl,1,2019-06-19,2019-06-19,1,0,2019:1
Client,1,2009-10-17,2009-10-17,1,0,2009:1
Cliff Martinez,1,2017-06-29,2017-06-29,1,0,2017:1
Cliffords,1,2026-05-05,2026-05-05,1,0,2026:1
Climatic,1,2013-02-16,2013-02-16,1,0,2013:1
Clint Roberts,1,2021-01-30,2021-01-30,1,0,2021:1
"Clipse, Pusha T, Malice",1,2025-07-31,2025-07-31,1,0,2025:1
CLMD (Carl Louis & Martin Danielle),1,2012-07-13,2012-07-13,1,0,2012:1
Cloakroom,1,2026-03-02,2026-03-02,1,0,2026:1
Cloode,1,2023-06-20,2023-06-20,1,0,2023:1
Cloth,1,2025-01-21,2025-01-21,1,0,2025:1
Cloud Control,1,2017-10-24,2017-10-24,1,0,2017:1
Cloudchord,1,2019-09-18,2019-09-18,1,0,2019:1
Cloudland Canyon,1,2026-02-01,2026-02-01,1,0,2026:1
Cloudy June,1,2024-04-19,2024-04-19,1,0,2024:1
Clovercroft Kids,1,2021-11-11,2021-11-11,1,0,2021:1
Cloverdale,1,2021-11-13,2021-11-13,1,0,2021:1
Club 8,1,2013-09-21,2013-09-21,1,0,2013:1
Club Camarillo,1,2013-02-16,2013-02-16,1,0,2013:1
Club Madness,1,2012-07-13,2012-07-13,1,0,2012:1
Club Soda,1,2021-01-29,2021-01-29,1,0,2021:1
Clubroot,1,2017-11-27,2017-11-27,1,0,2017:1
Clémentine,1,2013-11-19,2013-11-19,1,0,2013:1
clÜ,1,2023-01-16,2023-01-16,1,0,2023:1
CMC$,1,2017-03-28,2017-03-28,1,0,2017:1
CNCO,1,2017-09-20,2017-09-20,1,0,2017:1
Cobra Starship,1,2013-04-04,2013-04-04,1,0,2013:1
Cobrah,1,2026-08-21,2026-08-21,1,0,2026:1
Coco,1,2024-02-24,2024-02-24,1,0,2024:1
CoCo Rosé,1,2026-07-29,2026-07-29,1,0,2026:1
Cocosuma,1,2013-08-26,2013-08-26,1,0,2013:1
Cody Frost,1,2026-03-26,2026-03-26,1,0,2026:1
Cody Lovaas,1,2019-11-27,2019-11-27,1,0,2019:1
Coffee Table Orchestra,1,2014-09-21,2014-09-21,1,0,2014:1
Coheed and Cambria,1,2025-01-24,2025-01-24,1,0,2025:1
Coil,1,2020-09-09,2020-09-09,1,0,2020:1
Cola Boyy,1,2021-05-02,2021-05-02,1,0,2021:1
"Colbie Caillat, Lee Brice",1,2025-11-12,2025-11-12,1,0,2025:1
"Colbie Caillat, Ryan Hurd",1,2025-07-27,2025-07-27,1,0,2025:1
Coldcut,1,2013-03-20,2013-03-20,1,0,2013:1
"Coldplay, Jon Hopkins",1,2024-10-08,2024-10-08,1,0,2024:1
Cole Deggs & The Lonesome,1,2007-12-09,2007-12-09,1,0,2007:1
Cole Norton,1,2021-08-22,2021-08-22,1,0,2021:1
Coleman Family,1,2025-12-17,2025-12-17,1,0,2025:1
Colin,1,2021-03-14,2021-03-14,1,0,2021:1
Colin James,1,2019-05-07,2019-05-07,1,0,2019:1
Collin Selman,1,2019-08-14,2019-08-14,1,0,2019:1
Color Me Badd,1,2013-03-07,2013-03-07,1,0,2013:1
Color Theory,1,2013-09-21,2013-09-21,1,0,2013:1
Colton Bryan,1,2020-07-30,2020-07-30,1,0,2020:1
Comando Tiburon y Mach & Daddy,1,2012-04-28,2012-04-28,1,0,2012:1
Comfort Fit,1,2013-03-20,2013-03-20,1,0,2013:1
Comic Books,1,2025-10-13,2025-10-13,1,0,2025:1
Comit,1,2019-08-28,2019-08-28,1,0,2019:1
Common Holly,1,2026-02-02,2026-02-02,1,0,2026:1
"Common, John Legend",1,2020-02-18,2020-02-18,1,0,2020:1
"Common, Pete Rock",1,2024-07-04,2024-07-04,1,0,2024:1
Composite Angels,1,2018-03-19,2018-03-19,1,0,2018:1
Con Killion,1,2024-07-13,2024-07-13,1,0,2024:1
Congi,1,2017-10-24,2017-10-24,1,0,2017:1
Conjure One,1,2012-05-27,2012-05-27,1,0,2012:1
Connie,1,2019-08-23,2019-08-23,1,0,2019:1
Connie Campsie,1,2023-01-16,2023-01-16,1,0,2023:1
Connor,1,2021-02-05,2021-02-05,1,0,2021:1
Conor Byrne,1,2021-08-22,2021-08-22,1,0,2021:1
Conor Matthews,1,2025-07-18,2025-07-18,1,0,2025:1
Conor Oberst & Gillian Welch,1,2010-10-04,2010-10-04,1,0,2010:1
Conor Oberst and the Mystic Valley Band,1,2020-04-21,2020-04-21,1,0,2020:1
"Conor Oberst, Blondshell",1,2025-11-21,2025-11-21,1,0,2025:1
Conquer Divide,1,2025-12-23,2025-12-23,1,0,2025:1
Contour,1,2022-12-30,2022-12-30,1,0,2022:1
Cookin Soul,1,2019-09-18,2019-09-18,1,0,2019:1
Cookin' On 3 Burners,1,2015-01-21,2015-01-21,1,0,2015:1
Cool Original,1,2019-08-28,2019-08-28,1,0,2019:1
Cool Sounds,1,2019-09-18,2019-09-18,1,0,2019:1
Coral,1,2021-08-22,2021-08-22,1,0,2021:1
Cordae,1,2022-07-28,2022-07-28,1,0,2022:1
Corey Crowder,1,2015-01-24,2015-01-24,1,0,2015:1
Corine,1,2025-09-08,2025-09-08,1,0,2025:1
"Corneille, Aya Nakamura, Trinix",1,2025-11-25,2025-11-25,1,0,2025:1
Cornelia Jakobs,1,2022-05-16,2022-05-16,1,0,2022:1
Coronal Loop,1,2015-09-24,2015-09-24,1,0,2015:1
Cortina,1,2013-03-21,2013-03-21,1,0,2013:1
Cosmic,1,2025-01-02,2025-01-02,1,0,2025:1
Cosmic Collective,1,2022-09-26,2022-09-26,1,0,2022:1
"Cosmic Gate, Christian Burns",1,2025-01-17,2025-01-17,1,0,2025:1
Cosmic Rays,1,2017-04-26,2017-04-26,1,0,2017:1
Cosmos Sound Club,1,2013-11-17,2013-11-17,1,0,2013:1
Cospe,1,2017-11-27,2017-11-27,1,0,2017:1
costee,1,2025-02-09,2025-02-09,1,0,2025:1
"Costi, Hugo",1,2024-11-09,2024-11-09,1,0,2024:1
"Costi, Lauri Haav",1,2024-07-12,2024-07-12,1,0,2024:1
courtship.,1,2019-09-04,2019-09-04,1,0,2019:1
COUSIN KULA,1,2021-01-17,2021-01-17,1,0,2021:1
Cowboy Malfoy,1,2023-02-14,2023-02-14,1,0,2023:1
Cowgirl,1,2019-08-28,2019-08-28,1,0,2019:1
Coyote Melon,1,2019-08-27,2019-08-27,1,0,2019:1
Coyote Shivers,1,2022-06-16,2022-06-16,1,0,2022:1
Cozy Corner,1,2021-06-22,2021-06-22,1,0,2021:1
Craig Robinson,1,2010-10-24,2010-10-24,1,0,2010:1
Craven Faults,1,2026-01-29,2026-01-29,1,0,2026:1
Crazy Cousinz,1,2017-12-20,2017-12-20,1,0,2017:1
"CreatiVets, Chris Ferrara",1,2025-09-11,2025-09-11,1,0,2025:1
"CreatiVets, Craig Campbell",1,2025-09-11,2025-09-11,1,0,2025:1
"CreatiVets, Johnny and Heidi",1,2025-09-11,2025-09-11,1,0,2025:1
"CreatiVets, Justin Moore",1,2025-09-11,2025-09-11,1,0,2025:1
Crim,1,2023-10-28,2023-10-28,1,0,2023:1
Cristian Castro,1,2017-07-31,2017-07-31,1,0,2017:1
Cristian Vogel,1,2026-08-13,2026-08-13,1,0,2026:1
Critical Event,1,2017-11-23,2017-11-23,1,0,2017:1
Critika y Saik,1,2017-09-20,2017-09-20,1,0,2017:1
Critter,1,2022-06-14,2022-06-14,1,0,2022:1
Crooked Colours,1,2026-08-28,2026-08-28,1,0,2026:1
Crookers,1,2013-01-13,2013-01-13,1,0,2013:1
Crosby & Nash,1,2015-12-03,2015-12-03,1,0,2015:1
"Crosby, Stills, Nash & Young",1,2015-12-03,2015-12-03,1,0,2015:1
Crossfade,1,2025-10-27,2025-10-27,1,0,2025:1
Crows,1,2019-05-13,2019-05-13,1,0,2019:1
Cruel Santino,1,2022-04-02,2022-04-02,1,0,2022:1
Cruels,1,2015-12-07,2015-12-07,1,0,2015:1
Cruise Controllerz,1,2012-10-07,2012-10-07,1,0,2012:1
Cruk,1,2017-11-23,2017-11-23,1,0,2017:1
Crushed Beaks,1,2019-08-28,2019-08-28,1,0,2019:1
Cruza,1,2024-06-17,2024-06-17,1,0,2024:1
Crying Day Care Choir,1,2021-08-22,2021-08-22,1,0,2021:1
Crystal Chen,1,2026-06-05,2026-06-05,1,0,2026:1
Crystal Murray,1,2021-01-29,2021-01-29,1,0,2021:1
Crystal Re-Clear,1,2012-08-28,2012-08-28,1,0,2012:1
Crywolf,1,2020-12-29,2020-12-29,1,0,2020:1
crêpe girl,1,2022-06-08,2022-06-08,1,0,2022:1
Cub Sport,1,2022-12-29,2022-12-29,1,0,2022:1
Cubic Zirconia I Bilal,1,2014-12-09,2014-12-09,1,0,2014:1
Cubicolor,1,2026-08-28,2026-08-28,1,0,2026:1
Cue No Ego,1,2021-12-26,2021-12-26,1,0,2021:1
Cujo,1,2013-03-20,2013-03-20,1,0,2013:1
Cujo Moon,1,2020-10-13,2020-10-13,1,0,2020:1
Culture Wars,1,2025-06-09,2025-06-09,1,0,2025:1
Culver City Dub Collective,1,2012-05-13,2012-05-13,1,0,2012:1
Cunnie Williams,1,2012-08-28,2012-08-28,1,0,2012:1
cupcakKe,1,2025-09-15,2025-09-15,1,0,2025:1
Curl,1,2023-06-20,2023-06-20,1,0,2023:1
CURTIS WATERS,1,2020-10-09,2020-10-09,1,0,2020:1
Cut Ribbons,1,2015-04-20,2015-04-20,1,0,2015:1
CUT_,1,2019-09-02,2019-09-02,1,0,2019:1
Cute Is What We Aim For,1,2013-03-15,2013-03-15,1,0,2013:1
Cutting Crew,1,2023-07-18,2023-07-18,1,0,2023:1
"CyHi, Jacquees",1,2024-08-14,2024-08-14,1,0,2024:1
"Cynthia Erivo, Ariana Grande",1,2025-12-23,2025-12-23,1,0,2025:1
"CYRIL, maryjo",1,2025-05-16,2025-05-16,1,0,2025:1
Czech Philharmonic Chamber Orchestra & Kuehn's Mixed Choir,1,2022-04-18,2022-04-18,1,0,2022:1
D'prince,1,2025-06-25,2025-06-25,1,0,2025:1
D-A-D,1,2009-10-17,2009-10-17,1,0,2009:1
D-Charged,1,2026-08-22,2026-08-22,1,0,2026:1
D.A.N.,1,2019-08-23,2019-08-23,1,0,2019:1
D:tune,1,2020-12-07,2020-12-07,1,0,2020:1
Da Zoo,1,2012-07-13,2012-07-13,1,0,2012:1
Daby Touré,1,2008-12-17,2008-12-17,1,0,2008:1
Dach,1,2020-10-20,2020-10-20,1,0,2020:1
"DADI, NOUVELLE ÉCOLE",1,2025-12-30,2025-12-30,1,0,2025:1
dadá joãozinho,1,2024-07-14,2024-07-14,1,0,2024:1
Daisuke Tanabe,1,2026-02-25,2026-02-25,1,0,2026:1
Daisy Brains,1,2019-08-28,2019-08-28,1,0,2019:1
daisy world,1,2024-04-30,2024-04-30,1,0,2024:1
Daithí,1,2020-12-02,2020-12-02,1,0,2020:1
Daley,1,2014-06-03,2014-06-03,1,0,2014:1
"DAMEDAME*, Jorja Smith",1,2025-08-13,2025-08-13,1,0,2025:1
"Damian ""Jr. Gong"" Marley",1,2020-03-15,2020-03-15,1,0,2020:1
Damian Lazarus,1,2021-04-10,2021-04-10,1,0,2021:1
Damian Marley,1,2015-12-08,2015-12-08,1,0,2015:1
Damian Syslo,1,2018-03-19,2018-03-19,1,0,2018:1
"Damiano David, Albert Hammond Jr.",1,2025-09-15,2025-09-15,1,0,2025:1
"Damiano David, Tyla, Nile Rodgers",1,2025-09-15,2025-09-15,1,0,2025:1
Damona,1,2025-08-18,2025-08-18,1,0,2025:1
Damzz,1,2024-03-29,2024-03-29,1,0,2024:1
Dan Awy,1,2023-06-20,2023-06-20,1,0,2023:1
Dan Mangan,1,2023-06-20,2023-06-20,1,0,2023:1
Dan Romer,1,2015-11-30,2015-11-30,1,0,2015:1
Dan Rubell,1,2014-12-10,2014-12-10,1,0,2014:1
Dan Sultan,1,2017-07-06,2017-07-06,1,0,2017:1
Dana and Alden,1,2024-04-30,2024-04-30,1,0,2024:1
Dana Gavanski,1,2020-12-08,2020-12-08,1,0,2020:1
Dana Salah,1,2026-08-03,2026-08-03,1,0,2026:1
Dana Sipos,1,2015-11-25,2015-11-25,1,0,2015:1
Danalog,1,2014-12-11,2014-12-11,1,0,2014:1
Dananananaykroyd,1,2012-07-12,2012-07-12,1,0,2012:1
"Danger Mouse, Black Thought, Rag'n'Bone Man",1,2025-10-13,2025-10-13,1,0,2025:1
dani mack,1,2023-04-07,2023-04-07,1,0,2023:1
"Daniel Caesar, Bon Iver",1,2025-10-16,2025-10-16,1,0,2025:1
Daniel Davies,1,2015-11-30,2015-11-30,1,0,2015:1
Daniel Harley,1,2019-09-03,2019-09-03,1,0,2019:1
daniel hayn,1,2022-09-26,2022-09-26,1,0,2022:1
Daniel Hope,1,2017-11-28,2017-11-28,1,0,2017:1
Daniel Lanois,1,2014-06-03,2014-06-03,1,0,2014:1
Daniel Liebt,1,2017-12-04,2017-12-04,1,0,2017:1
Daniel Mehlhart,1,2014-12-29,2014-12-29,1,0,2014:1
Daniel Moreira,1,2015-08-24,2015-08-24,1,0,2015:1
Daniel Powter,1,2017-07-15,2017-07-15,1,0,2017:1
Daniel Robinson,1,2021-08-22,2021-08-22,1,0,2021:1
Daniel sun Krief,1,2019-09-09,2019-09-09,1,0,2019:1
DANK,1,2015-09-24,2015-09-24,1,0,2015:1
Danko Jones,1,2023-09-16,2023-09-16,1,0,2023:1
Dannii Minogue,1,2010-11-21,2010-11-21,1,0,2010:1
Danny Drive Thru,1,2013-05-10,2013-05-10,1,0,2013:1
danny dwyer,1,2021-12-03,2021-12-03,1,0,2021:1
Danny Gatton,1,2009-10-17,2009-10-17,1,0,2009:1
"Danny Gokey, Sarai Rivera",1,2025-07-23,2025-07-23,1,0,2025:1
Danny L Harle,1,2026-08-28,2026-08-28,1,0,2026:1
"Danny L Harle, Clairo",1,2025-03-07,2025-03-07,1,0,2025:1
"Danny L Harle, PinkPantheress",1,2025-07-22,2025-07-22,1,0,2025:1
Danny Romero,1,2012-04-28,2012-04-28,1,0,2012:1
Danny Saucedo,1,2013-01-20,2013-01-20,1,0,2013:1
Dante,1,2014-05-01,2014-05-01,1,0,2014:1
Dante Hart,1,2020-12-30,2020-12-30,1,0,2020:1
Dante High,1,2021-10-26,2021-10-26,1,0,2021:1
Dany Deep,1,2014-12-10,2014-12-10,1,0,2014:1
Danyka,1,2021-02-05,2021-02-05,1,0,2021:1
Daphne Loves Derby,1,2013-01-18,2013-01-18,1,0,2013:1
Dappy,1,2013-01-06,2013-01-06,1,0,2013:1
Dara,1,2026-04-15,2026-04-15,1,0,2026:1
Darius,1,2026-09-02,2026-09-02,1,0,2026:1
Dark Dazey,1,2024-06-21,2024-06-21,1,0,2024:1
Darkhouse Family,1,2014-11-20,2014-11-20,1,0,2014:1
Darkstar,1,2015-12-11,2015-12-11,1,0,2015:1
Darlene Love,1,2022-12-24,2022-12-24,1,0,2022:1
Darren Korb,1,2022-04-18,2022-04-18,1,0,2022:1
Darren Styles,1,2026-08-22,2026-08-22,1,0,2026:1
Darryl Worley,1,2025-09-11,2025-09-11,1,0,2025:1
Darshan Ambient,1,2013-05-16,2013-05-16,1,0,2013:1
"Das Sound Machine, Tone Hangers, The Barden Bellas, Green Bay Packers, The Treblemakers",1,2020-03-19,2020-03-19,1,0,2020:1
Dashboard Confessional,1,2012-12-07,2012-12-07,1,0,2012:1
Davai,1,2017-11-23,2017-11-23,1,0,2017:1
Dave B.,1,2020-09-03,2020-09-03,1,0,2020:1
Dave Barnes,1,2021-12-26,2021-12-26,1,0,2021:1
"Dave East, Lloyd Banks",1,2025-08-08,2025-08-08,1,0,2025:1
Dave Holland,1,2019-08-30,2019-08-30,1,0,2019:1
Dave Melillo,1,2008-12-24,2008-12-24,1,0,2008:1
Dave Seaman,1,2012-09-16,2012-09-16,1,0,2012:1
Dave Spoon,1,2012-08-28,2012-08-28,1,0,2012:1
"Dave, Nicole Blakk",1,2026-01-05,2026-01-05,1,0,2026:1
David Arnold,1,2017-06-14,2017-06-14,1,0,2017:1
"David Banner, Tito Lo",1,2020-02-18,2020-02-18,1,0,2020:1
David Cutter Music,1,2019-09-18,2019-09-18,1,0,2019:1
David Dluna,1,2021-12-26,2021-12-26,1,0,2021:1
"David Guetta, Alesso, Madison Love",1,2025-05-16,2025-05-16,1,0,2025:1
"David Guetta, Bebe Rexha",1,2025-05-30,2025-05-30,1,0,2025:1
"David Guetta, Sam Martin",1,2025-05-30,2025-05-30,1,0,2025:1
"David Guetta, Sia",1,2025-03-07,2025-03-07,1,0,2025:1
"David Guetta, Teddy Swims, Tones And I",1,2025-10-31,2025-10-31,1,0,2025:1
David Hazeltine,1,2014-12-30,2014-12-30,1,0,2014:1
David Helpling,1,2013-05-16,2013-05-16,1,0,2013:1
David Hugo,1,2021-01-04,2021-01-04,1,0,2021:1
David Keenan,1,2023-12-08,2023-12-08,1,0,2023:1
David Keno,1,2014-12-29,2014-12-29,1,0,2014:1
David Kitt,1,2026-07-24,2026-07-24,1,0,2026:1
David Lee Murphy,1,2021-07-25,2021-07-25,1,0,2021:1
David Lynch & Lykke Li,1,2013-07-28,2013-07-28,1,0,2013:1
David Michael Wyatt,1,2021-09-25,2021-09-25,1,0,2021:1
David Nevue,1,2013-08-21,2013-08-21,1,0,2013:1
David P.,1,2015-09-24,2015-09-24,1,0,2015:1
David Spinelli,1,2026-08-28,2026-08-28,1,0,2026:1
David Unlayao,1,2022-06-08,2022-06-08,1,0,2022:1
David Zowie,1,2015-07-03,2015-07-03,1,0,2015:1
DAVID44,1,2017-12-27,2017-12-27,1,0,2017:1
Dawn Penn,1,2022-10-21,2022-10-21,1,0,2022:1
Dawn Richard,1,2026-08-19,2026-08-19,1,0,2026:1
"Dawn, Dawn, Dawn",1,2017-12-27,2017-12-27,1,0,2017:1
DAY6,1,2024-08-14,2024-08-14,1,0,2024:1
Daydreamer,1,2017-11-27,2017-11-27,1,0,2017:1
Days of the New,1,2026-04-30,2026-04-30,1,0,2026:1
"DaySide, Guffchild, Pope Silk",1,2025-07-22,2025-07-22,1,0,2025:1
Dayton,1,2015-08-17,2015-08-17,1,0,2015:1
DAYYANI,1,2024-04-19,2024-04-19,1,0,2024:1
Dayymein,1,2025-12-30,2025-12-30,1,0,2025:1
Dazy,1,2023-03-22,2023-03-22,1,0,2023:1
DCS,1,2015-08-27,2015-08-27,1,0,2015:1
De Frank Professionals,1,2022-10-16,2022-10-16,1,0,2022:1
De Nattergale,1,2012-11-30,2012-11-30,1,0,2012:1
De'Lacy,1,2012-05-16,2012-05-16,1,0,2012:1
De-Grees,1,2012-10-07,2012-10-07,1,0,2012:1
Dea Matrona,1,2024-04-04,2024-04-04,1,0,2024:1
Dead Gowns,1,2026-05-05,2026-05-05,1,0,2026:1
Dead Man Winter,1,2017-10-17,2017-10-17,1,0,2017:1
Dead Nature,1,2019-08-28,2019-08-28,1,0,2019:1
dead prez,1,2019-08-08,2019-08-08,1,0,2019:1
Deadeye Dick,1,2022-06-16,2022-06-16,1,0,2022:1
"deadmau5, Lights",1,2025-02-06,2025-02-06,1,0,2025:1
"deadmau5, testpilot",1,2025-02-06,2025-02-06,1,0,2025:1
Deadmen,1,2020-10-13,2020-10-13,1,0,2020:1
"deafheaven, Jae Matthews",1,2026-01-22,2026-01-22,1,0,2026:1
"deafheaven, Paul Banks",1,2026-01-22,2026-01-22,1,0,2026:1
Dean Brody,1,2021-07-25,2021-07-25,1,0,2021:1
Dean Drouillard,1,2021-02-17,2021-02-17,1,0,2021:1
Dean Hurley,1,2025-07-28,2025-07-28,1,0,2025:1
Dean Miller,1,2010-11-28,2010-11-28,1,0,2010:1
Deana Carter,1,2026-09-06,2026-09-06,1,0,2026:1
Deante' Hitchcock,1,2019-05-16,2019-05-16,1,0,2019:1
Dear Jane,1,2024-09-02,2024-09-02,1,0,2024:1
Dear Sara,1,2024-02-21,2024-02-21,1,0,2024:1
Dear Thieves,1,2019-08-28,2019-08-28,1,0,2019:1
Death Team,1,2015-08-13,2015-08-13,1,0,2015:1
Death Vessel,1,2015-12-04,2015-12-04,1,0,2015:1
Deau Eyes,1,2020-10-21,2020-10-21,1,0,2020:1
Deauxnuts,1,2019-09-18,2019-09-18,1,0,2019:1
Debbie,1,2025-07-09,2025-07-09,1,0,2025:1
Deborahe Glasgow,1,2022-04-09,2022-04-09,1,0,2022:1
Deena Abdelwahed,1,2026-08-24,2026-08-24,1,0,2026:1
Deep Collective,1,2013-11-17,2013-11-17,1,0,2013:1
Deep Dish,1,2012-05-03,2012-05-03,1,0,2012:1
Deep Dive Corp.,1,2013-01-19,2013-01-19,1,0,2013:1
Deep Sea Diver,1,2020-12-31,2020-12-31,1,0,2020:1
Deep Street Soul,1,2015-01-21,2015-01-21,1,0,2015:1
Deer Tick,1,2010-09-14,2010-09-14,1,0,2010:1
Deerhoof,1,2026-04-20,2026-04-20,1,0,2026:1
Deeter K,1,2023-06-20,2023-06-20,1,0,2023:1
Deidra Chois,1,2020-11-19,2020-11-19,1,0,2020:1
Dejima,1,2023-10-23,2023-10-23,1,0,2023:1
Dekker,1,2020-10-21,2020-10-21,1,0,2020:1
Delano Stewart,1,2022-04-09,2022-04-09,1,0,2022:1
Delilah Montagu,1,2019-09-09,2019-09-09,1,0,2019:1
DellaXOZ,1,2024-04-19,2024-04-19,1,0,2024:1
Delorentos,1,2012-07-20,2012-07-20,1,0,2012:1
Delta 5,1,2015-08-18,2015-08-18,1,0,2015:1
Delta Heavy,1,2017-11-23,2017-11-23,1,0,2017:1
DELTA JACK,1,2021-04-25,2021-04-25,1,0,2021:1
Delta Rae,1,2015-12-04,2015-12-04,1,0,2015:1
Delta Sleep,1,2019-06-19,2019-06-19,1,0,2019:1
Deltron 3030,1,2014-01-14,2014-01-14,1,0,2014:1
Dem Franchize Boyz,1,2020-09-29,2020-09-29,1,0,2020:1
Demon,1,2026-04-27,2026-04-27,1,0,2026:1
Dempsey Hope,1,2022-12-29,2022-12-29,1,0,2022:1
Dempsey Massy,1,2014-12-10,2014-12-10,1,0,2014:1
Dende,1,2023-01-14,2023-01-14,1,0,2023:1
Denis Gancel Quartet,1,2019-08-30,2019-08-30,1,0,2019:1
Denise King,1,2015-09-29,2015-09-29,1,0,2015:1
Denison Witmer,1,2015-09-17,2015-09-17,1,0,2015:1
"Denison Witmer, Sufjan Stevens",1,2025-01-22,2025-01-22,1,0,2025:1
Denyah,1,2020-07-30,2020-07-30,1,0,2020:1
"Denzel Curry, That Mexican OT",1,2024-07-05,2024-07-05,1,0,2024:1
Deorro,1,2015-07-03,2015-07-03,1,0,2015:1
"Deorro, Chris Brown",1,2025-04-02,2025-04-02,1,0,2025:1
Derezurekt,1,2023-02-04,2023-02-04,1,0,2023:1
Derrick Harriott,1,2022-04-09,2022-04-09,1,0,2022:1
Despina Ricci,1,2021-04-10,2021-04-10,1,0,2021:1
Dessert,1,2019-06-30,2019-06-30,1,0,2019:1
Destin Conrad,1,2022-01-04,2022-01-04,1,0,2022:1
Destiny,1,2021-06-06,2021-06-06,1,0,2021:1
dEUS,1,2013-09-21,2013-09-21,1,0,2013:1
Deuter,1,2016-02-04,2016-02-04,1,0,2016:1
Dev Lemons,1,2024-07-13,2024-07-13,1,0,2024:1
dev soter,1,2021-02-05,2021-02-05,1,0,2021:1
"Devas, Somnambule",1,2025-03-19,2025-03-19,1,0,2025:1
Devil Master,1,2022-04-02,2022-04-02,1,0,2022:1
Devin Malik,1,2024-07-04,2024-07-04,1,0,2024:1
Devin Wild,1,2026-08-22,2026-08-22,1,0,2026:1
Devlin,1,2012-08-29,2012-08-29,1,0,2012:1
Devon Culture,1,2025-09-14,2025-09-14,1,0,2025:1
Devon Gilfillian,1,2021-03-06,2021-03-06,1,0,2021:1
Devon Russell,1,2022-04-09,2022-04-09,1,0,2022:1
Dexter,1,2020-10-20,2020-10-20,1,0,2020:1
Dexter Gordon,1,2017-09-12,2017-09-12,1,0,2017:1
Dexys Midnight Runners,1,2013-11-25,2013-11-25,1,0,2013:1
DFRNT,1,2013-03-04,2013-03-04,1,0,2013:1
dghtr,1,2021-03-06,2021-03-06,1,0,2021:1
DIALYUP,1,2021-01-29,2021-01-29,1,0,2021:1
Diamond D,1,2019-09-18,2019-09-18,1,0,2019:1
Diana Vickers,1,2010-05-31,2010-05-31,1,0,2010:1
"Diany Dior, NAV, Cash Cobain",1,2024-07-13,2024-07-13,1,0,2024:1
Diario,1,2013-02-16,2013-02-16,1,0,2013:1
Dibia$e,1,2019-09-18,2019-09-18,1,0,2019:1
Didier Squiban,1,2013-08-20,2013-08-20,1,0,2013:1
Die Spitz,1,2026-04-20,2026-04-20,1,0,2026:1
"Dierks Bentley, Elle King",1,2020-04-03,2020-04-03,1,0,2020:1
"Dierks Bentley, Maren Morris",1,2020-04-03,2020-04-03,1,0,2020:1
"Dierks Bentley, Miranda Lambert, Jamey Johnson",1,2025-07-14,2025-07-14,1,0,2025:1
Dieson Samba,1,2025-02-19,2025-02-19,1,0,2025:1
Dieter Huber,1,2021-01-30,2021-01-30,1,0,2021:1
Different Sleep,1,2015-12-11,2015-12-11,1,0,2015:1
Digable Planets,1,2026-07-20,2026-07-20,1,0,2026:1
Digby Jones,1,2014-09-25,2014-09-25,1,0,2014:1
Digiannia,1,2023-01-16,2023-01-16,1,0,2023:1
Digital Mystery Tour,1,2013-05-30,2013-05-30,1,0,2013:1
DijahSB,1,2021-01-29,2021-01-29,1,0,2021:1
diKKa,1,2026-03-26,2026-03-26,1,0,2026:1
Dimanche,1,2022-10-22,2022-10-22,1,0,2022:1
Dimitri From London,1,2012-07-15,2012-07-15,1,0,2012:1
Dimitri Vangelis & Wyman,1,2021-03-15,2021-03-15,1,0,2021:1
Dinah Washington,1,2021-11-20,2021-11-20,1,0,2021:1
Dinner Party,1,2026-06-05,2026-06-05,1,0,2026:1
DINOSAURUXIA,1,2012-05-26,2012-05-26,1,0,2012:1
Diogal,1,2013-06-29,2013-06-29,1,0,2013:1
Direct,1,2017-11-27,2017-11-27,1,0,2017:1
Disciples,1,2019-08-28,2019-08-28,1,0,2019:1
"Disclosure, Anderson .Paak",1,2025-09-04,2025-09-04,1,0,2025:1
Disco,1,2006-04-01,2006-04-01,1,0,2006:1
Discopolis,1,2013-09-21,2013-09-21,1,0,2013:1
Discount,1,2009-12-25,2009-12-25,1,0,2009:1
Discovery,1,2012-05-13,2012-05-13,1,0,2012:1
"Disiz, Damso",1,2025-12-30,2025-12-30,1,0,2025:1
diskJokke,1,2013-09-21,2013-09-21,1,0,2013:1
Distance,1,2021-03-27,2021-03-27,1,0,2021:1
Distant Fires Burning,1,2013-05-16,2013-05-16,1,0,2013:1
Ditch,1,2021-10-08,2021-10-08,1,0,2021:1
"Diva Faune, Emma Hoet",1,2025-03-11,2025-03-11,1,0,2025:1
Diving Station,1,2021-01-17,2021-01-17,1,0,2021:1
Divino Niño,1,2019-06-30,2019-06-30,1,0,2019:1
Divolly & Markward,1,2023-07-27,2023-07-27,1,0,2023:1
Dizzee Rascal feat. Calvin Harris & Chrome,1,2012-05-31,2012-05-31,1,0,2012:1
DJ Bobo,1,2008-12-30,2008-12-30,1,0,2008:1
DJ Buxxi,1,2012-04-28,2012-04-28,1,0,2012:1
DJ Cam Quartet,1,2025-04-28,2025-04-28,1,0,2025:1
DJ Camgirl,1,2021-09-25,2021-09-25,1,0,2021:1
DJ Center,1,2015-04-20,2015-04-20,1,0,2015:1
Dj Chillsurfer,1,2013-02-16,2013-02-16,1,0,2013:1
DJ Danjer feat. Ash,1,2012-09-16,2012-09-16,1,0,2012:1
DJ Farrapo & Yanes,1,2009-08-11,2009-08-11,1,0,2009:1
DJ Frappo,1,2021-04-09,2021-04-09,1,0,2021:1
DJ Fresh,1,2015-05-27,2015-05-27,1,0,2015:1
DJ Fronteo,1,2023-01-27,2023-01-27,1,0,2023:1
DJ Haram,1,2025-05-28,2025-05-28,1,0,2025:1
DJ Harrison,1,2022-09-26,2022-09-26,1,0,2022:1
Dj Ibiza del Mar,1,2026-08-24,2026-08-24,1,0,2026:1
DJ iLG,1,2022-04-23,2022-04-23,1,0,2022:1
DJ Jazzy Jeff & The Fresh Prince,1,2015-04-14,2015-04-14,1,0,2015:1
"DJ Kay Slay, Sauce Money, Joe Buddens, WC, Bun B, Killer Mike, Hak Ditty",1,2025-08-08,2025-08-08,1,0,2025:1
DJ Kentaro,1,2013-03-20,2013-03-20,1,0,2013:1
"DJ Khaled, Post Malone, YoungBoy Never Broke Again",1,2025-09-26,2025-09-26,1,0,2025:1
"DJ Kheops, IAM",1,2025-09-22,2025-09-22,1,0,2025:1
"DJ Koze, Damon Albarn",1,2025-01-22,2025-01-22,1,0,2025:1
DJ Kuroneko,1,2021-09-25,2021-09-25,1,0,2021:1
DJ Licious,1,2023-06-20,2023-06-20,1,0,2023:1
Dj Mangoo,1,2012-10-26,2012-10-26,1,0,2012:1
DJ Marky,1,2015-08-17,2015-08-17,1,0,2015:1
DJ Minx,1,2026-08-28,2026-08-28,1,0,2026:1
"DJ Nu-Mark, Full Crate",1,2024-08-17,2024-08-17,1,0,2024:1
DJ Numark feat. Chali 2NA,1,2010-05-07,2010-05-07,1,0,2010:1
DJ Pone,1,2026-05-29,2026-05-29,1,0,2026:1
DJ Rashad,1,2014-11-19,2014-11-19,1,0,2014:1
DJ Rogorio,1,2010-10-31,2010-10-31,1,0,2010:1
DJ Rork,1,2009-12-08,2009-12-08,1,0,2009:1
DJ Sammy,1,2006-06-30,2006-06-30,1,0,2006:1
DJ Seinfeld,1,2019-08-08,2019-08-08,1,0,2019:1
DJ Slyngshot,1,2020-09-29,2020-09-29,1,0,2020:1
DJ Snake,1,2019-06-15,2019-06-15,1,0,2019:1
"DJ Snake, Bipolar Sunshine",1,2025-06-03,2025-06-03,1,0,2025:1
"DJ Snake, Sheck Wes, Offset, 21 Savage, Gucci Mane",1,2020-04-24,2020-04-24,1,0,2020:1
"DJ Snake, Space Laces",1,2025-06-03,2025-06-03,1,0,2025:1
DJ Tatana,1,2012-09-16,2012-09-16,1,0,2012:1
DJ Telefkas,1,2017-12-04,2017-12-04,1,0,2017:1
DJ Tennis,1,2014-12-11,2014-12-11,1,0,2014:1
DJ VTTT77,1,2026-07-19,2026-07-19,1,0,2026:1
DJ Yoda feat. Action Bronson & Alice Russell,1,2013-11-23,2013-11-23,1,0,2013:1
DJ Ötzi,1,2015-04-14,2015-04-14,1,0,2015:1
Djane HouseKat,1,2012-10-07,2012-10-07,1,0,2012:1
Djivan Gasparyan,1,2017-06-15,2017-06-15,1,0,2017:1
djpretzel,1,2013-08-26,2013-08-26,1,0,2013:1
Djrum,1,2019-05-13,2019-05-13,1,0,2019:1
Djuma Soundsystem,1,2013-01-23,2013-01-23,1,0,2013:1
DMX Krew,1,2026-08-13,2026-08-13,1,0,2026:1
Dntel,1,2015-04-20,2015-04-20,1,0,2015:1
Doble Filo,1,2018-01-21,2018-01-21,1,0,2018:1
DOC SLEEP,1,2024-10-14,2024-10-14,1,0,2024:1
Doctor Bionic,1,2026-06-05,2026-06-05,1,0,2026:1
Doctorfunk,1,2015-01-21,2015-01-21,1,0,2015:1
Dog Eyes,1,2024-04-30,2024-04-30,1,0,2024:1
Dogleg,1,2021-01-21,2021-01-21,1,0,2021:1
Dohnavur,1,2026-08-24,2026-08-24,1,0,2026:1
"Doja Cat, Nicki Minaj",1,2020-05-12,2020-05-12,1,0,2020:1
Dolce Vita,1,2022-10-22,2022-10-22,1,0,2022:1
Dolores Forever,1,2023-09-28,2023-09-28,1,0,2023:1
Dom Corleo,1,2023-10-23,2023-10-23,1,0,2023:1
Dom Fera,1,2022-05-23,2022-05-23,1,0,2022:1
Dom Flemons,1,2024-07-13,2024-07-13,1,0,2024:1
Dom Ryan,1,2021-12-03,2021-12-03,1,0,2021:1
DOMi & JD Beck,1,2022-07-13,2022-07-13,1,0,2022:1
Dominique Fils-Aimé,1,2026-02-02,2026-02-02,1,0,2026:1
Don Gilmore,1,2015-04-13,2015-04-13,1,0,2015:1
Don Ross,1,2014-12-29,2014-12-29,1,0,2014:1
"Don Toliver, Doja Cat",1,2025-05-21,2025-05-21,1,0,2025:1
"Don Toliver, Sheck Wes",1,2025-07-16,2025-07-16,1,0,2025:1
Don't Bring Stacey,1,2019-08-28,2019-08-28,1,0,2019:1
Dona Ivone Lara,1,2017-07-02,2017-07-02,1,0,2017:1
Donald Fagen,1,2025-08-08,2025-08-08,1,0,2025:1
Donald Shoenberg,1,2020-12-24,2020-12-24,1,0,2020:1
Donkeyboy,1,2013-05-07,2013-05-07,1,0,2013:1
Donna Lewis,1,2013-09-23,2013-09-23,1,0,2013:1
Donny McCaslin,1,2025-08-14,2025-08-14,1,0,2025:1
Donny Osmond,1,2019-05-13,2019-05-13,1,0,2019:1
Dons,1,2024-05-12,2024-05-12,1,0,2024:1
"donSMITH, A$AP Twelvyy, Tofu Jack",1,2025-12-31,2025-12-31,1,0,2025:1
Dopapod,1,2017-12-07,2017-12-07,1,0,2017:1
Dope Stars Inc.,1,2010-10-04,2010-10-04,1,0,2010:1
Dorian Concept,1,2015-08-18,2015-08-18,1,0,2015:1
"Dorian Electra, Sega Bodega",1,2024-07-12,2024-07-12,1,0,2024:1
Doris Casella,1,2019-11-28,2019-11-28,1,0,2019:1
Dosh,1,2015-12-11,2015-12-11,1,0,2015:1
Doss,1,2021-11-12,2021-11-12,1,0,2021:1
"Dosseh, Tiakola",1,2025-02-19,2025-02-19,1,0,2025:1
Dot,1,2021-02-15,2021-02-15,1,0,2021:1
Dot.,1,2024-04-19,2024-04-19,1,0,2024:1
Dotan,1,2026-07-14,2026-07-14,1,0,2026:1
Doughnut,1,2017-12-04,2017-12-04,1,0,2017:1
Doul,1,2022-04-12,2022-04-12,1,0,2022:1
Dousk,1,2013-03-13,2013-03-13,1,0,2013:1
"Dove Attia, Molière l'opéra urbain, Lou, PETiTOM, Morgan, Shaïna Pronzola, Vike, Abi Bernadoth",1,2025-11-26,2025-11-26,1,0,2025:1
Dovey Magnum,1,2019-10-01,2019-10-01,1,0,2019:1
Down for Tomorrow,1,2019-08-29,2019-08-29,1,0,2019:1
Doyle Bramhall,1,2010-11-28,2010-11-28,1,0,2010:1
"Dpsht, tenkousei.",1,2024-11-10,2024-11-10,1,0,2024:1
Dr. Buzzard's Original Savannah Band,1,2026-06-05,2026-06-05,1,0,2026:1
Dr. Evil,1,2006-11-06,2006-11-06,1,0,2006:1
Dr. Hook,1,2021-09-16,2021-09-16,1,0,2021:1
Dr. John,1,2024-08-01,2024-08-01,1,0,2024:1
Dr. Octagon,1,2026-02-03,2026-02-03,1,0,2026:1
Dr. Yaro,1,2025-12-30,2025-12-30,1,0,2025:1
Drakeo The Ruler,1,2021-01-21,2021-01-21,1,0,2021:1
Dream Koala,1,2015-12-16,2015-12-16,1,0,2015:1
Dream Warriors,1,2026-02-12,2026-02-12,1,0,2026:1
Dreamcar,1,2017-08-12,2017-08-12,1,0,2017:1
Dreamers,1,2015-04-07,2015-04-07,1,0,2015:1
Dreamgirl,1,2021-01-17,2021-01-17,1,0,2021:1
Dreezy,1,2024-08-14,2024-08-14,1,0,2024:1
"Dreezy, Jeremih",1,2024-08-14,2024-08-14,1,0,2024:1
"Dreezy, T-Pain",1,2025-07-27,2025-07-27,1,0,2025:1
Dresses,1,2015-03-02,2015-03-02,1,0,2015:1
Drew Amaranth,1,2021-10-24,2021-10-24,1,0,2021:1
Drew Jodi,1,2021-02-15,2021-02-15,1,0,2021:1
Drive-By Truckers,1,2020-10-13,2020-10-13,1,0,2020:1
"Droogie Otis, Madlib, Your Old Droog, Boldy James",1,2025-05-28,2025-05-28,1,0,2025:1
Dropkick Murphys,1,2017-05-24,2017-05-24,1,0,2017:1
Droïd Fantôm,1,2023-10-22,2023-10-22,1,0,2023:1
"Drxnk, blndspot, Golden Ticket Tapes",1,2024-11-11,2024-11-11,1,0,2024:1
Duane Stephenson,1,2015-12-08,2015-12-08,1,0,2015:1
Dub Organiser,1,2017-02-17,2017-02-17,1,0,2017:1
Dublex Inc.,1,2021-04-09,2021-04-09,1,0,2021:1
Dublex Inc. feat. Ashley Slater,1,2009-08-11,2009-08-11,1,0,2009:1
Dublication,1,2012-07-15,2012-07-15,1,0,2012:1
Dublin City Ramblers,1,2008-02-28,2008-02-28,1,0,2008:1
DUBSTEP MAFIA,1,2012-07-15,2012-07-15,1,0,2012:1
Dubstep Spook,1,2021-01-30,2021-01-30,1,0,2021:1
"duendita, Noah Becker",1,2025-10-13,2025-10-13,1,0,2025:1
Duke Deuce,1,2020-04-23,2020-04-23,1,0,2020:1
Dukwa,1,2021-05-05,2021-05-05,1,0,2021:1
Dump Him,1,2019-08-28,2019-08-28,1,0,2019:1
Dumpstaphunk,1,2015-01-21,2015-01-21,1,0,2015:1
Dune Rats,1,2017-07-06,2017-07-06,1,0,2017:1
Dunker Instinct,1,2022-04-25,2022-04-25,1,0,2022:1
Duo Mecanico,1,2013-01-20,2013-01-20,1,0,2013:1
Durand Bernarr,1,2026-06-05,2026-06-05,1,0,2026:1
"Durand Jones & The Indications, Aaron Frazer",1,2025-08-12,2025-08-12,1,0,2025:1
Dusa Alpacino,1,2021-01-29,2021-01-29,1,0,2021:1
Dusky,1,2017-11-27,2017-11-27,1,0,2017:1
Dustbowl Revival,1,2020-10-13,2020-10-13,1,0,2020:1
Duster,1,2024-11-04,2024-11-04,1,0,2024:1
Dusty Bear,1,2024-08-07,2024-08-07,1,0,2024:1
Dutch Interior,1,2025-12-30,2025-12-30,1,0,2025:1
Duval Timothy,1,2021-01-21,2021-01-21,1,0,2021:1
"dvsn, Snoh Aalegra",1,2020-03-23,2020-03-23,1,0,2020:1
Dweeb,1,2019-09-18,2019-09-18,1,0,2019:1
Dwele,1,2012-04-14,2012-04-14,1,0,2012:1
Dwight Trible,1,2017-10-24,2017-10-24,1,0,2017:1
DWY,1,2021-01-29,2021-01-29,1,0,2021:1
DyE,1,2013-05-30,2013-05-30,1,0,2013:1
Dyke & The Blazers,1,2024-06-21,2024-06-21,1,0,2024:1
Dylan Earl,1,2025-09-04,2025-09-04,1,0,2025:1
Dylan Espeseth,1,2023-01-27,2023-01-27,1,0,2023:1
Dyln,1,2020-10-20,2020-10-20,1,0,2020:1
Dyna Edyne,1,2020-07-21,2020-07-21,1,0,2020:1
"DYSTINCT, Dadju",1,2025-12-30,2025-12-30,1,0,2025:1
Dzeko & Torres,1,2012-11-21,2012-11-21,1,0,2012:1
Död Mark,1,2023-09-27,2023-09-27,1,0,2023:1
Dølle Jølle,1,2014-12-11,2014-12-11,1,0,2014:1
E.M.D.,1,2009-07-14,2009-07-14,1,0,2009:1
E_DEATH,1,2023-02-05,2023-02-05,1,0,2023:1
EA Games Soundtrack,1,2022-04-18,2022-04-18,1,0,2022:1
Earl Hines,1,2013-03-07,2013-03-07,1,0,2013:1
Ears Of Light,1,2016-02-03,2016-02-03,1,0,2016:1
Earth n Days,1,2024-06-26,2024-06-26,1,0,2024:1
"Earth, Wind & Fire, arr. by Tom Tom 84",1,2012-12-02,2012-12-02,1,0,2012:1
"Earth, Wind & Fire;Ramsey Lewis",1,2012-12-02,2012-12-02,1,0,2012:1
Eartha Kitt;Henri René,1,2012-12-23,2012-12-23,1,0,2012:1
East of Oceans,1,2019-08-28,2019-08-28,1,0,2019:1
Easton Corbin,1,2015-09-14,2015-09-14,1,0,2015:1
"easyFun, Noonie Bao",1,2025-03-07,2025-03-07,1,0,2025:1
Eaves Wilder,1,2026-04-23,2026-04-23,1,0,2026:1
Eazy-E,1,2012-12-23,2012-12-23,1,0,2012:1
Ebi Soda,1,2022-09-26,2022-09-26,1,0,2022:1
Echoteque,1,2015-11-26,2015-11-26,1,0,2015:1
Ecko,1,2019-10-01,2019-10-01,1,0,2019:1
Ed leigh,1,2022-06-12,2022-06-12,1,0,2022:1
Ed Motta,1,2015-12-14,2015-12-14,1,0,2015:1
"Ed Sheeran, Justin Bieber",1,2020-03-04,2020-03-04,1,0,2020:1
Ed Tullett,1,2015-11-25,2015-11-25,1,0,2015:1
edbl,1,2020-07-30,2020-07-30,1,0,2020:1
Eddi Front,1,2015-12-04,2015-12-04,1,0,2015:1
"Eddie Benjamin, Sia",1,2024-07-01,2024-07-01,1,0,2024:1
Eddie Cochran,1,2012-12-19,2012-12-19,1,0,2012:1
Eddie Henderson,1,2020-09-03,2020-09-03,1,0,2020:1
Eddie Kendricks,1,2015-09-29,2015-09-29,1,0,2015:1
Eddie M,1,2012-05-27,2012-05-27,1,0,2012:1
Eddie Money,1,2009-10-09,2009-10-09,1,0,2009:1
Eddie Murphy,1,2010-04-08,2010-04-08,1,0,2010:1
Eddy Arnold,1,2010-11-28,2010-11-28,1,0,2010:1
Eddy De Pretto,1,2025-11-24,2025-11-24,1,0,2025:1
Eddy Mitchell,1,2009-06-13,2009-06-13,1,0,2009:1
Eden,1,2017-11-27,2017-11-27,1,0,2017:1
Eden Alene,1,2021-06-06,2021-06-06,1,0,2021:1
Edgar Alejandro,1,2023-07-22,2023-07-22,1,0,2023:1
Edgar Sandoval Jr,1,2021-02-05,2021-02-05,1,0,2021:1
Edgehill,1,2024-03-29,2024-03-29,1,0,2024:1
EDM,1,2025-04-28,2025-04-28,1,0,2025:1
Edmony Krater,1,2019-08-28,2019-08-28,1,0,2019:1
EDO. G,1,2019-09-18,2019-09-18,1,0,2019:1
Edoardo Más,1,2023-06-20,2023-06-20,1,0,2023:1
Edu Helou,1,2013-02-16,2013-02-16,1,0,2013:1
Edu Lobo,1,2021-11-20,2021-11-20,1,0,2021:1
Edú Lobo,1,2010-02-05,2010-02-05,1,0,2010:1
Eevee,1,2019-04-30,2019-04-30,1,0,2019:1
Egberto Gismonti,1,2015-09-28,2015-09-28,1,0,2015:1
EGE ZULU,1,2024-02-20,2024-02-20,1,0,2024:1
Egoism,1,2021-01-17,2021-01-17,1,0,2021:1
EGOPIUM,1,2022-04-22,2022-04-22,1,0,2022:1
Egyptian Blue,1,2019-08-29,2019-08-29,1,0,2019:1
Eichlers,1,2022-01-12,2022-01-12,1,0,2022:1
Eija Merilä ja Four Cats,1,2012-12-01,2012-12-01,1,0,2012:1
EiK 2509,1,2024-04-18,2024-04-18,1,0,2024:1
Eileen Alister,1,2025-07-22,2025-07-22,1,0,2025:1
Eimear Quinn,1,2026-05-17,2026-05-17,1,0,2026:1
Eini,1,2012-12-01,2012-12-01,1,0,2012:1
Einojuhani Rautavaara,1,2021-12-24,2021-12-24,1,0,2021:1
Ej Noro,1,2017-11-27,2017-11-27,1,0,2017:1
Ekko,1,2016-02-03,2016-02-03,1,0,2016:1
Ekko & Sidetrack,1,2017-11-23,2017-11-23,1,0,2017:1
Ekkolodd,1,2013-02-16,2013-02-16,1,0,2013:1
EKKSTACY,1,2021-04-27,2021-04-27,1,0,2021:1
El Búho,1,2017-12-17,2017-12-17,1,0,2017:1
"El Michels Affair, Clairo",1,2025-07-31,2025-07-31,1,0,2025:1
El Migu,1,2022-08-21,2022-08-21,1,0,2022:1
El Neón,1,2020-04-14,2020-04-14,1,0,2020:1
El Ten Eleven,1,2019-06-19,2019-06-19,1,0,2019:1
El-P,1,2026-07-23,2026-07-23,1,0,2026:1
Ela Taubert,1,2025-07-09,2025-07-09,1,0,2025:1
Elaquent,1,2019-09-18,2019-09-18,1,0,2019:1
"Elaquent, Joe Bae",1,2024-11-10,2024-11-10,1,0,2024:1
Elastica,1,2026-03-04,2026-03-04,1,0,2026:1
Elcho,1,2013-01-20,2013-01-20,1,0,2013:1
Eleanor Friedberger,1,2013-04-25,2013-04-25,1,0,2013:1
Electric Mantis,1,2017-11-27,2017-11-27,1,0,2017:1
Electro Deluxe,1,2015-01-21,2015-01-21,1,0,2015:1
Element,1,2009-12-15,2009-12-15,1,0,2009:1
Elena,1,2012-07-15,2012-07-15,1,0,2012:1
Elena Tsagrinou,1,2021-06-06,2021-06-06,1,0,2021:1
Eleni,1,2013-01-20,2013-01-20,1,0,2013:1
Elephant Micah,1,2015-12-04,2015-12-04,1,0,2015:1
Elephant Revival,1,2015-12-04,2015-12-04,1,0,2015:1
Elevator Boys,1,2025-07-23,2025-07-23,1,0,2025:1
Eleven 76,1,2022-10-06,2022-10-06,1,0,2022:1
Elf Kid,1,2017-02-23,2017-02-23,1,0,2017:1
Eli Moon,1,2020-07-16,2020-07-16,1,0,2020:1
Eli Smart,1,2022-07-05,2022-07-05,1,0,2022:1
Elias Boussnina,1,2019-11-27,2019-11-27,1,0,2019:1
Elias Gould,1,2015-12-07,2015-12-07,1,0,2015:1
Elijah Blake,1,2024-08-12,2024-08-12,1,0,2024:1
Elijah Woods,1,2022-09-07,2022-09-07,1,0,2022:1
Eliot Lipp,1,2026-07-23,2026-07-23,1,0,2026:1
Eliphino,1,2015-08-17,2015-08-17,1,0,2015:1
Elisa Imperilee & Srigala,1,2024-05-08,2024-05-08,1,0,2024:1
Elisa Lindström,1,2024-02-21,2024-02-21,1,0,2024:1
Eliza And The Bear,1,2020-12-18,2020-12-18,1,0,2020:1
Eliza Rose,1,2026-03-13,2026-03-13,1,0,2026:1
Eliza Shaddad,1,2019-11-26,2019-11-26,1,0,2019:1
Elizabeth & The Catapult,1,2014-12-17,2014-12-17,1,0,2014:1
Elizabeth Bouknight,1,2019-11-28,2019-11-28,1,0,2019:1
Elk City,1,2008-03-02,2008-03-02,1,0,2008:1
Elkan,1,2025-12-30,2025-12-30,1,0,2025:1
"elkka, John Carroll Kirby",1,2024-10-14,2024-10-14,1,0,2024:1
Elkyn,1,2021-01-04,2021-01-04,1,0,2021:1
Ella Isaacson,1,2021-12-03,2021-12-03,1,0,2021:1
Elle Coves,1,2024-04-19,2024-04-19,1,0,2024:1
Ellen And The Escapades,1,2015-12-04,2015-12-04,1,0,2015:1
Elli Moore,1,2023-02-14,2023-02-14,1,0,2023:1
Elliana,1,2021-05-03,2021-05-03,1,0,2021:1
Ellie Bleach,1,2024-04-19,2024-04-19,1,0,2024:1
Ellie Holcomb,1,2025-07-23,2025-07-23,1,0,2025:1
Elliot Berger,1,2017-11-27,2017-11-27,1,0,2017:1
Elliot Fitch,1,2021-04-27,2021-04-27,1,0,2021:1
Elliot Moss,1,2015-09-03,2015-09-03,1,0,2015:1
Elliot Ziegler,1,2019-11-28,2019-11-28,1,0,2019:1
Elliott Yamin,1,2007-12-09,2007-12-09,1,0,2007:1
Elmara,1,2013-01-20,2013-01-20,1,0,2013:1
Elmire,1,2026-07-29,2026-07-29,1,0,2026:1
Eloi,1,2025-07-24,2025-07-24,1,0,2025:1
Eloy,1,2022-04-20,2022-04-20,1,0,2022:1
"Eloïz, RIDSA",1,2025-10-23,2025-10-23,1,0,2025:1
Elsa Hewitt,1,2017-09-01,2017-09-01,1,0,2017:1
"Elton John, Dua Lipa",1,2025-03-23,2025-03-23,1,0,2025:1
Elum Vance,1,2021-01-30,2021-01-30,1,0,2021:1
Elvis Crespo,1,2017-06-17,2017-06-17,1,0,2017:1
Elvis Presley vs. Junkie XL,1,2007-01-15,2007-01-15,1,0,2007:1
Elyon,1,2025-02-19,2025-02-19,1,0,2025:1
Elyts Sounds,1,2019-04-30,2019-04-30,1,0,2019:1
Elís Regina & Antonio Carlos Jobim,1,2010-02-05,2010-02-05,1,0,2010:1
Eman Lam,1,2024-09-02,2024-09-02,1,0,2024:1
Emapea,1,2019-09-18,2019-09-18,1,0,2019:1
emawk,1,2020-07-30,2020-07-30,1,0,2020:1
Ember Falls,1,2026-05-31,2026-05-31,1,0,2026:1
Emblemic,1,2018-03-19,2018-03-19,1,0,2018:1
Emei,1,2021-10-27,2021-10-27,1,0,2021:1
Emeline,1,2026-08-28,2026-08-28,1,0,2026:1
Emerson A.S.,1,2012-06-05,2012-06-05,1,0,2012:1
Emerson Drive,1,2009-10-09,2009-10-09,1,0,2009:1
EMF,1,2017-03-27,2017-03-27,1,0,2017:1
Emika,1,2014-10-28,2014-10-28,1,0,2014:1
"Emila, Cir.Cuz",1,2025-04-02,2025-04-02,1,0,2025:1
Emile Mosseri,1,2019-06-24,2019-06-24,1,0,2019:1
Emilie & Ogden,1,2015-11-25,2015-11-25,1,0,2015:1
Emilie Levienaise-Farrouch,1,2015-12-16,2015-12-16,1,0,2015:1
Emilie Nicolas,1,2021-08-22,2021-08-22,1,0,2021:1
Emilie-Claire Barlow,1,2025-12-11,2025-12-11,1,0,2025:1
Emily And The Woods,1,2013-01-16,2013-01-16,1,0,2013:1
Emily Krueger,1,2021-01-29,2021-01-29,1,0,2021:1
Emily Rowed,1,2021-09-25,2021-09-25,1,0,2021:1
Emily Vaughn,1,2015-09-04,2015-09-04,1,0,2015:1
Emitt Rhodes,1,2021-12-10,2021-12-10,1,0,2021:1
Emma,1,2014-09-21,2014-09-21,1,0,2014:1
"Emma Louise, Flume",1,2025-09-04,2025-09-04,1,0,2025:1
Emma McGrath,1,2020-12-08,2020-12-08,1,0,2020:1
Emma Peters,1,2022-10-22,2022-10-22,1,0,2022:1
Emma Steinbakken,1,2021-08-22,2021-08-22,1,0,2021:1
Emmanuel Moire,1,2025-12-02,2025-12-02,1,0,2025:1
Emmy the Great,1,2012-10-01,2012-10-01,1,0,2012:1
Emo,1,2022-09-07,2022-09-07,1,0,2022:1
Empath,1,2026-04-08,2026-04-08,1,0,2026:1
Empty Country,1,2019-08-28,2019-08-28,1,0,2019:1
"Emrah Turken, SUER",1,2024-08-17,2024-08-17,1,0,2024:1
End of the World,1,2019-08-23,2019-08-23,1,0,2019:1
Endah N Rhesa,1,2012-05-14,2012-05-14,1,0,2012:1
Eneko Artola,1,2022-06-17,2022-06-17,1,0,2022:1
Engelwood,1,2019-09-18,2019-09-18,1,0,2019:1
Engmans Kapell,1,2024-02-21,2024-02-21,1,0,2024:1
"ENHYPEN, JVKE",1,2024-08-14,2024-08-14,1,0,2024:1
Enigma,1,2013-08-21,2013-08-21,1,0,2013:1
Enjoy,1,2015-01-11,2015-01-11,1,0,2015:1
Ennanga Vision,1,2017-09-01,2017-09-01,1,0,2017:1
Enno Aare,1,2018-03-19,2018-03-19,1,0,2018:1
Enny,1,2026-04-08,2026-04-08,1,0,2026:1
Enrico Macias,1,2010-09-29,2010-09-29,1,0,2010:1
Ensemble Vanya,1,2022-04-22,2022-04-22,1,0,2022:1
Ensoul,1,2013-01-20,2013-01-20,1,0,2013:1
Enter Shikari,1,2023-01-19,2023-01-19,1,0,2023:1
Entheogenic,1,2013-05-16,2013-05-16,1,0,2013:1
Envy,1,2013-11-28,2013-11-28,1,0,2013:1
Era,1,2022-01-12,2022-01-12,1,0,2022:1
Erdbeerschnitzel,1,2013-06-01,2013-06-01,1,0,2013:1
Erez Zobary,1,2019-07-24,2019-07-24,1,0,2019:1
"Ergo, Bria",1,2023-02-04,2023-02-04,1,0,2023:1
Eric Badanti,1,2019-11-28,2019-11-28,1,0,2019:1
"Eric Bellinger, Sevyn Streeter",1,2024-08-22,2024-08-22,1,0,2024:1
Eric Bibb,1,2019-05-07,2019-05-07,1,0,2019:1
Eric Buchholz,1,2017-06-02,2017-06-02,1,0,2017:1
Eric Church,1,2021-07-25,2021-07-25,1,0,2021:1
Eric Donaldson,1,2022-04-09,2022-04-09,1,0,2022:1
Eric Hilton,1,2024-09-09,2024-09-09,1,0,2024:1
Eric Lau,1,2019-09-18,2019-09-18,1,0,2019:1
"Eric Nam, Lyn Lapid",1,2024-08-14,2024-08-14,1,0,2024:1
Eric Patelli,1,2021-02-18,2021-02-18,1,0,2021:1
Eric Prydz,1,2025-07-04,2025-07-04,1,0,2025:1
Eric Punzo,1,2021-11-13,2021-11-13,1,0,2021:1
Erik Enocksson,1,2014-06-03,2014-06-03,1,0,2014:1
Erik Hassle,1,2009-07-14,2009-07-14,1,0,2009:1
Erik Levander,1,2015-12-11,2015-12-11,1,0,2015:1
"Erik Truffaz, Camélia Jordana",1,2025-09-11,2025-09-11,1,0,2025:1
Erika Sirola,1,2024-03-11,2024-03-11,1,0,2024:1
Erin Enderlin,1,2019-05-07,2019-05-07,1,0,2019:1
Erin Kirby,1,2019-09-03,2019-09-03,1,0,2019:1
Erin McKeown,1,2012-10-01,2012-10-01,1,0,2012:1
Erkut Taçkın,1,2025-07-28,2025-07-28,1,0,2025:1
Erland and the Carnival,1,2015-04-20,2015-04-20,1,0,2015:1
Erland Cooper,1,2019-05-13,2019-05-13,1,0,2019:1
Erlend Gunstveit,1,2021-10-03,2021-10-03,1,0,2021:1
Ernest Ranglin,1,2022-10-21,2022-10-21,1,0,2022:1
Eros Ramazzotti & Anastacia,1,2012-07-27,2012-07-27,1,0,2012:1
Eros Ramazzotti & Tina Turner,1,2012-07-27,2012-07-27,1,0,2012:1
Eros Ramazzotti con Antonella Bucci,1,2012-07-27,2012-07-27,1,0,2012:1
Erot,1,2013-07-14,2013-07-14,1,0,2013:1
Errol Holden,1,2025-12-30,2025-12-30,1,0,2025:1
Es-k,1,2019-09-18,2019-09-18,1,0,2019:1
ESA LAMPONEN & RESONAARIGROUP,1,2021-03-31,2021-03-31,1,0,2021:1
Esben and the Witch,1,2015-04-20,2015-04-20,1,0,2015:1
Escape The Fate,1,2023-02-01,2023-02-01,1,0,2023:1
Esmerelda,1,2021-12-03,2021-12-03,1,0,2021:1
Esperanza,1,2019-11-28,2019-11-28,1,0,2019:1
Esperanza Spalding,1,2017-09-12,2017-09-12,1,0,2017:1
Essyla,1,2026-04-15,2026-04-15,1,0,2026:1
Esteman,1,2020-11-11,2020-11-11,1,0,2020:1
Ester Dean,1,2020-03-19,2020-03-19,1,0,2020:1
Estopa,1,2012-04-28,2012-04-28,1,0,2012:1
Esty,1,2022-04-02,2022-04-02,1,0,2022:1
Ethan Bortnick,1,2022-09-20,2022-09-20,1,0,2022:1
Ethereal,1,2023-10-28,2023-10-28,1,0,2023:1
Etta,1,2024-04-24,2024-04-24,1,0,2024:1
Etta Marcus,1,2022-04-12,2022-04-12,1,0,2022:1
Eugene McDaniels,1,2017-10-22,2017-10-22,1,0,2017:1
Eugene McGuinness,1,2013-04-25,2013-04-25,1,0,2013:1
Eugene Viscione,1,2025-10-13,2025-10-13,1,0,2025:1
Euphonic Traveller,1,2013-02-16,2013-02-16,1,0,2013:1
Eva & Manu,1,2015-11-16,2015-11-16,1,0,2015:1
Eva Cassidy,1,2010-04-29,2010-04-29,1,0,2010:1
Evan Torrente,1,2021-11-13,2021-11-13,1,0,2021:1
Evann McIntosh,1,2020-07-16,2020-07-16,1,0,2020:1
Eve,1,2007-09-18,2007-09-18,1,0,2007:1
Eve Belle,1,2019-09-03,2019-09-03,1,0,2019:1
Eve Owen,1,2019-11-24,2019-11-24,1,0,2019:1
Evelina,1,2022-08-21,2022-08-21,1,0,2022:1
Evening Hymns,1,2015-12-04,2015-12-04,1,0,2015:1
Ever,1,2019-09-03,2019-09-03,1,0,2019:1
Ever So Blue,1,2019-11-28,2019-11-28,1,0,2019:1
Everything Is Recorded,1,2026-08-24,2026-08-24,1,0,2026:1
"Everything Is Recorded, Infinite Coles, Maria Somerville",1,2020-04-06,2020-04-06,1,0,2020:1
"Everything Is Recorded, Sampha, Florence + the Machine",1,2025-05-27,2025-05-27,1,0,2025:1
"Evgeny Grinko, SVRCINA",1,2025-02-23,2025-02-23,1,0,2025:1
EVI,1,2024-04-19,2024-04-19,1,0,2024:1
Evidence,1,2026-02-03,2026-02-03,1,0,2026:1
EVNTYD,1,2023-01-31,2023-01-31,1,0,2023:1
Evolution of Stars,1,2018-03-19,2018-03-19,1,0,2018:1
evän,1,2019-09-18,2019-09-18,1,0,2019:1
Ewert and the Two Dragons,1,2015-12-07,2015-12-07,1,0,2015:1
Ex Cops,1,2015-04-07,2015-04-07,1,0,2015:1
Ex-Vöid,1,2022-04-02,2022-04-02,1,0,2022:1
Example,1,2012-06-01,2012-06-01,1,0,2012:1
Excellent Gentlemen,1,2015-01-21,2015-01-21,1,0,2015:1
Exit,1,2010-08-18,2010-08-18,1,0,2010:1
Exit Ten,1,2012-05-04,2012-05-04,1,0,2012:1
Exitmusic,1,2014-01-15,2014-01-15,1,0,2014:1
Exmiranda,1,2021-01-04,2021-01-04,1,0,2021:1
"EZ Stevie, DaVido, Tory Lanez",1,2020-03-23,2020-03-23,1,0,2020:1
"Ezra Collective, Sasha Keable",1,2025-05-28,2025-05-28,1,0,2025:1
Ezra Vine,1,2019-06-06,2019-06-06,1,0,2019:1
F3miii,1,2024-04-19,2024-04-19,1,0,2024:1
Fabich,1,2017-05-23,2017-05-23,1,0,2017:1
Fagget Fairys,1,2013-09-21,2013-09-21,1,0,2013:1
Falerina Paquet,1,2019-11-28,2019-11-28,1,0,2019:1
"Fall Out Boy, Elton John",1,2025-07-13,2025-07-13,1,0,2025:1
Fall Out Boy/RDM,1,2009-12-06,2009-12-06,1,0,2009:1
Falling Joys,1,2009-06-14,2009-06-14,1,0,2009:1
FaltyDL,1,2015-04-20,2015-04-20,1,0,2015:1
Family Atlantica,1,2014-01-14,2014-01-14,1,0,2014:1
Family Jools,1,2019-08-28,2019-08-28,1,0,2019:1
Famous Dex,1,2018-01-04,2018-01-04,1,0,2018:1
Famous Letter Writer,1,2021-01-17,2021-01-17,1,0,2021:1
Fancy cars,1,2017-12-27,2017-12-27,1,0,2017:1
Fanfare Ciocărlia,1,2015-06-25,2015-06-25,1,0,2015:1
Fanny,1,2022-06-08,2022-06-08,1,0,2022:1
Fanny Bloom,1,2025-07-24,2025-07-24,1,0,2025:1
Fantastic Negrito,1,2019-05-07,2019-05-07,1,0,2019:1
Fantasy 15,1,2022-09-26,2022-09-26,1,0,2022:1
Far From Saints,1,2023-10-21,2023-10-21,1,0,2023:1
Farflung,1,2021-10-08,2021-10-08,1,0,2021:1
Fast Money Music,1,2026-04-23,2026-04-23,1,0,2026:1
Fat Dog,1,2025-01-23,2025-01-23,1,0,2025:1
Fat Jon,1,2017-11-27,2017-11-27,1,0,2017:1
Fat Larry's Band,1,2019-08-08,2019-08-08,1,0,2019:1
fat pablo,1,2019-08-29,2019-08-29,1,0,2019:1
Fat White Family,1,2024-01-15,2024-01-15,1,0,2024:1
Fatback Band,1,2017-10-22,2017-10-22,1,0,2017:1
Fatima,1,2014-11-20,2014-11-20,1,0,2014:1
Fatima Yamaha,1,2017-06-11,2017-06-11,1,0,2017:1
Fatoni,1,2026-02-03,2026-02-03,1,0,2026:1
Fats Waller,1,2020-10-31,2020-10-31,1,0,2020:1
FattMack,1,2025-12-01,2025-12-01,1,0,2025:1
"FattMack, Lil Tony Official",1,2025-12-01,2025-12-01,1,0,2025:1
Favela,1,2019-06-24,2019-06-24,1,0,2019:1
Fawn,1,2020-08-12,2020-08-12,1,0,2020:1
Fed Nance,1,2024-11-11,2024-11-11,1,0,2024:1
Fedde Le Grand,1,2021-03-15,2021-03-15,1,0,2021:1
Federico Dubbini,1,2022-04-16,2022-04-16,1,0,2022:1
Fee,1,2022-09-26,2022-09-26,1,0,2022:1
Feed Me,1,2017-09-18,2017-09-18,1,0,2017:1
Feeder,1,2023-10-22,2023-10-22,1,0,2023:1
Feid,1,2025-06-03,2025-06-03,1,0,2025:1
Felicia,1,2026-04-16,2026-04-16,1,0,2026:1
Felipe Gonzales,1,2013-02-16,2013-02-16,1,0,2013:1
"Felix Jaehn, Sophie Ellis-Bextor",1,2025-05-16,2025-05-16,1,0,2025:1
FELIX SANDMAN,1,2021-04-28,2021-04-28,1,0,2021:1
FendiAlone,1,2023-01-27,2023-01-27,1,0,2023:1
FendiDa Rappa,1,2025-12-01,2025-12-01,1,0,2025:1
"FendiDa Rappa, GloRilla",1,2024-06-24,2024-06-24,1,0,2024:1
Fenix!,1,2013-05-21,2013-05-21,1,0,2013:1
Fennesz,1,2026-06-03,2026-06-03,1,0,2026:1
Ferdinand Weber,1,2017-12-04,2017-12-04,1,0,2017:1
Fernanda Sardaneta,1,2023-01-27,2023-01-27,1,0,2023:1
Fernando Marañón,1,2013-01-20,2013-01-20,1,0,2013:1
Ferreck Dawn,1,2015-06-29,2015-06-29,1,0,2015:1
"Ferry Corsten, Chris Howard",1,2025-01-17,2025-01-17,1,0,2025:1
Fetish 69,1,2009-10-17,2009-10-17,1,0,2009:1
Fetty Wap,1,2015-05-27,2015-05-27,1,0,2015:1
Feverkin,1,2015-12-11,2015-12-11,1,0,2015:1
Feynman,1,2017-12-04,2017-12-04,1,0,2017:1
Fhin,1,2025-09-08,2025-09-08,1,0,2025:1
Fieh,1,2019-10-01,2019-10-01,1,0,2019:1
Fifteen,1,2026-09-04,2026-09-04,1,0,2026:1
"FIFTY FIFTY, Kaliii",1,2024-07-12,2024-07-12,1,0,2024:1
fig,1,2024-07-13,2024-07-13,1,0,2024:1
Fiji Blue,1,2019-11-27,2019-11-27,1,0,2019:1
FIL BO RIVA,1,2021-01-17,2021-01-17,1,0,2021:1
Filastine,1,2015-08-13,2015-08-13,1,0,2015:1
Filipe Catto,1,2024-07-14,2024-07-14,1,0,2024:1
"Finesse2tymes, Jermaine Dupri",1,2025-12-19,2025-12-19,1,0,2025:1
Finlep,1,2021-01-30,2021-01-30,1,0,2021:1
Finley Quaye,1,2014-01-12,2014-01-12,1,0,2014:1
Finn Peters,1,2015-09-28,2015-09-28,1,0,2015:1
Finnebassen,1,2014-12-12,2014-12-12,1,0,2014:1
Finnish Hockey Mafia,1,2012-07-27,2012-07-27,1,0,2012:1
Fintan,1,2019-11-27,2019-11-27,1,0,2019:1
"Fireboy DML, Ed Sheeran",1,2024-08-14,2024-08-14,1,0,2024:1
First Hate,1,2022-12-29,2022-12-29,1,0,2022:1
Fitness,1,2019-06-14,2019-06-14,1,0,2019:1
Fitz,1,2021-03-04,2021-03-04,1,0,2021:1
Five New Old,1,2017-06-29,2017-06-29,1,0,2017:1
fizzy milk,1,2024-05-04,2024-05-04,1,0,2024:1
"FKA twigs, PinkPantheress",1,2026-01-06,2026-01-06,1,0,2026:1
FKJ,1,2020-07-29,2020-07-29,1,0,2020:1
"Flacvih, abovus",1,2024-11-11,2024-11-11,1,0,2024:1
Flame 2,1,2019-08-28,2019-08-28,1,0,2019:1
Flamingosis,1,2017-10-24,2017-10-24,1,0,2017:1
Flatlions,1,2021-02-05,2021-02-05,1,0,2021:1
Flau'jae,1,2025-12-31,2025-12-31,1,0,2025:1
Flavia,1,2025-07-22,2025-07-22,1,0,2025:1
Flee,1,2023-08-21,2023-08-21,1,0,2023:1
Fleece,1,2020-10-13,2020-10-13,1,0,2020:1
Flegmaatikot,1,2008-10-17,2008-10-17,1,0,2008:1
"FLETCHER, Hayley Kiyoko",1,2025-03-23,2025-03-23,1,0,2025:1
Fletchy,1,2025-12-31,2025-12-31,1,0,2025:1
Fleurie,1,2026-02-14,2026-02-14,1,0,2026:1
Flo Perlin,1,2021-07-31,2021-07-31,1,0,2021:1
"Flo Rida, Sam Martin",1,2025-03-30,2025-03-30,1,0,2025:1
"FLO, Bree Runway",1,2025-12-12,2025-12-12,1,0,2025:1
"FLO, GloRilla",1,2025-12-12,2025-12-12,1,0,2025:1
Flocon,1,2022-10-22,2022-10-22,1,0,2022:1
Floetry,1,2014-06-03,2014-06-03,1,0,2014:1
FloFilz,1,2019-09-18,2019-09-18,1,0,2019:1
Flora Purim,1,2024-08-01,2024-08-01,1,0,2024:1
Florence Arman,1,2020-07-16,2020-07-16,1,0,2020:1
Florence Pugh,1,2023-07-24,2023-07-24,1,0,2023:1
Florence Road,1,2026-05-29,2026-05-29,1,0,2026:1
"Florent Pagny, Christophe Maé",1,2025-11-03,2025-11-03,1,0,2025:1
Flossy,1,2019-08-28,2019-08-28,1,0,2019:1
Flowen,1,2017-11-27,2017-11-27,1,0,2017:1
Flower.far,1,2024-03-29,2024-03-29,1,0,2024:1
Flowerboy,1,2021-02-05,2021-02-05,1,0,2021:1
Floyd Whitaker,1,2024-01-15,2024-01-15,1,0,2024:1
"Flume, KUČKA",1,2025-07-25,2025-07-25,1,0,2025:1
Flunk,1,2015-08-20,2015-08-20,1,0,2015:1
Flux of Pink Indians,1,2017-05-03,2017-05-03,1,0,2017:1
Fly Anakin,1,2024-12-28,2024-12-28,1,0,2024:1
Flyana Boss,1,2025-12-31,2025-12-31,1,0,2025:1
Flying Blind,1,2013-05-21,2013-05-21,1,0,2013:1
FlyingFish,1,2024-01-15,2024-01-15,1,0,2024:1
Focusity,1,2017-09-04,2017-09-04,1,0,2017:1
Fog Lake,1,2023-04-07,2023-04-07,1,0,2023:1
Foghat,1,2012-10-25,2012-10-25,1,0,2012:1
Foka,1,2013-08-21,2013-08-21,1,0,2013:1
"FOLA, Kizz Daniel",1,2025-07-09,2025-07-09,1,0,2025:1
Fond Of Felix,1,2019-09-03,2019-09-03,1,0,2019:1
Food House,1,2026-04-28,2026-04-28,1,0,2026:1
For The Foxes,1,2017-08-07,2017-08-07,1,0,2017:1
Ford Chupik,1,2021-12-03,2021-12-03,1,0,2021:1
Ford Turrell,1,2015-09-17,2015-09-17,1,0,2015:1
Foreign Air,1,2019-06-13,2019-06-13,1,0,2019:1
Foreign Beggars,1,2013-08-27,2013-08-27,1,0,2013:1
Foreign Fields,1,2015-03-23,2015-03-23,1,0,2015:1
Forest Claudette,1,2023-10-23,2023-10-23,1,0,2023:1
"Forrest Frank, JVKE",1,2024-08-12,2024-08-12,1,0,2024:1
Forrests,1,2015-11-30,2015-11-30,1,0,2015:1
Forêt Marine,1,2026-07-29,2026-07-29,1,0,2026:1
Fossa Beats,1,2019-05-03,2019-05-03,1,0,2019:1
Four Year Strong,1,2020-04-03,2020-04-03,1,0,2020:1
FourNine,1,2024-04-11,2024-04-11,1,0,2024:1
Fousheé,1,2026-04-07,2026-04-07,1,0,2026:1
Fox Blanco,1,2018-01-07,2018-01-07,1,0,2018:1
Foxboro Hot Tubs,1,2012-05-13,2012-05-13,1,0,2012:1
Foxing,1,2019-06-13,2019-06-13,1,0,2019:1
Foxxy Cleopatra ft. Devin And,1,2007-10-13,2007-10-13,1,0,2007:1
Foxy,1,2015-08-18,2015-08-18,1,0,2015:1
Foxy Brown,1,2025-08-08,2025-08-08,1,0,2025:1
Foxy Shazam,1,2025-10-15,2025-10-15,1,0,2025:1
fr,1,2013-01-24,2013-01-24,1,0,2013:1
Fran Vasilić,1,2022-07-25,2022-07-25,1,0,2022:1
Franc Moody,1,2020-10-09,2020-10-09,1,0,2020:1
Frances,1,2020-12-24,2020-12-24,1,0,2020:1
Frances Luke Accord,1,2020-08-12,2020-08-12,1,0,2020:1
Frances Quinlan,1,2019-11-24,2019-11-24,1,0,2019:1
Frances Whitney,1,2024-03-29,2024-03-29,1,0,2024:1
Francesca Wexler,1,2021-09-25,2021-09-25,1,0,2021:1
Francesco Tristano,1,2017-04-07,2017-04-07,1,0,2017:1
Francis Bebey,1,2020-09-08,2020-09-08,1,0,2020:1
Francis Mercier,1,2026-08-28,2026-08-28,1,0,2026:1
Francoise Sanders,1,2013-02-16,2013-02-16,1,0,2013:1
Frank Walker,1,2017-11-27,2017-11-27,1,0,2017:1
Frank-N-Dank,1,2010-11-16,2010-11-16,1,0,2010:1
Franke & The Knockouts,1,2013-08-21,2013-08-21,1,0,2013:1
Frankee,1,2017-11-23,2017-11-23,1,0,2017:1
FRANKEY,1,2014-12-11,2014-12-11,1,0,2014:1
"Frankie Grande, Ariana Grande",1,2025-07-21,2025-07-21,1,0,2025:1
Frankman,1,2012-09-16,2012-09-16,1,0,2012:1
Frazey Ford,1,2015-12-04,2015-12-04,1,0,2015:1
Frazier Blue,1,2021-09-25,2021-09-25,1,0,2021:1
"Freak Nasty, Pitbull",1,2025-12-23,2025-12-23,1,0,2025:1
"Fred again.., Amyl and The Sniffers",1,2025-10-13,2025-10-13,1,0,2025:1
"Fred again.., Brian Eno",1,2025-01-13,2025-01-13,1,0,2025:1
"Fred again.., Swedish House Mafia, Future",1,2025-03-27,2025-03-27,1,0,2025:1
"Fred again.., The Blessed Madonna",1,2024-07-10,2024-07-10,1,0,2024:1
Fred Astaire,1,2008-12-30,2008-12-30,1,0,2008:1
Fred Hersch,1,2026-01-20,2026-01-20,1,0,2026:1
Fred Thomas,1,2024-12-29,2024-12-29,1,0,2024:1
Freddie Dredd,1,2020-10-09,2020-10-09,1,0,2020:1
"Freddie Gibbs, Madlib",1,2020-02-18,2020-02-18,1,0,2020:1
"Freddie Gibbs, Madlib, Pusha T, Killer Mike",1,2025-08-08,2025-08-08,1,0,2025:1
Freddie Hubbard,1,2017-04-26,2017-04-26,1,0,2017:1
Freddie North,1,2020-09-03,2020-09-03,1,0,2020:1
Freddy Kalas,1,2025-04-02,2025-04-02,1,0,2025:1
Frederik,1,2024-12-26,2024-12-26,1,0,2024:1
Fredi,1,2021-04-09,2021-04-09,1,0,2021:1
Fredrik Kronkvist,1,2022-09-26,2022-09-26,1,0,2022:1
Fredz,1,2025-11-25,2025-11-25,1,0,2025:1
Free,1,2013-12-06,2013-12-06,1,0,2013:1
Free Nationals,1,2019-06-19,2019-06-19,1,0,2019:1
Freedy Johnston,1,2017-03-27,2017-03-27,1,0,2017:1
Freeez,1,2015-08-17,2015-08-17,1,0,2015:1
Freemasons,1,2012-08-27,2012-08-27,1,0,2012:1
Freestyle Fellowship,1,2024-10-10,2024-10-10,1,0,2024:1
French Films,1,2012-07-20,2012-07-20,1,0,2012:1
"French Montana, Drake",1,2020-04-23,2020-04-23,1,0,2020:1
Fresco Trey,1,2020-12-07,2020-12-07,1,0,2020:1
Freund der Familie,1,2014-12-29,2014-12-29,1,0,2014:1
"Freya Skye, Malachi Barton, ZOMBIES – Cast, Disney",1,2025-11-30,2025-11-30,1,0,2025:1
Frgn-Spcmn,1,2022-02-15,2022-02-15,1,0,2022:1
Frida Hyvönen,1,2012-07-20,2012-07-20,1,0,2012:1
Fridayy,1,2024-07-16,2024-07-16,1,0,2024:1
"Fridayy, Mariah the Scientist",1,2025-12-23,2025-12-23,1,0,2025:1
Friedberg,1,2019-08-13,2019-08-13,1,0,2019:1
Friends & I,1,2023-06-20,2023-06-20,1,0,2023:1
Friends From Rio 1,1,2009-08-14,2009-08-14,1,0,2009:1
Friends From Rio 1 Feat. Celia Vaz,1,2017-01-11,2017-01-11,1,0,2017:1
Friends From Rio 2 Ft. Celia Vaz,1,2017-01-11,2017-01-11,1,0,2017:1
Fright Years,1,2022-06-08,2022-06-08,1,0,2022:1
Friko,1,2025-02-10,2025-02-10,1,0,2025:1
Fritz Hager,1,2023-02-04,2023-02-04,1,0,2023:1
Front 242,1,2009-10-17,2009-10-17,1,0,2009:1
Front Country,1,2020-10-21,2020-10-21,1,0,2020:1
Front Line Assembly,1,2026-05-04,2026-05-04,1,0,2026:1
Frontier Ruckus,1,2015-12-04,2015-12-04,1,0,2015:1
Frook,1,2019-04-30,2019-04-30,1,0,2019:1
"Frost Children, Kim Petras",1,2026-01-27,2026-01-27,1,0,2026:1
Fruit Junior,1,2023-01-16,2023-01-16,1,0,2023:1
Fryenation,1,2023-01-13,2023-01-13,1,0,2023:1
"Fránçois & The Atlas Mountains, Malik Djoudi",1,2025-07-24,2025-07-24,1,0,2025:1
Frédéric Chopin,1,2016-02-04,2016-02-04,1,0,2016:1
FRÖKEN SNUSK,1,2024-02-21,2024-02-21,1,0,2024:1
FTampa,1,2017-11-23,2017-11-23,1,0,2017:1
Fuasi Abdul-Khaliq Sextet,1,2025-07-28,2025-07-28,1,0,2025:1
Fuensanta,1,2023-06-19,2023-06-19,1,0,2023:1
Fufu,1,2021-01-29,2021-01-29,1,0,2021:1
Fug,1,2007-12-09,2007-12-09,1,0,2007:1
"Fugees, Bounty Killer",1,2020-03-15,2020-03-15,1,0,2020:1
Fujiya & Miyagi,1,2013-08-26,2013-08-26,1,0,2013:1
Fun Guns,1,2022-04-23,2022-04-23,1,0,2022:1
Funkerman,1,2015-09-24,2015-09-24,1,0,2015:1
Funki Porcini,1,2013-03-20,2013-03-20,1,0,2013:1
Funkstar De Luxe,1,2010-04-06,2010-04-06,1,0,2010:1
Funkwrench Blues,1,2022-09-22,2022-09-22,1,0,2022:1
Funky DL,1,2019-09-18,2019-09-18,1,0,2019:1
FUNKY TIMES,1,2022-09-26,2022-09-26,1,0,2022:1
Future Generations,1,2019-06-05,2019-06-05,1,0,2019:1
Future Pigeon,1,2009-06-14,2009-06-14,1,0,2009:1
Future Pop Idols,1,2012-07-29,2012-07-29,1,0,2012:1
Future Sound Of Ibiza,1,2012-07-15,2012-07-15,1,0,2012:1
Future Utopia,1,2020-10-02,2020-10-02,1,0,2020:1
Future World Music,1,2017-09-29,2017-09-29,1,0,2017:1
"Future, Meek Mill, Doe Boy",1,2020-04-23,2020-04-23,1,0,2020:1
"Future, Metro Boomin, Kendrick Lamar",1,2024-07-05,2024-07-05,1,0,2024:1
FX Makers,1,2017-09-04,2017-09-04,1,0,2017:1
Fyfe,1,2019-07-24,2019-07-24,1,0,2019:1
Féloche,1,2025-05-11,2025-05-11,1,0,2025:1
G Herbo,1,2025-05-30,2025-05-30,1,0,2025:1
G Jones,1,2019-05-03,2019-05-03,1,0,2019:1
g2961,1,2026-03-26,2026-03-26,1,0,2026:1
GA.MA,1,2012-10-07,2012-10-07,1,0,2012:1
gab • brie,1,2022-02-15,2022-02-15,1,0,2022:1
Gabbie,1,2024-04-22,2024-04-22,1,0,2024:1
Gabby Martin,1,2024-02-22,2024-02-22,1,0,2024:1
gabby parafina,1,2023-01-16,2023-01-16,1,0,2023:1
Gabi Hartmann,1,2025-09-11,2025-09-11,1,0,2025:1
Gabin,1,2013-11-17,2013-11-17,1,0,2013:1
Gabriel & His Angels,1,2015-08-17,2015-08-17,1,0,2015:1
Gabriel Ekadasi,1,2022-04-25,2022-04-25,1,0,2022:1
Gabriel Garzón-Montano,1,2020-10-13,2020-10-13,1,0,2020:1
Gabriel Kahane,1,2019-06-24,2019-06-24,1,0,2019:1
Gabriel Milliet,1,2024-07-14,2024-07-14,1,0,2024:1
Gabriel O Pensador,1,2012-05-07,2012-05-07,1,0,2012:1
Gabriella Cilmi,1,2013-05-05,2013-05-05,1,0,2013:1
Gabriels,1,2026-04-08,2026-04-08,1,0,2026:1
Gaby Amarantos,1,2014-06-11,2014-06-11,1,0,2014:1
"Gabzy, JayO, Odeal",1,2024-08-12,2024-08-12,1,0,2024:1
Gaijin Blues,1,2019-08-28,2019-08-28,1,0,2019:1
Gaiser,1,2014-12-29,2014-12-29,1,0,2014:1
Galaxie 500,1,2013-09-21,2013-09-21,1,0,2013:1
Galaxy,1,2012-12-20,2012-12-20,1,0,2012:1
Gale,1,2025-12-23,2025-12-23,1,0,2025:1
Galian,1,2023-06-20,2023-06-20,1,0,2023:1
Galimatias,1,2012-12-20,2012-12-20,1,0,2012:1
Galliano,1,2026-05-25,2026-05-25,1,0,2026:1
GAMPER & DADONI,1,2023-06-20,2023-06-20,1,0,2023:1
Gamuel Sori,1,2021-06-23,2021-06-23,1,0,2021:1
Ganesha,1,2010-03-23,2010-03-23,1,0,2010:1
Gang Speed,1,2023-01-27,2023-01-27,1,0,2023:1
Ganga,1,2013-01-21,2013-01-21,1,0,2013:1
Gappy Ranks,1,2013-04-07,2013-04-07,1,0,2013:1
Garden City Movement,1,2019-07-18,2019-07-18,1,0,2019:1
"Gardna, DRS, Levi",1,2025-07-09,2025-07-09,1,0,2025:1
"Gareth Emery, Giuseppe Ottaviani, Sarah de Warren",1,2025-01-17,2025-01-17,1,0,2025:1
Garrett,1,2021-01-29,2021-01-29,1,0,2021:1
Garrett Sparrow,1,2022-07-13,2022-07-13,1,0,2022:1
Gary D.,1,2008-09-06,2008-09-06,1,0,2008:1
Gary Stand,1,2016-02-04,2016-02-04,1,0,2016:1
Gaudeix,1,2017-12-27,2017-12-27,1,0,2017:1
Gavin Luke,1,2018-03-19,2018-03-19,1,0,2018:1
"GAYLE, blackbear",1,2025-07-09,2025-07-09,1,0,2025:1
Gee Lee,1,2026-08-28,2026-08-28,1,0,2026:1
Gemi,1,2021-07-31,2021-07-31,1,0,2021:1
Gene,1,2021-02-05,2021-02-05,1,0,2021:1
Gene Ammons,1,2014-12-30,2014-12-30,1,0,2014:1
Gene Clark,1,2026-03-02,2026-03-02,1,0,2026:1
Gene Harris & The Three Sounds,1,2020-09-08,2020-09-08,1,0,2020:1
Gene Krupa & His Orchestra,1,2025-07-28,2025-07-28,1,0,2025:1
Gene Loves Jezebel,1,2009-06-14,2009-06-14,1,0,2009:1
General Fuzz,1,2016-02-02,2016-02-02,1,0,2016:1
Genevieve Stokes,1,2026-08-03,2026-08-03,1,0,2026:1
Gengahr,1,2020-12-08,2020-12-08,1,0,2020:1
Gentleman,1,2015-12-08,2015-12-08,1,0,2015:1
Geo,1,2019-07-21,2019-07-21,1,0,2019:1
Geo Da Silva & Saftik,1,2012-10-07,2012-10-07,1,0,2012:1
GEOFFROY,1,2026-05-26,2026-05-26,1,0,2026:1
Geometry,1,2026-03-26,2026-03-26,1,0,2026:1
Geordie,1,2022-04-20,2022-04-20,1,0,2022:1
Geordie Greep,1,2025-01-30,2025-01-30,1,0,2025:1
Georg Joseph Vogeler,1,2021-12-24,2021-12-24,1,0,2021:1
Georg Ots,1,2021-08-09,2021-08-09,1,0,2021:1
George Alice,1,2021-01-17,2021-01-17,1,0,2021:1
George Benson,1,2024-08-01,2024-08-01,1,0,2024:1
George Diaz,1,2021-12-26,2021-12-26,1,0,2021:1
George Duke,1,2015-08-17,2015-08-17,1,0,2015:1
George Harrison - www.CdsParaBaixar.Org,1,2013-08-21,2013-08-21,1,0,2013:1
George McCrae,1,2020-09-08,2020-09-08,1,0,2020:1
George Michael & Elton John,1,2012-11-10,2012-11-10,1,0,2012:1
George Strait,1,2013-11-17,2013-11-17,1,0,2013:1
George Winston,1,2009-10-17,2009-10-17,1,0,2009:1
Georgia,1,2026-01-28,2026-01-28,1,0,2026:1
Georgia June,1,2023-02-04,2023-02-04,1,0,2023:1
Georgio,1,2026-03-03,2026-03-03,1,0,2026:1
Gera MX,1,2026-07-06,2026-07-06,1,0,2026:1
Geraldo Pino,1,2015-07-08,2015-07-08,1,0,2015:1
Gerard Way,1,2015-04-07,2015-04-07,1,0,2015:1
Gerastic,1,2017-11-27,2017-11-27,1,0,2017:1
Gerd,1,2023-09-28,2023-09-28,1,0,2023:1
Gerry Rafferty,1,2023-12-06,2023-12-06,1,0,2023:1
Gervais Sun,1,2019-09-03,2019-09-03,1,0,2019:1
Gesu No Kiwami Otome,1,2017-10-17,2017-10-17,1,0,2017:1
Get Back Loretta,1,2013-01-18,2013-01-18,1,0,2013:1
Get Him Eat Him,1,2008-03-01,2008-03-01,1,0,2008:1
Getaway Dogs,1,2020-07-16,2020-07-16,1,0,2020:1
Getter,1,2017-05-26,2017-05-26,1,0,2017:1
Ghost Loft,1,2022-09-26,2022-09-26,1,0,2022:1
Ghost Orchard,1,2023-06-12,2023-06-12,1,0,2023:1
Ghost Woman,1,2022-08-24,2022-08-24,1,0,2022:1
Ghost-Note,1,2019-06-19,2019-06-19,1,0,2019:1
Ghostface Killah,1,2009-02-08,2009-02-08,1,0,2009:1
Ghostland Observatory,1,2018-03-26,2018-03-26,1,0,2018:1
Ghosts of Paraguay,1,2013-03-13,2013-03-13,1,0,2013:1
Ghum,1,2019-08-28,2019-08-28,1,0,2019:1
Giacomo Bondi,1,2013-02-16,2013-02-16,1,0,2013:1
Giacomo Bondi & The Apple Pies,1,2012-12-19,2012-12-19,1,0,2012:1
Gift,1,2024-06-17,2024-06-17,1,0,2024:1
Giggs,1,2025-05-30,2025-05-30,1,0,2025:1
Gigi Moss,1,2023-03-16,2023-03-16,1,0,2023:1
Gil Shaham,1,2026-03-30,2026-03-30,1,0,2026:1
Gilad Hekselman,1,2017-12-07,2017-12-07,1,0,2017:1
Giles Lamb,1,2015-12-08,2015-12-08,1,0,2015:1
"Gillian Welch, David Rawlings",1,2025-01-30,2025-01-30,1,0,2025:1
Gilsons,1,2024-06-04,2024-06-04,1,0,2024:1
"GIMS, Dadju",1,2025-12-30,2025-12-30,1,0,2025:1
"GIMS, Damso",1,2025-12-30,2025-12-30,1,0,2025:1
"GIMS, JUL",1,2025-12-30,2025-12-30,1,0,2025:1
"GIMS, KeBlack",1,2025-12-30,2025-12-30,1,0,2025:1
"GIMS, La Mano 1.9",1,2025-12-30,2025-12-30,1,0,2025:1
"GIMS, Vacra",1,2025-12-30,2025-12-30,1,0,2025:1
Gino Vannelli,1,2013-08-21,2013-08-21,1,0,2013:1
Giné,1,2019-11-28,2019-11-28,1,0,2019:1
Giovanca,1,2014-01-13,2014-01-13,1,0,2014:1
Giovanni Allevi,1,2013-08-21,2013-08-21,1,0,2013:1
Giovanni Braal,1,2021-12-26,2021-12-26,1,0,2021:1
Gips,1,2025-02-19,2025-02-19,1,0,2025:1
Girl Band,1,2015-09-22,2015-09-22,1,0,2015:1
Girl Friday,1,2019-08-28,2019-08-28,1,0,2019:1
"Girlfriend, Tierra Whack",1,2025-05-28,2025-05-28,1,0,2025:1
Girlhood,1,2020-10-14,2020-10-14,1,0,2020:1
girlpuppy,1,2022-07-25,2022-07-25,1,0,2022:1
Girls,1,2014-01-16,2014-01-16,1,0,2014:1
Giungla,1,2020-11-11,2020-11-11,1,0,2020:1
Giuseppe Galvetti,1,2018-03-19,2018-03-19,1,0,2018:1
Giuseppe Verdi,1,2022-04-25,2022-04-25,1,0,2022:1
Gizelle Smith & the Mighty Mocambos,1,2015-01-21,2015-01-21,1,0,2015:1
Gjon's Tears,1,2021-06-06,2021-06-06,1,0,2021:1
"glaive, ericdoa",1,2025-07-21,2025-07-21,1,0,2025:1
Glass Candy,1,2012-10-24,2012-10-24,1,0,2012:1
Glasser,1,2025-01-13,2025-01-13,1,0,2025:1
Glasvegas,1,2010-08-18,2010-08-18,1,0,2010:1
Glauque,1,2025-11-30,2025-11-30,1,0,2025:1
"Glayden, Clip",1,2024-07-11,2024-07-11,1,0,2024:1
"Glayden, DJ JVS",1,2024-07-10,2024-07-10,1,0,2024:1
Glen Hansard & Markéta Irglová,1,2014-09-26,2014-09-26,1,0,2014:1
Glenn Lewis,1,2015-09-04,2015-09-04,1,0,2015:1
Glimji,1,2023-02-14,2023-02-14,1,0,2023:1
Glimpse,1,2012-05-31,2012-05-31,1,0,2012:1
Glissandro 70,1,2026-05-07,2026-05-07,1,0,2026:1
Glitterer,1,2019-08-29,2019-08-29,1,0,2019:1
Glizz,1,2024-04-11,2024-04-11,1,0,2024:1
Glockenbach,1,2020-07-16,2020-07-16,1,0,2020:1
Glyders,1,2023-02-04,2023-02-04,1,0,2023:1
GMK,1,2022-06-08,2022-06-08,1,0,2022:1
"Gnash, Walk Off The Earth",1,2020-03-20,2020-03-20,1,0,2020:1
Gnoir,1,2022-01-07,2022-01-07,1,0,2022:1
Go Yama,1,2017-11-27,2017-11-27,1,0,2017:1
Goblin band,1,2026-03-09,2026-03-09,1,0,2026:1
God Module,1,2009-10-31,2009-10-31,1,0,2009:1
Goddard,1,2021-02-25,2021-02-25,1,0,2021:1
Golden Ears,1,2019-06-13,2019-06-13,1,0,2019:1
Golden Echoes,1,2025-12-17,2025-12-17,1,0,2025:1
Golden Suits,1,2013-09-21,2013-09-21,1,0,2013:1
Goldie Scott,1,2025-07-22,2025-07-22,1,0,2025:1
Goldmyth,1,2020-12-07,2020-12-07,1,0,2020:1
GOLDSPACE,1,2021-02-05,2021-02-05,1,0,2021:1
Goodbye June,1,2024-07-09,2024-07-09,1,0,2024:1
Goody Grace,1,2026-04-06,2026-04-06,1,0,2026:1
Goon,1,2019-08-29,2019-08-29,1,0,2019:1
Goose Groovy,1,2023-06-20,2023-06-20,1,0,2023:1
"Gordo, Young Dolph",1,2024-08-07,2024-08-07,1,0,2024:1
Gorilla Zoe,1,2007-12-09,2007-12-09,1,0,2007:1
"Gorillaz, Bad Bunny",1,2025-07-17,2025-07-17,1,0,2025:1
"Gorillaz, Bashy, Kano, The National Orchestra for Arabic Music",1,2025-07-17,2025-07-17,1,0,2025:1
"Gorillaz, Beck",1,2025-07-17,2025-07-17,1,0,2025:1
"Gorillaz, De La Soul, Dawn Penn",1,2025-07-17,2025-07-17,1,0,2025:1
"Gorillaz, Hypnotic Brass Ensemble, Snoop Dogg",1,2025-07-17,2025-07-17,1,0,2025:1
"Gorillaz, Little Dragon",1,2025-07-17,2025-07-17,1,0,2025:1
"Gorillaz, Mc Bin Laden",1,2025-07-17,2025-07-17,1,0,2025:1
"Gorillaz, Miho Hatori",1,2025-07-17,2025-07-17,1,0,2025:1
"Gorillaz, Omar Souleyman, Yasiin Bey",1,2025-12-12,2025-12-12,1,0,2025:1
"Gorillaz, Sparks",1,2025-10-15,2025-10-15,1,0,2025:1
"Gorillaz, Stevie Nicks",1,2025-07-17,2025-07-17,1,0,2025:1
"Gorillaz, Thundercat",1,2025-07-17,2025-07-17,1,0,2025:1
Goss,1,2024-03-11,2024-03-11,1,0,2024:1
Gossamer,1,2015-12-11,2015-12-11,1,0,2015:1
Gotts Street Park,1,2026-05-26,2026-05-26,1,0,2026:1
Graaf,1,2012-06-05,2012-06-05,1,0,2012:1
Grace Gracie,1,2020-12-07,2020-12-07,1,0,2020:1
Gracie Convert,1,2021-02-05,2021-02-05,1,0,2021:1
Gracy Hopkins,1,2025-09-08,2025-09-08,1,0,2025:1
Grae,1,2021-01-17,2021-01-17,1,0,2021:1
Graham Candy,1,2021-10-20,2021-10-20,1,0,2021:1
Graham Parker,1,2026-06-05,2026-06-05,1,0,2026:1
Graham Scott Fleming,1,2021-12-26,2021-12-26,1,0,2021:1
"Grand Corps Malade, Camille Lellouche",1,2025-11-13,2025-11-13,1,0,2025:1
"Grand Corps Malade, Kimberose",1,2025-11-13,2025-11-13,1,0,2025:1
Grandaddy,1,2026-07-16,2026-07-16,1,0,2026:1
Grandi,1,2024-02-21,2024-02-21,1,0,2024:1
"grandson, Phem",1,2020-04-24,2020-04-24,1,0,2020:1
Grant Claytor,1,2021-01-17,2021-01-17,1,0,2021:1
Grant Green,1,2024-08-14,2024-08-14,1,0,2024:1
Grapefruit,1,2009-12-12,2009-12-12,1,0,2009:1
Grateful Brass,1,2022-09-26,2022-09-26,1,0,2022:1
Grayson Erhard,1,2018-01-05,2018-01-05,1,0,2018:1
Great 3,1,2026-01-29,2026-01-29,1,0,2026:1
Great Red,1,2019-08-28,2019-08-28,1,0,2019:1
Grebenstein,1,2019-05-13,2019-05-13,1,0,2019:1
Grebes,1,2019-06-30,2019-06-30,1,0,2019:1
Green Buzzard,1,2019-08-28,2019-08-28,1,0,2019:1
green print,1,2024-11-10,2024-11-10,1,0,2024:1
Green River,1,2026-05-04,2026-05-04,1,0,2026:1
Green-House,1,2023-07-24,2023-07-24,1,0,2023:1
Greenflow,1,2025-12-17,2025-12-17,1,0,2025:1
Greg Holden,1,2015-09-10,2015-09-10,1,0,2015:1
Greg Summerlin,1,2021-12-27,2021-12-27,1,0,2021:1
Gregory Hines,1,2024-08-01,2024-08-01,1,0,2024:1
Gregory Uhlmann,1,2025-01-13,2025-01-13,1,0,2025:1
Gretchen Wilson,1,2021-07-25,2021-07-25,1,0,2021:1
Gretel Hänlyn,1,2023-05-01,2023-05-01,1,0,2023:1
"Griff, Sigrid, King Princess, MØ",1,2025-06-12,2025-06-12,1,0,2025:1
Grip,1,2019-05-16,2019-05-16,1,0,2019:1
Grizfolk,1,2017-10-17,2017-10-17,1,0,2017:1
GRMLN,1,2014-12-17,2014-12-17,1,0,2014:1
GRNY,1,2023-06-20,2023-06-20,1,0,2023:1
grocer,1,2023-02-04,2023-02-04,1,0,2023:1
Groke,1,2019-08-28,2019-08-28,1,0,2019:1
Grouper,1,2024-11-04,2024-11-04,1,0,2024:1
Gruff Rhys,1,2026-01-28,2026-01-28,1,0,2026:1
Grumpster,1,2019-08-28,2019-08-28,1,0,2019:1
"Grupo Firme, Demi Lovato",1,2024-08-19,2024-08-19,1,0,2024:1
Grupo Fundo De Quintal,1,2017-07-02,2017-07-02,1,0,2017:1
grupo pagode,1,2013-11-26,2013-11-26,1,0,2013:1
Grupo Revelação,1,2013-11-26,2013-11-26,1,0,2013:1
"Grupo Revelação, Grupo Revelação",1,2013-11-26,2013-11-26,1,0,2013:1
Gryffin,1,2019-06-28,2019-06-28,1,0,2019:1
"Gryffin, Carly Rae Jepsen",1,2020-03-03,2020-03-03,1,0,2020:1
"GUDFELLA, Bipolar Sunshine",1,2024-07-13,2024-07-13,1,0,2024:1
Gueves,1,2023-06-20,2023-06-20,1,0,2023:1
Guido De Angelis,1,2026-07-21,2026-07-21,1,0,2026:1
Guinevere,1,2023-02-04,2023-02-04,1,0,2023:1
Gunilla Persson,1,2024-02-21,2024-02-21,1,0,2024:1
"Guru, Donald Byrd",1,2024-10-10,2024-10-10,1,0,2024:1
Gustavo Bertoni,1,2021-08-22,2021-08-22,1,0,2021:1
Gustavo Santaolalla,1,2022-04-18,2022-04-18,1,0,2022:1
Gusto,1,2012-08-27,2012-08-27,1,0,2012:1
Guustavv,1,2019-09-18,2019-09-18,1,0,2019:1
"Gwen Stefani, Akon",1,2024-06-25,2024-06-25,1,0,2024:1
GXR,1,2013-05-30,2013-05-30,1,0,2013:1
Gyasi,1,2026-01-26,2026-01-26,1,0,2026:1
"Gym Class Heroes, Oh Land",1,2025-07-15,2025-07-15,1,0,2025:1
Gymshorts,1,2023-02-04,2023-02-04,1,0,2023:1
Gönül Yazar,1,2012-09-16,2012-09-16,1,0,2012:1
H I K E,1,2025-03-07,2025-03-07,1,0,2025:1
H ZETTRIO,1,2017-10-17,2017-10-17,1,0,2017:1
H.A.R.D,1,2019-08-28,2019-08-28,1,0,2019:1
H.O.S.H.,1,2014-12-29,2014-12-29,1,0,2014:1
H.U.V.A. Network,1,2012-12-20,2012-12-20,1,0,2012:1
Ha Vay,1,2023-12-15,2023-12-15,1,0,2023:1
HAAi,1,2025-10-13,2025-10-13,1,0,2025:1
HAECHAN,1,2025-09-26,2025-09-26,1,0,2025:1
HAFFWAY,1,2024-07-13,2024-07-13,1,0,2024:1
Haiku Salut,1,2015-09-22,2015-09-22,1,0,2015:1
Hailey Gardiner,1,2021-08-22,2021-08-22,1,0,2021:1
Hailu Mergia,1,2017-10-27,2017-10-27,1,0,2017:1
Hajaj,1,2021-11-13,2021-11-13,1,0,2021:1
Haji & Emanuel,1,2012-08-28,2012-08-28,1,0,2012:1
Hajk,1,2019-08-27,2019-08-27,1,0,2019:1
Halcyon Fields,1,2018-03-19,2018-03-19,1,0,2018:1
"Halestorm, I Prevail",1,2025-06-09,2025-06-09,1,0,2025:1
Haley Joelle,1,2021-12-03,2021-12-03,1,0,2021:1
Haley Reinhart,1,2025-09-15,2025-09-15,1,0,2025:1
Haley Smalls,1,2022-01-04,2022-01-04,1,0,2022:1
HALIE,1,2024-03-29,2024-03-29,1,0,2024:1
Halle Abadi,1,2022-02-15,2022-02-15,1,0,2022:1
Hallie,1,2021-11-13,2021-11-13,1,0,2021:1
Halo Kitsch,1,2021-02-18,2021-02-18,1,0,2021:1
Hamilton de Holanda,1,2024-07-13,2024-07-13,1,0,2024:1
Hamilton Leithauser,1,2020-10-20,2020-10-20,1,0,2020:1
"HAMILTON, Farruko",1,2025-07-23,2025-07-23,1,0,2025:1
Hammerlock,1,2009-10-17,2009-10-17,1,0,2009:1
Hammock,1,2017-11-27,2017-11-27,1,0,2017:1
Hamond,1,2022-02-15,2022-02-15,1,0,2022:1
Hana Effron,1,2024-03-29,2024-03-29,1,0,2024:1
Hana Vu,1,2019-10-01,2019-10-01,1,0,2019:1
Hania Rani,1,2025-08-13,2025-08-13,1,0,2025:1
Hank Williams Jr.,1,2014-01-13,2014-01-13,1,0,2014:1
Hannah Felisa,1,2021-12-26,2021-12-26,1,0,2021:1
Hanne Mjøen,1,2019-06-28,2019-06-28,1,0,2019:1
Hanni,1,2020-07-16,2020-07-16,1,0,2020:1
Happyness,1,2015-04-20,2015-04-20,1,0,2015:1
HappyPills,1,2019-08-23,2019-08-23,1,0,2019:1
Hard Rock Sofa & Squire,1,2012-10-07,2012-10-07,1,0,2012:1
Hard-Fi,1,2025-06-09,2025-06-09,1,0,2025:1
Hardfloor,1,2014-05-01,2014-05-01,1,0,2014:1
Hardrive,1,2025-05-26,2025-05-26,1,0,2025:1
Hardsoul,1,2013-01-24,2013-01-24,1,0,2013:1
"Hardwell, Afrojack, MC Ambush",1,2025-04-28,2025-04-28,1,0,2025:1
"HARDY, Ernest",1,2025-11-12,2025-11-12,1,0,2025:1
Harlem,1,2013-09-21,2013-09-21,1,0,2013:1
Harmless,1,2023-06-12,2023-06-12,1,0,2023:1
Harmony,1,2023-07-27,2023-07-27,1,0,2023:1
Harmony Byrne,1,2023-10-23,2023-10-23,1,0,2023:1
Harold Faltermeyer,1,2007-10-26,2007-10-26,1,0,2007:1
Harriette,1,2021-04-27,2021-04-27,1,0,2021:1
Harris Cole,1,2019-09-18,2019-09-18,1,0,2019:1
"Harry ""Choo Choo"" Romero",1,2012-08-28,2012-08-28,1,0,2012:1
Harry Pane,1,2018-01-05,2018-01-05,1,0,2018:1
"Harry Romero,",1,2014-12-10,2014-12-10,1,0,2014:1
Harry Rosenpal,1,2018-03-19,2018-03-19,1,0,2018:1
Harvest Emotions,1,2024-11-10,2024-11-10,1,0,2024:1
Harvey Danger,1,2013-05-21,2013-05-21,1,0,2013:1
Harvey Mason,1,2015-09-29,2015-09-29,1,0,2015:1
Hauk 'n Baum,1,2014-12-29,2014-12-29,1,0,2014:1
Hauschka,1,2024-11-04,2024-11-04,1,0,2024:1
Havana Brown,1,2013-03-24,2013-03-24,1,0,2013:1
Havanna Winter,1,2023-02-04,2023-02-04,1,0,2023:1
Havergal Brian,1,2019-08-08,2019-08-08,1,0,2019:1
Hawa,1,2020-09-26,2020-09-26,1,0,2020:1
HawkOne,1,2024-11-10,2024-11-10,1,0,2024:1
Hayden,1,2026-04-02,2026-04-02,1,0,2026:1
Hayden Coffman,1,2019-10-01,2019-10-01,1,0,2019:1
Hayden Everett,1,2023-02-04,2023-02-04,1,0,2023:1
Hayden Thorpe,1,2019-11-26,2019-11-26,1,0,2019:1
Hayfitz,1,2019-10-01,2019-10-01,1,0,2019:1
Hayley Kiyoko,1,2020-03-04,2020-03-04,1,0,2020:1
Haylox,1,2018-03-19,2018-03-19,1,0,2018:1
Headaches,1,2024-01-15,2024-01-15,1,0,2024:1
Healing Potpourri,1,2022-08-25,2022-08-25,1,0,2022:1
Health Club,1,2020-12-07,2020-12-07,1,0,2020:1
heartaake,1,2024-03-29,2024-03-29,1,0,2024:1
Hearteyes,1,2021-09-14,2021-09-14,1,0,2021:1
Hearts <3,1,2021-02-05,2021-02-05,1,0,2021:1
Heather Small,1,2009-06-13,2009-06-13,1,0,2009:1
Heather Woods Broderick,1,2025-01-13,2025-01-13,1,0,2025:1
Heathers,1,2014-11-30,2014-11-30,1,0,2014:1
Hector Morlet,1,2022-06-14,2022-06-14,1,0,2022:1
Hedda Mae,1,2022-06-08,2022-06-08,1,0,2022:1
"Heems, Sid Vashi, Vijay Iyer",1,2024-07-17,2024-07-17,1,0,2024:1
Hefner,1,2026-07-16,2026-07-16,1,0,2026:1
Heidi Montag,1,2025-09-26,2025-09-26,1,0,2025:1
"Heidi Montag, Bibi Babydoll",1,2025-07-23,2025-07-23,1,0,2025:1
Heikki Sarmanto Ensemble and Gregg Smith Vocal Quartet,1,2015-08-18,2015-08-18,1,0,2015:1
Heiko Laux,1,2014-12-11,2014-12-11,1,0,2014:1
Heino Kaski,1,2021-12-24,2021-12-24,1,0,2021:1
Hejira,1,2015-12-14,2015-12-14,1,0,2015:1
Helena Siltala,1,2014-11-23,2014-11-23,1,0,2014:1
Helene Fischer,1,2020-12-24,2020-12-24,1,0,2020:1
Hello Forever,1,2021-10-27,2021-10-27,1,0,2021:1
Hello Papyrus,1,2023-06-20,2023-06-20,1,0,2023:1
Hello Saferide,1,2014-05-01,2014-05-01,1,0,2014:1
Help Stamp Out Loneliness,1,2013-09-21,2013-09-21,1,0,2013:1
Helsinki Lambda Club,1,2020-11-11,2020-11-11,1,0,2020:1
"Helsinki University Chorus (YL), The and Matti Hökki (conductor)",1,2009-12-24,2009-12-24,1,0,2009:1
Hennessy,1,2023-01-16,2023-01-16,1,0,2023:1
Henri,1,2023-09-29,2023-09-29,1,0,2023:1
Henri Pfr,1,2017-11-23,2017-11-23,1,0,2017:1
Henrik Janson,1,2018-03-19,2018-03-19,1,0,2018:1
Henrik Lindstrand,1,2017-12-07,2017-12-07,1,0,2017:1
Henry Green,1,2021-10-31,2021-10-31,1,0,2021:1
Henry Jackman,1,2017-09-29,2017-09-29,1,0,2017:1
Henry Krinkle,1,2014-12-11,2014-12-11,1,0,2014:1
Henry Saiz,1,2014-12-11,2014-12-11,1,0,2014:1
Hera Björk,1,2025-01-14,2025-01-14,1,0,2025:1
Herbert von Karajan,1,2010-10-31,2010-10-31,1,0,2010:1
Here We Go Magic,1,2014-01-16,2014-01-16,1,0,2014:1
"Hermanos Gutiérrez, Leon Bridges",1,2025-10-31,2025-10-31,1,0,2025:1
Hermitude,1,2013-05-24,2013-05-24,1,0,2013:1
Herra Heinämäen Lato-Orkesteri,1,2022-04-23,2022-04-23,1,0,2022:1
Herring Franky,1,2019-09-18,2019-09-18,1,0,2019:1
Hervé,1,2022-10-22,2022-10-22,1,0,2022:1
Hey Damian!,1,2022-12-29,2022-12-29,1,0,2022:1
Hey Today!,1,2017-05-16,2017-05-16,1,0,2017:1
Hi'Spec,1,2019-08-23,2019-08-23,1,0,2019:1
Hiba El Mansouri,1,2013-01-22,2013-01-22,1,0,2013:1
Hibou,1,2019-09-17,2019-09-17,1,0,2019:1
Hideo Kobayashi,1,2013-05-30,2013-05-30,1,0,2013:1
Higgen,1,2013-02-16,2013-02-16,1,0,2013:1
"High Klassified, Hubert Lenoir",1,2025-07-24,2025-07-24,1,0,2025:1
high.,1,2026-04-06,2026-04-06,1,0,2026:1
Higher Brothers,1,2019-09-16,2019-09-16,1,0,2019:1
Highlite,1,2023-01-16,2023-01-16,1,0,2023:1
HIIIT,1,2026-08-24,2026-08-24,1,0,2026:1
Hilary Hahn,1,2026-03-30,2026-03-30,1,0,2026:1
Hilary Woods,1,2025-11-07,2025-11-07,1,0,2025:1
HillBlindz,1,2023-06-20,2023-06-20,1,0,2023:1
Hilltop Hoods,1,2026-02-03,2026-02-03,1,0,2026:1
Hilow,1,2017-05-22,2017-05-22,1,0,2017:1
Hint,1,2013-03-20,2013-03-20,1,0,2013:1
Hinz & Ruhmhardt,1,2014-12-29,2014-12-29,1,0,2014:1
Hip Hop Instrumentals,1,2015-12-02,2015-12-02,1,0,2015:1
Hipster Image,1,2013-08-27,2013-08-27,1,0,2013:1
His Name Is Alive,1,2026-07-16,2026-07-16,1,0,2026:1
hiyasu,1,2019-09-18,2019-09-18,1,0,2019:1
Hobo Johnson,1,2021-07-12,2021-07-12,1,0,2021:1
Hocc,1,2024-09-02,2024-09-02,1,0,2024:1
Hockey Dad,1,2024-01-15,2024-01-15,1,0,2024:1
Hoffmaestro & Chraa,1,2010-11-28,2010-11-28,1,0,2010:1
Hogland,1,2024-06-17,2024-06-17,1,0,2024:1
Holiday,1,2022-06-08,2022-06-08,1,0,2022:1
Hollie Cook,1,2015-08-18,2015-08-18,1,0,2015:1
Hollie Smith and Mara TK,1,2015-09-28,2015-09-28,1,0,2015:1
Hollis P. Monroe,1,2012-08-28,2012-08-28,1,0,2012:1
Hollow Clouds,1,2017-11-28,2017-11-28,1,0,2017:1
Holly Golightly,1,2026-08-26,2026-08-26,1,0,2026:1
Holly Macve,1,2024-02-24,2024-02-24,1,0,2024:1
Holly Miranda,1,2015-11-25,2015-11-25,1,0,2015:1
Holly Throsby,1,2017-09-21,2017-09-21,1,0,2017:1
Holmes John,1,2019-08-28,2019-08-28,1,0,2019:1
Hologram Lo',1,2026-03-03,2026-03-03,1,0,2026:1
Holow,1,2021-12-26,2021-12-26,1,0,2021:1
Holseek,1,2021-02-05,2021-02-05,1,0,2021:1
HOLYCHILD,1,2015-01-24,2015-01-24,1,0,2015:1
Home Free,1,2017-10-17,2017-10-17,1,0,2017:1
Homeboy Sandman,1,2015-09-30,2015-09-30,1,0,2015:1
Homelife,1,2013-03-20,2013-03-20,1,0,2013:1
Homer,1,2024-04-18,2024-04-18,1,0,2024:1
HOMESHAKE,1,2024-02-24,2024-02-24,1,0,2024:1
Homixide Gang,1,2024-07-04,2024-07-04,1,0,2024:1
Honey Boy Martin,1,2022-04-09,2022-04-09,1,0,2022:1
Honey Bxby,1,2024-08-22,2024-08-22,1,0,2024:1
"Honey Bxby, Busta Rhymes",1,2024-08-22,2024-08-22,1,0,2024:1
Honeyblood,1,2015-01-24,2015-01-24,1,0,2015:1
Honeyboys,1,2023-01-16,2023-01-16,1,0,2023:1
Hong Kong Boyfriend,1,2020-10-09,2020-10-09,1,0,2020:1
Honny & The Bees Band,1,2013-06-29,2013-06-29,1,0,2013:1
Hoodie Allen,1,2015-04-07,2015-04-07,1,0,2015:1
Hoodrich Pablo Juan,1,2023-08-21,2023-08-21,1,0,2023:1
"hoodtrophy bino, Star 2",1,2025-12-31,2025-12-31,1,0,2025:1
Hook N Sling,1,2024-06-24,2024-06-24,1,0,2024:1
"Hook N Sling, Galantis, KAREN HARDING",1,2025-03-23,2025-03-23,1,0,2025:1
Hope Sandoval and The Warm Inventions,1,2025-07-28,2025-07-28,1,0,2025:1
Horace Bray,1,2019-06-24,2019-06-24,1,0,2019:1
Horace V Rodgers,1,2014-09-26,2014-09-26,1,0,2014:1
Horrible Histories,1,2022-05-23,2022-05-23,1,0,2022:1
Horsey,1,2021-05-25,2021-05-25,1,0,2021:1
"Hoshi, Calogero",1,2025-10-23,2025-10-23,1,0,2025:1
Hot Cherry,1,2012-10-07,2012-10-07,1,0,2012:1
"Hot Chip, Sleaford Mods",1,2025-01-22,2025-01-22,1,0,2025:1
Hot Garbage,1,2026-02-02,2026-02-02,1,0,2026:1
Hot Natured,1,2017-12-04,2017-12-04,1,0,2017:1
Hot Since 82,1,2014-12-10,2014-12-10,1,0,2014:1
HotBoii,1,2021-12-12,2021-12-12,1,0,2021:1
Hotel Ugly,1,2023-01-27,2023-01-27,1,0,2023:1
Hotline TNT,1,2026-01-20,2026-01-20,1,0,2026:1
Houdi,1,2026-07-07,2026-07-07,1,0,2026:1
HOuse of Tapes,1,2022-02-15,2022-02-15,1,0,2022:1
House Of Whales,1,2021-06-23,2021-06-23,1,0,2021:1
Housewife,1,2023-06-12,2023-06-12,1,0,2023:1
Houston Person,1,2019-08-30,2019-08-30,1,0,2019:1
How to Dress Well,1,2014-07-26,2014-07-26,1,0,2014:1
Howard Shore & Metric,1,2016-02-04,2016-02-04,1,0,2016:1
Huddy,1,2024-06-24,2024-06-24,1,0,2024:1
Hudson,1,2017-12-07,2017-12-07,1,0,2017:1
Huey,1,2009-02-21,2009-02-21,1,0,2009:1
Huey P. Newton,1,2015-09-30,2015-09-30,1,0,2015:1
Huffamoose,1,2017-04-07,2017-04-07,1,0,2017:1
"HUGEL, David Guetta, Kehlani, Daecolm",1,2025-05-21,2025-05-21,1,0,2025:1
"Hugh Jackman, Keala Settle, Daniel Everidge, Zendaya, The Greatest Showman Ensemble",1,2024-10-04,2024-10-04,1,0,2024:1
"Hugh Jackman, Keala Settle, Zac Efron, Zendaya, The Greatest Showman Ensemble",1,2024-10-04,2024-10-04,1,0,2024:1
"Hugh Jackman, Zac Efron",1,2024-10-04,2024-10-04,1,0,2024:1
Hugh Laurie,1,2011-06-17,2011-06-17,1,0,2011:1
Hugo Distler,1,2021-12-24,2021-12-24,1,0,2021:1
Hultana,1,2018-03-19,2018-03-19,1,0,2018:1
Hulvey,1,2024-08-12,2024-08-12,1,0,2024:1
Hum,1,2017-01-11,2017-01-11,1,0,2017:1
Human Race,1,2026-06-05,2026-06-05,1,0,2026:1
Humate,1,2012-05-27,2012-05-27,1,0,2012:1
Humbird,1,2020-12-19,2020-12-19,1,0,2020:1
Humming House,1,2015-09-07,2015-09-07,1,0,2015:1
Hummingbird,1,2022-10-22,2022-10-22,1,0,2022:1
Hunter Hayes,1,2013-11-17,2013-11-17,1,0,2013:1
Hunter Moreau,1,2022-01-12,2022-01-12,1,0,2022:1
Huntertones,1,2022-09-22,2022-09-22,1,0,2022:1
"Hunxho, Ty Dolla $ign",1,2024-10-28,2024-10-28,1,0,2024:1
Hurricane,1,2008-01-13,2008-01-13,1,0,2008:1
Hurricane #1,1,2012-05-13,2012-05-13,1,0,2012:1
"Hurricane Wisdom, Raq Baby",1,2025-12-01,2025-12-01,1,0,2025:1
Hush Forever,1,2021-08-22,2021-08-22,1,0,2021:1
HUSH FORTE,1,2021-10-26,2021-10-26,1,0,2021:1
HUW,1,2013-02-16,2013-02-16,1,0,2013:1
Huxley,1,2014-12-29,2014-12-29,1,0,2014:1
Hybrid,1,2012-05-27,2012-05-27,1,0,2012:1
Hymnalaya,1,2015-12-04,2015-12-04,1,0,2015:1
Hymner,1,2017-12-27,2017-12-27,1,0,2017:1
Hypocrisy,1,2009-10-17,2009-10-17,1,0,2009:1
"hélix, théos, vowl., Noax, COSMIC, MadBliss, Alasen, Skypierr, NOIXES",1,2025-01-02,2025-01-02,1,0,2025:1
I Am Oak,1,2015-12-04,2015-12-04,1,0,2015:1
I Awake,1,2013-05-30,2013-05-30,1,0,2013:1
I Belong To You (New Moon Remix) - Muse,1,2009-10-21,2009-10-21,1,0,2009:1
I Break Horses,1,2026-06-08,2026-06-08,1,0,2026:1
I Monster,1,2023-12-20,2023-12-20,1,0,2023:1
"I'MIN, BAHA BANK$",1,2025-07-22,2025-07-22,1,0,2025:1
i.amsolo,1,2020-08-03,2020-08-03,1,0,2020:1
Iam Tongi,1,2025-05-30,2025-05-30,1,0,2025:1
IAMDDB,1,2017-10-25,2017-10-25,1,0,2017:1
Ian Anderson,1,2022-04-20,2022-04-20,1,0,2022:1
Ian Gillan,1,2009-06-13,2009-06-13,1,0,2009:1
Ian Hunter,1,2010-08-18,2010-08-18,1,0,2010:1
Ian Noe,1,2019-06-06,2019-06-06,1,0,2019:1
Ian Ramil,1,2024-07-14,2024-07-14,1,0,2024:1
Ibibio Sound Machine,1,2017-06-11,2017-06-11,1,0,2017:1
Icelandia,1,2021-01-29,2021-01-29,1,0,2021:1
Ichikoro,1,2019-08-23,2019-08-23,1,0,2019:1
Ichon,1,2025-09-08,2025-09-08,1,0,2025:1
"Icona Pop, Yaeger",1,2024-07-19,2024-07-19,1,0,2024:1
Icy Men,1,2022-06-13,2022-06-13,1,0,2022:1
Ida Elina,1,2022-12-25,2022-12-25,1,0,2022:1
idealism,1,2021-07-12,2021-07-12,1,0,2021:1
idenline,1,2014-05-01,2014-05-01,1,0,2014:1
IDER,1,2019-05-17,2019-05-17,1,0,2019:1
"IDLES, LCD Soundsystem",1,2024-07-10,2024-07-10,1,0,2024:1
Idlewild,1,2025-07-12,2025-07-12,1,0,2025:1
Idman,1,2021-01-04,2021-01-04,1,0,2021:1
Igby Goes Down,1,2008-01-13,2008-01-13,1,0,2008:1
Ignatz,1,2013-01-12,2013-01-12,1,0,2013:1
III,1,2012-07-29,2012-07-29,1,0,2012:1
iiO,1,2012-05-14,2012-05-14,1,0,2012:1
Iiro Rantala,1,2020-11-18,2020-11-18,1,0,2020:1
ilan Bluestone,1,2024-05-05,2024-05-05,1,0,2024:1
ili,1,2019-09-03,2019-09-03,1,0,2019:1
"Illenium, Avril Lavigne, Travis Barker",1,2024-11-08,2024-11-08,1,0,2024:1
Illum Sphere,1,2015-12-16,2015-12-16,1,0,2015:1
illuminati hotties,1,2020-12-31,2020-12-31,1,0,2020:1
Imada,1,2013-11-18,2013-11-18,1,0,2013:1
"Imagine Dragons, Arcane, League Of Legends",1,2024-06-26,2024-06-26,1,0,2024:1
"Imagine Dragons, Jorgen Odegard",1,2025-06-04,2025-06-04,1,0,2025:1
Imanbek,1,2022-08-21,2022-08-21,1,0,2022:1
Imelda May,1,2026-03-23,2026-03-23,1,0,2026:1
Imperial Triumphant,1,2026-01-22,2026-01-22,1,0,2026:1
IMRHAN,1,2023-09-16,2023-09-16,1,0,2023:1
In Flames,1,2009-06-14,2009-06-14,1,0,2009:1
In Lonely Majesty,1,2017-08-12,2017-08-12,1,0,2017:1
In:most,1,2017-11-23,2017-11-23,1,0,2017:1
Ina,1,2024-06-21,2024-06-21,1,0,2024:1
Ina Wroldsen,1,2017-12-27,2017-12-27,1,0,2017:1
Index ID,1,2013-05-30,2013-05-30,1,0,2013:1
India Jordan,1,2019-10-01,2019-10-01,1,0,2019:1
India Thieriot,1,2023-01-16,2023-01-16,1,0,2023:1
Indiana,1,2014-12-11,2014-12-11,1,0,2014:1
Indigo Sparke,1,2023-05-08,2023-05-08,1,0,2023:1
Infinite Coles,1,2021-11-13,2021-11-13,1,0,2021:1
Infinity Shred,1,2017-11-27,2017-11-27,1,0,2017:1
Infinityloop,1,2012-12-20,2012-12-20,1,0,2012:1
inflo,1,2020-09-29,2020-09-29,1,0,2020:1
Ingo Herrmann,1,2013-02-16,2013-02-16,1,0,2013:1
Inland Sky,1,2015-01-11,2015-01-11,1,0,2015:1
Inon Zur,1,2017-09-29,2017-09-29,1,0,2017:1
Insha,1,2021-01-17,2021-01-17,1,0,2021:1
Inspiral Carpets,1,2017-05-02,2017-05-02,1,0,2017:1
insyt.,1,2026-07-06,2026-07-06,1,0,2026:1
Interference,1,2014-09-26,2014-09-26,1,0,2014:1
"Interpol, Makaya McCraven",1,2025-01-13,2025-01-13,1,0,2025:1
Interstellar,1,2012-07-15,2012-07-15,1,0,2012:1
Interstellar Tay,1,2024-03-13,2024-03-13,1,0,2024:1
Intro,1,2021-12-11,2021-12-11,1,0,2021:1
Invisible,1,2009-08-14,2009-08-14,1,0,2009:1
INXS,1,2013-08-21,2013-08-21,1,0,2013:1
Iolanda,1,2024-05-12,2024-05-12,1,0,2024:1
Ion Storm,1,2013-08-21,2013-08-21,1,0,2013:1
iPhupho L'ka Biko,1,2022-12-04,2022-12-04,1,0,2022:1
Iration Steppas,1,2013-08-27,2013-08-27,1,0,2013:1
Irish Women In Harmony,1,2021-01-29,2021-01-29,1,0,2021:1
"Iron & Wine, Ben Bridwell",1,2025-11-12,2025-11-12,1,0,2025:1
Iron Horse,1,2015-09-07,2015-09-07,1,0,2015:1
Iron Oaks,1,2017-11-23,2017-11-23,1,0,2017:1
Iron Range,1,2021-12-27,2021-12-27,1,0,2021:1
Irving Berlin,1,2021-12-24,2021-12-24,1,0,2021:1
Is Tropical,1,2014-12-14,2014-12-14,1,0,2014:1
Isaac de Heer,1,2015-12-04,2015-12-04,1,0,2015:1
Isaac Gracie,1,2019-11-26,2019-11-26,1,0,2019:1
Isaac Jones,1,2020-10-13,2020-10-13,1,0,2020:1
Isaac Tichauer,1,2014-12-11,2014-12-11,1,0,2014:1
Isaac Wilkins,1,2022-05-23,2022-05-23,1,0,2022:1
Isabel Pless,1,2021-09-25,2021-09-25,1,0,2021:1
Isaiah falls,1,2025-05-20,2025-05-20,1,0,2025:1
Isak Danielson,1,2021-04-17,2021-04-17,1,0,2021:1
Isao Tomita,1,2008-04-08,2008-04-08,1,0,2008:1
Iskwē,1,2023-07-17,2023-07-17,1,0,2023:1
Island,1,2019-06-13,2019-06-13,1,0,2019:1
Island Affairs,1,2012-07-15,2012-07-15,1,0,2012:1
Islands,1,2016-02-03,2016-02-03,1,0,2016:1
Isobel Anderson,1,2015-11-25,2015-11-25,1,0,2015:1
"Isokoski, Soile (soprano) and Finlandia Sinfonietta and Kuusisto, Ilkka (conductor)",1,2009-12-24,2009-12-24,1,0,2009:1
Issa Bagayogo,1,2008-12-30,2008-12-30,1,0,2008:1
Itzhak Perlman,1,2026-03-30,2026-03-30,1,0,2026:1
Ivete Sangalo,1,2015-04-01,2015-04-01,1,0,2015:1
Ivy Rose,1,2021-01-29,2021-01-29,1,0,2021:1
Ivy Sole,1,2022-02-15,2022-02-15,1,0,2022:1
iyla,1,2024-08-14,2024-08-14,1,0,2024:1
IZ,1,2023-10-08,2023-10-08,1,0,2023:1
Izumi Makura,1,2019-08-23,2019-08-23,1,0,2019:1
Izza Gara,1,2023-03-16,2023-03-16,1,0,2023:1
"Izïa, Dominique A",1,2025-11-13,2025-11-13,1,0,2025:1
J A Y  E L E C T R O N I C A,1,2025-08-08,2025-08-08,1,0,2025:1
J ARIAS,1,2023-01-31,2023-01-31,1,0,2023:1
"J Balvin, Chencho Corleone",1,2024-08-22,2024-08-22,1,0,2024:1
"J Balvin, Gilberto Santa Rosa",1,2025-08-14,2025-08-14,1,0,2025:1
"J Balvin, Lenny Tavárez, Justin Quiles",1,2025-08-14,2025-08-14,1,0,2025:1
"J Balvin, Luar La L",1,2024-08-22,2024-08-22,1,0,2024:1
"J Balvin, Omega",1,2025-08-14,2025-08-14,1,0,2025:1
"J Balvin, Stormzy",1,2025-08-14,2025-08-14,1,0,2025:1
j ember,1,2022-12-18,2022-12-18,1,0,2022:1
"J Pre, Wyclef, Jazmine Sullivan And B. Howard",1,2012-07-09,2012-07-09,1,0,2012:1
J-Kwon,1,2009-10-31,2009-10-31,1,0,2009:1
J. Karjalainen Yhtyeineen,1,2006-04-01,2006-04-01,1,0,2006:1
j. pastel,1,2022-08-24,2022-08-24,1,0,2022:1
J. Ralph,1,2015-11-30,2015-11-30,1,0,2015:1
J. Ward Brew,1,2020-11-19,2020-11-19,1,0,2020:1
J.R.,1,2019-08-28,2019-08-28,1,0,2019:1
J.R. Haim,1,2013-01-20,2013-01-20,1,0,2013:1
J.ROCC,1,2010-10-04,2010-10-04,1,0,2010:1
J.Views,1,2019-08-13,2019-08-13,1,0,2019:1
J.Y. Park,1,2024-08-14,2024-08-14,1,0,2024:1
Jaakko Kulta,1,2024-04-18,2024-04-18,1,0,2024:1
Jaakko Ryhänen (bass) and Jaakko Salo (conductor),1,2009-12-24,2009-12-24,1,0,2009:1
Jaakko Ryhänen (bass) and Markku Johansson (conductor),1,2009-12-24,2009-12-24,1,0,2009:1
Jac Ross,1,2020-02-18,2020-02-18,1,0,2020:1
Jack & The Bear,1,2013-01-16,2013-01-16,1,0,2013:1
Jack and White,1,2020-12-30,2020-12-30,1,0,2020:1
Jack Cullen,1,2025-06-14,2025-06-14,1,0,2025:1
Jack Flanagan,1,2022-06-13,2022-06-13,1,0,2022:1
Jack Larsen,1,2020-12-19,2020-12-19,1,0,2020:1
Jack McDuff,1,2010-10-31,2010-10-31,1,0,2010:1
"Jack O'Connell, Brian Dunphy, Darren Holden, Sinners Movie",1,2025-10-15,2025-10-15,1,0,2025:1
Jack Omstead,1,2021-02-05,2021-02-05,1,0,2021:1
Jack Peñate,1,2013-04-04,2013-04-04,1,0,2013:1
Jack Stereo,1,2017-11-27,2017-11-27,1,0,2017:1
Jack Symes,1,2019-06-17,2019-06-17,1,0,2019:1
Jack Van Cleaf,1,2022-02-15,2022-02-15,1,0,2022:1
Jack Wilson,1,2013-02-16,2013-02-16,1,0,2013:1
Jack Ü,1,2015-05-27,2015-05-27,1,0,2015:1
"JACKBOYS, Pop Smoke, Travis Scott",1,2020-04-23,2020-04-23,1,0,2020:1
Jackie DeShannon,1,2025-07-28,2025-07-28,1,0,2025:1
"Jackie Hayes, Boyish",1,2024-07-13,2024-07-13,1,0,2024:1
"Jackie Hayes, Sophie Meiers",1,2024-06-24,2024-06-24,1,0,2024:1
Jackie Hill Perry,1,2025-09-26,2025-09-26,1,0,2025:1
Jackie Moore,1,2013-12-06,2013-12-06,1,0,2013:1
Jackie Opel,1,2022-04-09,2022-04-09,1,0,2022:1
Jackie Shane,1,2025-12-17,2025-12-17,1,0,2025:1
Jackson Dean,1,2025-07-23,2025-07-23,1,0,2025:1
Jackson do Pandeiro,1,2024-07-13,2024-07-13,1,0,2024:1
Jackson Penn,1,2017-11-27,2017-11-27,1,0,2017:1
Jaclyn Davies,1,2020-12-30,2020-12-30,1,0,2020:1
Jaco Jaco,1,2024-06-17,2024-06-17,1,0,2024:1
Jacqueline Govaert,1,2014-01-12,2014-01-12,1,0,2014:1
Jacques,1,2022-08-06,2022-08-06,1,0,2022:1
Jacques Caramac,1,2013-09-21,2013-09-21,1,0,2013:1
Jacques Dutronc,1,2025-12-13,2025-12-13,1,0,2025:1
Jacuzzi Jefferson,1,2021-01-29,2021-01-29,1,0,2021:1
"Jadakiss, J-Hood, Sheek Louch",1,2025-08-08,2025-08-08,1,0,2025:1
Jaded,1,2022-11-17,2022-11-17,1,0,2022:1
Jaden,1,2020-10-09,2020-10-09,1,0,2020:1
Jades Goudreault,1,2020-12-07,2020-12-07,1,0,2020:1
Jae Skeese,1,2025-12-01,2025-12-01,1,0,2025:1
Jaffna,1,2017-11-27,2017-11-27,1,0,2017:1
Jafu,1,2014-04-30,2014-04-30,1,0,2014:1
Jaguar Dreams,1,2019-06-17,2019-06-17,1,0,2019:1
Jah Wobble's Invaders of the Heart,1,2026-03-02,2026-03-02,1,0,2026:1
Jahanam,1,2023-09-19,2023-09-19,1,0,2023:1
Jahlys,1,2025-02-19,2025-02-19,1,0,2025:1
Jaime Torres,1,2013-01-22,2013-01-22,1,0,2013:1
Jain,1,2026-05-29,2026-05-29,1,0,2026:1
Jaja,1,2017-12-17,2017-12-17,1,0,2017:1
jaja bu,1,2019-09-03,2019-09-03,1,0,2019:1
Jake Blount,1,2021-03-06,2021-03-06,1,0,2021:1
Jake Milliner,1,2019-09-18,2019-09-18,1,0,2019:1
Jake Whiskin,1,2023-10-23,2023-10-23,1,0,2023:1
Jalen Ngonda,1,2026-06-22,2026-06-22,1,0,2026:1
"Jambo, VilleGalle",1,2024-07-21,2024-07-21,1,0,2024:1
jame minogue,1,2022-01-12,2022-01-12,1,0,2022:1
James,1,2023-07-24,2023-07-24,1,0,2023:1
James Barnsley,1,2019-06-14,2019-06-14,1,0,2019:1
James Beau Barclay,1,2019-08-27,2019-08-27,1,0,2019:1
James Brandon Lewis,1,2026-06-22,2026-06-22,1,0,2026:1
"James Elkington, Nathan Salsburg",1,2024-11-04,2024-11-04,1,0,2024:1
James Heather,1,2017-09-01,2017-09-01,1,0,2017:1
James Hersey,1,2019-11-27,2019-11-27,1,0,2019:1
James Ingram,1,2024-08-01,2024-08-01,1,0,2024:1
James IV,1,2013-01-16,2013-01-16,1,0,2013:1
James Mantis,1,2022-03-26,2022-03-26,1,0,2022:1
James the Seventh,1,2023-01-16,2023-01-16,1,0,2023:1
James Vickery,1,2019-11-27,2019-11-27,1,0,2019:1
Jamestown Revival,1,2020-10-21,2020-10-21,1,0,2020:1
Jameszoo,1,2017-04-07,2017-04-07,1,0,2017:1
Jamie Drake,1,2019-07-21,2019-07-21,1,0,2019:1
Jamie Lewis,1,2012-08-28,2012-08-28,1,0,2012:1
Jamie McDell,1,2020-12-30,2020-12-30,1,0,2020:1
"Jamie xx, Honey Dijon",1,2024-07-05,2024-07-05,1,0,2024:1
"Jamie xx, Robyn",1,2025-04-23,2025-04-23,1,0,2025:1
Jamilla,1,2019-09-03,2019-09-03,1,0,2019:1
JamisonParker,1,2013-01-18,2013-01-18,1,0,2013:1
Jan Blomqvist,1,2026-08-28,2026-08-28,1,0,2026:1
Jan Hammer Group,1,2026-06-05,2026-06-05,1,0,2026:1
Jan Jelinek,1,2026-06-03,2026-06-03,1,0,2026:1
Jana Kramer,1,2015-09-14,2015-09-14,1,0,2015:1
Jane Dupree,1,2020-12-24,2020-12-24,1,0,2020:1
"JANE HANDCOCK, Anderson .Paak",1,2025-08-13,2025-08-13,1,0,2025:1
Jane Maximova,1,2013-05-30,2013-05-30,1,0,2013:1
Jane Remover,1,2023-11-07,2023-11-07,1,0,2023:1
Janice Vidal,1,2024-09-02,2024-09-02,1,0,2024:1
Janie,1,2025-02-06,2025-02-06,1,0,2025:1
Janko Nilovic,1,2022-09-26,2022-09-26,1,0,2022:1
Janna,1,2020-12-24,2020-12-24,1,0,2020:1
Janne Schra,1,2015-08-25,2015-08-25,1,0,2015:1
Japan,1,2009-06-14,2009-06-14,1,0,2009:1
Japanese Wallpaper,1,2015-09-03,2015-09-03,1,0,2015:1
Jards Macalé,1,2017-04-07,2017-04-07,1,0,2017:1
Jare & VilleGalle,1,2012-07-27,2012-07-27,1,0,2012:1
Jared Mattson,1,2025-01-13,2025-01-13,1,0,2025:1
Jarle Skavhellen,1,2020-11-15,2020-11-15,1,0,2020:1
Jarmo Hatunen,1,2022-12-25,2022-12-25,1,0,2022:1
Jarrod Lawson,1,2019-05-10,2019-05-10,1,0,2019:1
Jarryd James,1,2015-09-09,2015-09-09,1,0,2015:1
Jars of Clay,1,2017-03-26,2017-03-26,1,0,2017:1
Jaslopski,1,2008-04-13,2008-04-13,1,0,2008:1
Jasmine Cephas-Jones,1,2022-03-05,2022-03-05,1,0,2022:1
jasmine.4.t,1,2025-10-13,2025-10-13,1,0,2025:1
Jason Hayes,1,2012-11-15,2012-11-15,1,0,2012:1
Jason Molina,1,2015-11-25,2015-11-25,1,0,2015:1
Jason Myles Goss,1,2015-09-17,2015-09-17,1,0,2015:1
Jasper Tygner,1,2022-06-12,2022-06-12,1,0,2022:1
Jave,1,2023-10-21,2023-10-21,1,0,2023:1
Javier Santiago,1,2022-09-26,2022-09-26,1,0,2022:1
"Jax Jones, Joel Corry, Jason Derulo",1,2025-05-16,2025-05-16,1,0,2025:1
"Jax Jones, Martin Solveig, Madison Beer, Europa",1,2025-07-16,2025-07-16,1,0,2025:1
Jay de Lys,1,2019-08-28,2019-08-28,1,0,2019:1
Jay Dee,1,2012-04-14,2012-04-14,1,0,2012:1
Jay Dunham,1,2026-08-28,2026-08-28,1,0,2026:1
Jay Isaiah,1,2022-06-08,2022-06-08,1,0,2022:1
Jay Montana,1,2025-12-31,2025-12-31,1,0,2025:1
Jay Prince,1,2018-01-04,2018-01-04,1,0,2018:1
Jay Safari,1,2022-02-15,2022-02-15,1,0,2022:1
Jay Sean,1,2013-01-06,2013-01-06,1,0,2013:1
Jay Shepheard,1,2014-12-11,2014-12-11,1,0,2014:1
Jay Z & Beyonce,1,2008-11-24,2008-11-24,1,0,2008:1
"Jay Z, Linkin Park",1,2025-10-24,2025-10-24,1,0,2025:1
Jay-J featuring Latrice Barnett,1,2010-04-09,2010-04-09,1,0,2010:1
Jayda G,1,2020-12-09,2020-12-09,1,0,2020:1
Jayde,1,2021-04-27,2021-04-27,1,0,2021:1
Jaydee,1,2012-05-14,2012-05-14,1,0,2012:1
Jaymes Young,1,2022-09-30,2022-09-30,1,0,2022:1
JayO,1,2023-01-16,2023-01-16,1,0,2023:1
Jaytech,1,2012-05-31,2012-05-31,1,0,2012:1
"Jaz Karis, Tone Stith",1,2024-08-22,2024-08-22,1,0,2024:1
Jazz Liberatorz feat. Declaime,1,2010-05-07,2010-05-07,1,0,2010:1
Jazzanova / Outlines,1,2007-09-29,2007-09-29,1,0,2007:1
Jazzbois,1,2022-09-26,2022-09-26,1,0,2022:1
Jazzy Lee,1,2012-07-15,2012-07-15,1,0,2012:1
Jazzy Pecada,1,2013-01-20,2013-01-20,1,0,2013:1
JB Dunckel,1,2026-09-02,2026-09-02,1,0,2026:1
JDM Global,1,2022-06-14,2022-06-14,1,0,2022:1
Jean Carn,1,2022-09-26,2022-09-26,1,0,2022:1
"Jean Dawson, HIM Movie",1,2025-09-26,2025-09-26,1,0,2025:1
Jean-Louis Aubert,1,2025-11-25,2025-11-25,1,0,2025:1
Jeanne Added,1,2025-09-08,2025-09-08,1,0,2025:1
Jef Gilson,1,2015-08-18,2015-08-18,1,0,2015:1
Jeff Catto,1,2022-02-19,2022-02-19,1,0,2022:1
Jeff Parker,1,2026-06-22,2026-06-22,1,0,2026:1
Jefferson Starship,1,2025-07-09,2025-07-09,1,0,2025:1
Jeffrey Eli,1,2022-10-02,2022-10-02,1,0,2022:1
Jeffrey Gaines,1,2012-05-11,2012-05-11,1,0,2012:1
Jehst,1,2014-12-03,2014-12-03,1,0,2014:1
Jelani Blackman,1,2023-06-11,2023-06-11,1,0,2023:1
Jellyfishes,1,2015-11-26,2015-11-26,1,0,2015:1
Jenevieve,1,2025-08-12,2025-08-12,1,0,2025:1
"Jenifer, Slimane",1,2025-12-04,2025-12-04,1,0,2025:1
Jeniferever,1,2013-02-16,2013-02-16,1,0,2013:1
Jenna Raine,1,2025-02-09,2025-02-09,1,0,2025:1
Jennifer Rush,1,2012-12-23,2012-12-23,1,0,2012:1
Jenny Broke the Window,1,2015-08-03,2015-08-03,1,0,2015:1
"Jenny March, Disco Fries",1,2024-08-17,2024-08-17,1,0,2024:1
Jenny O.,1,2020-12-31,2020-12-31,1,0,2020:1
Jenny Scheinman,1,2019-08-30,2019-08-30,1,0,2019:1
Jenny Wilson,1,2012-07-20,2012-07-20,1,0,2012:1
Jens Buchert,1,2013-02-16,2013-02-16,1,0,2013:1
Jens Carelius,1,2015-12-04,2015-12-04,1,0,2015:1
Jens Wechsler,1,2019-11-28,2019-11-28,1,0,2019:1
Jeremih,1,2014-12-03,2014-12-03,1,0,2014:1
"Jeremih, Bryson Tiller, Chris Brown",1,2024-07-10,2024-07-10,1,0,2024:1
Jeremy Folderol,1,2017-04-18,2017-04-18,1,0,2017:1
Jeremy Ivey,1,2020-10-21,2020-10-21,1,0,2020:1
Jeremy Loops,1,2015-08-24,2015-08-24,1,0,2015:1
"Jeremy Zucker, Chelsea Cutler",1,2025-08-18,2025-08-18,1,0,2025:1
Jeri-Jeri,1,2014-07-27,2014-07-27,1,0,2014:1
Jermaine Jackson,1,2009-06-26,2009-06-26,1,0,2009:1
Jerome,1,2023-08-27,2023-08-27,1,0,2023:1
Jerome Jarre,1,2012-07-15,2012-07-15,1,0,2012:1
Jerome Richardson,1,2015-07-08,2015-07-08,1,0,2015:1
Jerry Cantrell,1,2012-05-04,2012-05-04,1,0,2012:1
Jerry Folk,1,2017-11-27,2017-11-27,1,0,2017:1
Jerry White,1,2025-10-13,2025-10-13,1,0,2025:1
Jesirae,1,2025-12-01,2025-12-01,1,0,2025:1
Jesper Jenset,1,2019-06-28,2019-06-28,1,0,2019:1
Jesse,1,2026-08-03,2026-08-03,1,0,2026:1
Jesse & Joy,1,2017-07-31,2017-07-31,1,0,2017:1
Jesse Bru,1,2021-12-29,2021-12-29,1,0,2021:1
Jesse Cole,1,2015-01-24,2015-01-24,1,0,2015:1
"Jesse Malin, Bruce Springsteen",1,2025-08-18,2025-08-18,1,0,2025:1
Jesse Winchester,1,2009-06-14,2009-06-14,1,0,2009:1
Jessica Andrews,1,2009-01-07,2009-01-07,1,0,2009:1
Jessica Charlie,1,2026-07-29,2026-07-29,1,0,2026:1
Jessica Curry,1,2015-11-30,2015-11-30,1,0,2015:1
Jessie Early,1,2020-11-15,2020-11-15,1,0,2020:1
Jessie Mueller,1,2019-05-08,2019-05-08,1,0,2019:1
Jessy Lanza,1,2026-01-28,2026-01-28,1,0,2026:1
Jessye Norman,1,2010-10-31,2010-10-31,1,0,2010:1
Jesus Jones,1,2017-03-27,2017-03-27,1,0,2017:1
Jets,1,2015-08-18,2015-08-18,1,0,2015:1
Jetski,1,2022-01-12,2022-01-12,1,0,2022:1
jev.,1,2023-02-04,2023-02-04,1,0,2023:1
Jharrel Jerome,1,2020-10-20,2020-10-20,1,0,2020:1
JHAYCO,1,2024-07-16,2024-07-16,1,0,2024:1
Jhung,1,2022-06-08,2022-06-08,1,0,2022:1
Jia*,1,2024-04-18,2024-04-18,1,0,2024:1
Jiire Smith,1,2023-01-31,2023-01-31,1,0,2023:1
Jillette Johnson,1,2021-10-31,2021-10-31,1,0,2021:1
Jillian Cardarelli,1,2019-10-01,2019-10-01,1,0,2019:1
"Jim Jones, Lil Wayne, DJ Khaled, Migos, ‎Juelz Santana",1,2024-08-14,2024-08-14,1,0,2024:1
Jim Lauderdale,1,2010-10-04,2010-10-04,1,0,2010:1
Jim Noir,1,2010-09-09,2010-09-09,1,0,2010:1
Jim O'Rourke,1,2026-05-15,2026-05-15,1,0,2026:1
Jimi,1,2021-02-05,2021-02-05,1,0,2021:1
Jimmy Cobb,1,2019-08-30,2019-08-30,1,0,2019:1
Jimmy Fallon,1,2021-12-24,2021-12-24,1,0,2021:1
Jimmy Gilford,1,2015-07-08,2015-07-08,1,0,2015:1
Jimmy Whispers,1,2023-06-11,2023-06-11,1,0,2023:1
Jimmy Witherspoon,1,2015-08-18,2015-08-18,1,0,2015:1
jimothy,1,2019-09-02,2019-09-02,1,0,2019:1
"Jinu, Ahn Hyo-seop",1,2025-11-30,2025-11-30,1,0,2025:1
jizue,1,2019-08-23,2019-08-23,1,0,2019:1
JJ ADRIAN,1,2021-02-05,2021-02-05,1,0,2021:1
JJ Scheff,1,2024-06-17,2024-06-17,1,0,2024:1
JJerome87,1,2026-04-23,2026-04-23,1,0,2026:1
JJUUJJUU,1,2024-06-17,2024-06-17,1,0,2024:1
JK,1,2013-06-29,2013-06-29,1,0,2013:1
Jnbo,1,2026-06-05,2026-06-05,1,0,2026:1
Jo Blankenburg,1,2017-09-29,2017-09-29,1,0,2017:1
Jo Soegono,1,2026-06-05,2026-06-05,1,0,2026:1
JOALIN,1,2024-07-10,2024-07-10,1,0,2024:1
Joan Manuel Serrat,1,2026-06-05,2026-06-05,1,0,2026:1
Joana Brazil,1,2014-09-21,2014-09-21,1,0,2014:1
Joanna Newsom,1,2026-07-16,2026-07-16,1,0,2026:1
Joda,1,2024-05-05,2024-05-05,1,0,2024:1
Jodi Benson,1,2019-05-13,2019-05-13,1,0,2019:1
Joe Arrow,1,2024-11-11,2024-11-11,1,0,2024:1
Joe Avio,1,2020-10-20,2020-10-20,1,0,2020:1
Joe Ely,1,2026-02-26,2026-02-26,1,0,2026:1
"Joe Goddard, Barrie",1,2025-02-04,2025-02-04,1,0,2025:1
Joe Hertler & the Rainbow Seekers,1,2019-06-24,2019-06-24,1,0,2019:1
Joe Hisaishi New Japan Philharmonic,1,2017-05-23,2017-05-23,1,0,2017:1
Joe Jackson,1,2015-09-28,2015-09-28,1,0,2015:1
Joe Pug,1,2015-03-23,2015-03-23,1,0,2015:1
Joe Satriani,1,2010-08-18,2010-08-18,1,0,2010:1
Joe Smooth,1,2012-05-16,2012-05-16,1,0,2012:1
Joe Turner,1,2019-09-09,2019-09-09,1,0,2019:1
Joee Vayda,1,2024-01-15,2024-01-15,1,0,2024:1
Joel Culpepper,1,2023-09-27,2023-09-27,1,0,2023:1
Joel Eriksson,1,2022-04-18,2022-04-18,1,0,2022:1
Joel Michael Herbert,1,2021-12-27,2021-12-27,1,0,2021:1
"Joel Ross, Gabrielle Garo",1,2026-01-20,2026-01-20,1,0,2026:1
Joel Waldman,1,2013-11-17,2013-11-17,1,0,2013:1
joel young,1,2021-09-25,2021-09-25,1,0,2021:1
Joey DeFrancesco,1,2023-02-05,2023-02-05,1,0,2023:1
Joey Dosik,1,2019-06-17,2019-06-17,1,0,2019:1
Joey Fehrenbach,1,2014-05-01,2014-05-01,1,0,2014:1
Joey McIntyre,1,2009-12-24,2009-12-24,1,0,2009:1
Joey Melrose,1,2022-02-15,2022-02-15,1,0,2022:1
Joey Negro presents The Sunburst Band,1,2012-09-16,2012-09-16,1,0,2012:1
Joey Scarbury,1,2013-08-21,2013-08-21,1,0,2013:1
Johanna Iivanainen,1,2021-08-09,2021-08-09,1,0,2021:1
Johanna Warren,1,2020-08-12,2020-08-12,1,0,2020:1
Johannes Huppertz,1,2013-02-16,2013-02-16,1,0,2013:1
John & Yoko And The Plastic Ono Band With The Harlem Community Choir,1,2010-12-25,2010-12-25,1,0,2010:1
John A. Nilson,1,2018-03-19,2018-03-19,1,0,2018:1
John Beltran,1,2013-07-14,2013-07-14,1,0,2013:1
John Craigie,1,2017-09-21,2017-09-21,1,0,2017:1
John Debney,1,2008-12-17,2008-12-17,1,0,2008:1
"John Debney, Alan Silvestri, Royal Scottish National Orchestra",1,2015-09-08,2015-09-08,1,0,2015:1
John Eatherly,1,2019-09-04,2019-09-04,1,0,2019:1
John Farnham,1,2013-01-08,2013-01-08,1,0,2013:1
John Foxx,1,2016-02-04,2016-02-04,1,0,2016:1
John Gibbons,1,2017-04-18,2017-04-18,1,0,2017:1
John Glacier,1,2025-01-23,2025-01-23,1,0,2025:1
John Maus,1,2013-09-21,2013-09-21,1,0,2013:1
John Murphy,1,2017-09-29,2017-09-29,1,0,2017:1
John P. Strohm,1,2010-08-21,2010-08-21,1,0,2010:1
John Parr,1,2025-07-09,2025-07-09,1,0,2025:1
John Paul White,1,2017-09-21,2017-09-21,1,0,2017:1
John Skyfield,1,2023-06-20,2023-06-20,1,0,2023:1
John Tejada,1,2014-12-10,2014-12-10,1,0,2014:1
John Wizards,1,2015-07-08,2015-07-08,1,0,2015:1
Johnny,1,2013-12-06,2013-12-06,1,0,2013:1
Johnny Gates,1,2021-09-25,2021-09-25,1,0,2021:1
Johnny Hallyday,1,2025-12-13,2025-12-13,1,0,2025:1
Johnny Nash,1,2015-11-17,2015-11-17,1,0,2015:1
Johnny Sais Quoi,1,2026-03-13,2026-03-13,1,0,2026:1
Johnny Valentine,1,2025-07-21,2025-07-21,1,0,2025:1
Johnny Winter,1,2009-06-13,2009-06-13,1,0,2009:1
Johnossi,1,2023-07-17,2023-07-17,1,0,2023:1
JoJo,1,2019-05-06,2019-05-06,1,0,2019:1
Joke Society,1,2013-01-20,2013-01-20,1,0,2013:1
Jokers,1,2025-11-30,2025-11-30,1,0,2025:1
Jon and Roy,1,2015-11-25,2015-11-25,1,0,2015:1
"Jon Batiste, Big Freedia",1,2025-02-07,2025-02-07,1,0,2025:1
"Jon Batiste, Hot 8 Brass Band",1,2025-02-07,2025-02-07,1,0,2025:1
"Jon Batiste, Michael Batiste, Big Chief Romeo of the Mardi Gras Indian Show",1,2025-02-07,2025-02-07,1,0,2025:1
"Jon Batiste, PJ Morton, Trombone Shorty",1,2025-02-07,2025-02-07,1,0,2025:1
"Jon Batiste, St. Augustine High School Marching 100, David Gauthier, Gospel Soul Children Choir, Craig Adams, Braedon Gautier, Brennan Gautier, Autumn Rowe",1,2025-02-07,2025-02-07,1,0,2025:1
Jon Bryant,1,2021-08-22,2021-08-22,1,0,2021:1
Jon Cozart,1,2021-04-20,2021-04-20,1,0,2021:1
Jon Hassell,1,2015-09-29,2015-09-29,1,0,2015:1
Jon Hendricks,1,2015-08-17,2015-08-17,1,0,2015:1
Jon Langston,1,2023-03-07,2023-03-07,1,0,2023:1
"jon limon, Lola",1,2024-11-11,2024-11-11,1,0,2024:1
Jon Muq,1,2026-07-10,2026-07-10,1,0,2026:1
"Jon Secada, Gonzalo Rubalcaba",1,2025-09-26,2025-09-26,1,0,2025:1
Jon Sine,1,2014-12-11,2014-12-11,1,0,2014:1
Jonah Blacksmith,1,2017-08-08,2017-08-08,1,0,2017:1
"Jonas Blue, Léon",1,2025-03-23,2025-03-23,1,0,2025:1
"Jonas Blue, Sam Feldt, Endless Summer, Sadie Rose Van",1,2024-08-07,2024-08-07,1,0,2024:1
"Jonas Blue, William Singe",1,2025-06-07,2025-06-07,1,0,2025:1
"Jonas Brothers, Bailey Zimmerman",1,2024-07-16,2024-07-16,1,0,2024:1
JONAS LOVV,1,2026-04-16,2026-04-16,1,0,2026:1
Jonas Reinhardt,1,2026-02-01,2026-02-01,1,0,2026:1
Jonathan Bree,1,2023-08-30,2023-08-30,1,0,2023:1
"Jonathan Groff, Original Broadway Cast of Hamilton",1,2025-01-19,2025-01-19,1,0,2025:1
Jonathan Hutcherson,1,2023-01-27,2023-01-27,1,0,2023:1
Jonathan Larson,1,2008-08-18,2008-08-18,1,0,2008:1
Jonathan Ryno,1,2014-12-11,2014-12-11,1,0,2014:1
Joni,1,2021-02-05,2021-02-05,1,0,2021:1
Joni Haastrup,1,2022-10-16,2022-10-16,1,0,2022:1
Jonnie Snoilsky,1,2021-01-30,2021-01-30,1,0,2021:1
Jonny Greenwood,1,2015-08-18,2015-08-18,1,0,2015:1
Jono McCleery,1,2015-07-08,2015-07-08,1,0,2015:1
Jontavious Willis,1,2019-05-07,2019-05-07,1,0,2019:1
Joony,1,2022-06-08,2022-06-08,1,0,2022:1
Jordan Arts,1,2026-08-28,2026-08-28,1,0,2026:1
Jordan Davis,1,2025-07-23,2025-07-23,1,0,2025:1
Jordan Smith,1,2022-12-24,2022-12-24,1,0,2022:1
Jordan Ward,1,2020-07-30,2020-07-30,1,0,2020:1
Jordi MB,1,2012-10-07,2012-10-07,1,0,2012:1
Jordy,1,2024-04-09,2024-04-09,1,0,2024:1
Jordy Dazz & Mightyfools,1,2012-10-07,2012-10-07,1,0,2012:1
Jorge Aragão,1,2012-05-07,2012-05-07,1,0,2012:1
Jorge Vercilo,1,2012-05-07,2012-05-07,1,0,2012:1
Joris Delacroix,1,2014-12-29,2014-12-29,1,0,2014:1
"Joris Voorn, AVIRA",1,2025-01-17,2025-01-17,1,0,2025:1
"Joris Voorn, Goodboys",1,2025-07-23,2025-07-23,1,0,2025:1
Jorma Hynninen,1,2021-12-24,2021-12-24,1,0,2021:1
Jose Carretas,1,2009-08-14,2009-08-14,1,0,2009:1
Jose Carretas Feat. Zeep,1,2017-01-11,2017-01-11,1,0,2017:1
Jose Roberto Bertrami,1,2009-08-14,2009-08-14,1,0,2009:1
Jose Roberto Bertrami and his Modern Sound,1,2017-01-11,2017-01-11,1,0,2017:1
Joseph Cline,1,2021-01-30,2021-01-30,1,0,2021:1
Joseph Shabason,1,2017-10-25,2017-10-25,1,0,2017:1
Joseph Williams,1,2013-05-05,2013-05-05,1,0,2013:1
Josh Gabriel,1,2012-07-29,2012-07-29,1,0,2012:1
Josh Kerr,1,2021-03-04,2021-03-04,1,0,2021:1
Josh Martinez,1,2013-03-04,2013-03-04,1,0,2013:1
Josh Teskey,1,2020-10-13,2020-10-13,1,0,2020:1
Joshua Bassett,1,2025-02-01,2025-02-01,1,0,2025:1
joshua epithet,1,2021-07-31,2021-07-31,1,0,2021:1
Joshua Francois,1,2021-04-25,2021-04-25,1,0,2021:1
Joshua Speers,1,2019-06-24,2019-06-24,1,0,2019:1
Joshy Soul,1,2022-10-06,2022-10-06,1,0,2022:1
Joss Mogli,1,2021-02-18,2021-02-18,1,0,2021:1
Jota Quest,1,2012-05-07,2012-05-07,1,0,2012:1
Jouni Aslak,1,2025-02-10,2025-02-10,1,0,2025:1
Journey Featuring Lead Vocals by Steve Augeri,1,2013-09-30,2013-09-30,1,0,2013:1
Jovanotti,1,2015-09-17,2015-09-17,1,0,2015:1
Jowe X,1,2014-12-10,2014-12-10,1,0,2014:1
"Jowell & Randy, Dei V",1,2024-07-01,2024-07-01,1,0,2024:1
Joy Again,1,2024-06-17,2024-06-17,1,0,2024:1
Joy Denalane,1,2026-03-26,2026-03-26,1,0,2026:1
Joy Zipper,1,2010-08-21,2010-08-21,1,0,2010:1
"Joyce Jonathan, Vianney",1,2025-12-02,2025-12-02,1,0,2025:1
Joyce Manor,1,2025-09-04,2025-09-04,1,0,2025:1
"Joyce, Nana Vasconcelos, Mauricio Maestro",1,2017-01-11,2017-01-11,1,0,2017:1
Jr Jr,1,2016-02-03,2016-02-03,1,0,2016:1
"JT, DJ Khaled",1,2024-08-12,2024-08-12,1,0,2024:1
JTB,1,2023-01-16,2023-01-16,1,0,2023:1
Juan Gabriel,1,2017-06-17,2017-06-17,1,0,2017:1
Juan Luis Guerra 4.40,1,2017-06-17,2017-06-17,1,0,2017:1
Juan Magan & Salgado,1,2012-04-28,2012-04-28,1,0,2012:1
Juan Magán,1,2017-09-20,2017-09-20,1,0,2017:1
Juan Padilla,1,2012-07-15,2012-07-15,1,0,2012:1
Juan Pedro Camoro,1,2021-01-30,2021-01-30,1,0,2021:1
Juan Rached,1,2020-12-07,2020-12-07,1,0,2020:1
Jude & Frank,1,2023-01-16,2023-01-16,1,0,2023:1
"Judeline, Amaia",1,2025-12-15,2025-12-15,1,0,2025:1
"Judeline, DELLAFUENTE",1,2025-12-15,2025-12-15,1,0,2025:1
"Judeline, Mc Morena",1,2025-12-15,2025-12-15,1,0,2025:1
"Judeline, Pa Salieu",1,2025-12-15,2025-12-15,1,0,2025:1
Judi Singh,1,2026-06-05,2026-06-05,1,0,2026:1
Judith,1,2023-01-16,2023-01-16,1,0,2023:1
Judy Bailey featuring Uju,1,2012-07-09,2012-07-09,1,0,2012:1
"Judy Henske, Jerry Yester",1,2025-07-28,2025-07-28,1,0,2025:1
"Juelz Santana, Jadakiss",1,2024-07-05,2024-07-05,1,0,2024:1
Juha Tapio,1,2015-11-20,2015-11-20,1,0,2015:1
Juha Vainio,1,2021-04-09,2021-04-09,1,0,2021:1
Juice Leskinen Slam,1,2010-11-01,2010-11-01,1,0,2010:1
juju<3,1,2023-10-21,2023-10-21,1,0,2023:1
Juke,1,2023-07-27,2023-07-27,1,0,2023:1
Jukio Kallio,1,2021-09-14,2021-09-14,1,0,2021:1
Jukka Linkola,1,2021-12-24,2021-12-24,1,0,2021:1
Jukka Nousiainen,1,2020-10-13,2020-10-13,1,0,2020:1
Julee Cruise,1,2025-02-17,2025-02-17,1,0,2025:1
Jules Larson,1,2020-12-18,2020-12-18,1,0,2020:1
Julia Cooper,1,2021-01-29,2021-01-29,1,0,2021:1
Julia Fischer,1,2026-03-30,2026-03-30,1,0,2026:1
Julia Logan,1,2022-02-15,2022-02-15,1,0,2022:1
Julia Mestre,1,2024-07-14,2024-07-14,1,0,2024:1
Julia Ross,1,2021-08-22,2021-08-22,1,0,2021:1
Julian Avila,1,2021-07-12,2021-07-12,1,0,2021:1
Julian Calor,1,2017-11-27,2017-11-27,1,0,2017:1
"Julian Casablancas, The Voidz",1,2025-02-10,2025-02-10,1,0,2025:1
Julian Lamadrid,1,2019-06-19,2019-06-19,1,0,2019:1
Julian Morris,1,2012-07-15,2012-07-15,1,0,2012:1
Julianna Joy,1,2022-02-09,2022-02-09,1,0,2022:1
Julie and the Phantoms Cast,1,2020-12-07,2020-12-07,1,0,2020:1
Julie Fowlis,1,2022-05-14,2022-05-14,1,0,2022:1
Julien Doré,1,2025-12-04,2025-12-04,1,0,2025:1
Julien Granel,1,2025-02-13,2025-02-13,1,0,2025:1
Julien Lieb,1,2025-11-25,2025-11-25,1,0,2025:1
Julio Bashmore,1,2012-07-28,2012-07-28,1,0,2012:1
Julius Black,1,2021-01-29,2021-01-29,1,0,2021:1
july 7,1,2020-12-07,2020-12-07,1,0,2020:1
Julyan,1,2020-12-07,2020-12-07,1,0,2020:1
Jummi Jammi -orkesteri,1,2022-04-04,2022-04-04,1,0,2022:1
Jump Source,1,2026-05-07,2026-05-07,1,0,2026:1
Jumping Back Slash,1,2017-04-06,2017-04-06,1,0,2017:1
Junaco,1,2019-06-30,2019-06-30,1,0,2019:1
June Carter Cash,1,2010-11-28,2010-11-28,1,0,2010:1
junejam,1,2021-02-05,2021-02-05,1,0,2021:1
Jung Kook,1,2023-10-17,2023-10-17,1,0,2023:1
Jungeli,1,2025-12-30,2025-12-30,1,0,2025:1
"Jungeli, Imen Es, Alonzo, Abou Debeing, Lossa",1,2025-12-30,2025-12-30,1,0,2025:1
Junior Kelly,1,2015-12-08,2015-12-08,1,0,2015:1
Junior Murvin,1,2022-10-21,2022-10-21,1,0,2022:1
Junior Reid,1,2007-12-16,2007-12-16,1,0,2007:1
Jupie,1,2021-09-25,2021-09-25,1,0,2021:1
Jupiter & Okwess International,1,2013-06-04,2013-06-04,1,0,2013:1
Jupiter Ace,1,2012-08-27,2012-08-27,1,0,2012:1
Jurassik Funk,1,2015-01-21,2015-01-21,1,0,2015:1
Jus Jack ft Black Dogs,1,2012-11-23,2012-11-23,1,0,2012:1
Jus Jack Ft. Black Dogs,1,2012-11-21,2012-11-21,1,0,2012:1
Justin Bell,1,2022-04-18,2022-04-18,1,0,2022:1
"Justin Bieber, Dijon",1,2025-08-14,2025-08-14,1,0,2025:1
Justin Hinds & The Dominoes,1,2022-04-09,2022-04-09,1,0,2022:1
Justin Jesso,1,2025-07-18,2025-07-18,1,0,2025:1
Justin Vernon + Aaron Dessner,1,2010-09-30,2010-09-30,1,0,2010:1
Justin Wade Tam,1,2021-08-22,2021-08-22,1,0,2021:1
Justus West,1,2019-07-24,2019-07-24,1,0,2019:1
JUTO,1,2020-10-03,2020-10-03,1,0,2020:1
Juveniles,1,2013-04-25,2013-04-25,1,0,2013:1
"JVKE, TOMORROW X TOGETHER, LE SSERAFIM, TAEHYUN, Kim Chaewon of LE SSERAFIM",1,2025-07-21,2025-07-21,1,0,2025:1
jxdn,1,2025-07-23,2025-07-23,1,0,2025:1
Jye,1,2019-06-30,2019-06-30,1,0,2019:1
Jéssica Gaspar,1,2024-07-14,2024-07-14,1,0,2024:1
Jónsi & Alex,1,2010-09-07,2010-09-07,1,0,2010:1
JØD,1,2017-01-19,2017-01-19,1,0,2017:1
K Camp,1,2020-04-07,2020-04-07,1,0,2020:1
K Wata,1,2026-08-24,2026-08-24,1,0,2026:1
K&D ft Mahoney,1,2012-07-15,2012-07-15,1,0,2012:1
K.I.D,1,2017-08-12,2017-08-12,1,0,2017:1
K.I.Z.,1,2026-07-06,2026-07-06,1,0,2026:1
K.Zia,1,2022-01-07,2022-01-07,1,0,2022:1
K/DA,1,2021-01-04,2021-01-04,1,0,2021:1
Ka,1,2021-01-21,2021-01-21,1,0,2021:1
Kabbalah,1,2012-05-26,2012-05-26,1,0,2012:1
Kacey Johansing,1,2017-10-20,2017-10-20,1,0,2017:1
Kacy Hill,1,2016-02-03,2016-02-03,1,0,2016:1
Kadeem Tyrell,1,2023-02-10,2023-02-10,1,0,2023:1
Kahil El'Zabar,1,2023-02-05,2023-02-05,1,0,2023:1
Kaiak,1,2021-08-22,2021-08-22,1,0,2021:1
"KAIBA, Chief Keef",1,2020-03-23,2020-03-23,1,0,2020:1
Kaien Cruz,1,2022-01-04,2022-01-04,1,0,2022:1
Kaiia vs. Manilla Maniacs,1,2012-07-13,2012-07-13,1,0,2012:1
Kaija Koo,1,2024-04-24,2024-04-24,1,0,2024:1
Kail Baxley,1,2015-11-25,2015-11-25,1,0,2015:1
Kailee Morgue,1,2026-05-17,2026-05-17,1,0,2026:1
Kaitlin Butts,1,2025-12-23,2025-12-23,1,0,2025:1
Kaitlyn Aurelia Smith,1,2017-04-26,2017-04-26,1,0,2017:1
Kaiya Gamble,1,2021-11-13,2021-11-13,1,0,2021:1
Kajagoogoo,1,2009-06-14,2009-06-14,1,0,2009:1
"Kajetan Wolas, Magiera",1,2024-07-13,2024-07-13,1,0,2024:1
Kakura,1,2023-01-16,2023-01-16,1,0,2023:1
kaky,1,2025-03-16,2025-03-16,1,0,2025:1
"Kal Banx, HiTech, FELIX!, Yakiyn",1,2025-09-14,2025-09-14,1,0,2025:1
Kalbells,1,2021-01-17,2021-01-17,1,0,2021:1
Kaleah Lee,1,2023-02-04,2023-02-04,1,0,2023:1
Kaleen,1,2024-05-12,2024-05-12,1,0,2024:1
Kali Claire,1,2024-03-29,2024-03-29,1,0,2024:1
"Kali Uchis, Peso Pluma",1,2024-07-05,2024-07-05,1,0,2024:1
Kalle Kalima,1,2019-08-30,2019-08-30,1,0,2019:1
Kalsey Kulyk,1,2019-10-01,2019-10-01,1,0,2019:1
KALUSH,1,2022-05-16,2022-05-16,1,0,2022:1
Kan R. Gao,1,2013-08-21,2013-08-21,1,0,2013:1
"Kan R. Gao, feat. Laura Shigihara",1,2013-08-21,2013-08-21,1,0,2013:1
Kanda Bongo Man,1,2013-06-29,2013-06-29,1,0,2013:1
"Kane Brown, John Legend",1,2020-03-27,2020-03-27,1,0,2020:1
"Kane Brown, Mitchell Tenpenny, Scotty McCreery, Ashley Cooke, Dasha",1,2025-07-08,2025-07-08,1,0,2025:1
Kangding Ray,1,2026-02-05,2026-02-05,1,0,2026:1
Kankan,1,2023-10-23,2023-10-23,1,0,2023:1
Kankick,1,2019-09-18,2019-09-18,1,0,2019:1
"Kany García, Rawayana",1,2024-12-29,2024-12-29,1,0,2024:1
Kaoma,1,2017-06-17,2017-06-17,1,0,2017:1
"Kap G, Lil Keed",1,2020-03-23,2020-03-23,1,0,2020:1
Kapable,1,2023-01-13,2023-01-13,1,0,2023:1
Kapibara,1,2025-03-04,2025-03-04,1,0,2025:1
"Kapo, Camilo",1,2025-09-26,2025-09-26,1,0,2025:1
Kapsoul,1,2026-07-16,2026-07-16,1,0,2026:1
Kaptan,1,2020-10-21,2020-10-21,1,0,2020:1
Kareem Ali,1,2021-02-25,2021-02-25,1,0,2021:1
Kareen Lomax,1,2024-07-13,2024-07-13,1,0,2024:1
Karen Elson,1,2020-12-19,2020-12-19,1,0,2020:1
Karen Nyame KG,1,2023-05-22,2023-05-22,1,0,2023:1
Kari Tapio,1,2010-06-25,2010-06-25,1,0,2010:1
Karim B,1,2024-06-21,2024-06-21,1,0,2024:1
Karin Ann,1,2023-11-07,2023-11-07,1,0,2023:1
Karine Polwart,1,2012-12-23,2012-12-23,1,0,2012:1
Karl Collan,1,2021-12-24,2021-12-24,1,0,2021:1
Karl Hector & The Malcouns,1,2019-08-30,2019-08-30,1,0,2019:1
Karl Jenkins,1,2013-08-21,2013-08-21,1,0,2013:1
Karl Rosskopf,1,2021-03-06,2021-03-06,1,0,2021:1
"KarlK, GuitK",1,2024-07-12,2024-07-12,1,0,2024:1
Karmawin,1,2019-09-18,2019-09-18,1,0,2019:1
Karmin Shiff-lik & Dak,1,2012-07-13,2012-07-13,1,0,2012:1
"KAROL G, Eddy Lover",1,2025-07-27,2025-07-27,1,0,2025:1
"KAROL G, Tiësto",1,2024-07-05,2024-07-05,1,0,2024:1
Kaskade feat. Mindy Gledhill,1,2013-03-16,2013-03-16,1,0,2013:1
KaspaHauser,1,2024-11-11,2024-11-11,1,0,2024:1
"Kassa Overall, Nick Hakim, Theo Croker",1,2024-10-05,2024-10-05,1,0,2024:1
Kat Edmonson,1,2015-08-19,2015-08-19,1,0,2015:1
Katarsis,1,2025-03-19,2025-03-19,1,0,2025:1
Kate Ellis,1,2021-12-27,2021-12-27,1,0,2021:1
Kate Grahn,1,2025-07-18,2025-07-18,1,0,2025:1
Kate Hudson,1,2024-04-04,2024-04-04,1,0,2024:1
Kate NV,1,2021-01-21,2021-01-21,1,0,2021:1
Kate Paul,1,2021-06-22,2021-06-22,1,0,2021:1
Kate Simko,1,2017-11-27,2017-11-27,1,0,2017:1
"Kathryn Kluge, Kim Allen Kluge",1,2017-11-28,2017-11-28,1,0,2017:1
Kathy Kosins,1,2017-10-24,2017-10-24,1,0,2017:1
Katibe 5,1,2012-04-08,2012-04-08,1,0,2012:1
katie dey,1,2026-05-31,2026-05-31,1,0,2026:1
Katie Gregson-MacLeod,1,2024-01-02,2024-01-02,1,0,2024:1
Katie Kittermaster,1,2021-01-29,2021-01-29,1,0,2021:1
Katie Lynne Sharbaugh,1,2022-05-23,2022-05-23,1,0,2022:1
Katie Pruitt,1,2026-01-29,2026-01-29,1,0,2026:1
Katri Ylander,1,2013-05-10,2013-05-10,1,0,2013:1
Katy B,1,2012-05-16,2012-05-16,1,0,2012:1
Katy Kirby,1,2020-12-31,2020-12-31,1,0,2020:1
"Katy Perry, 21 Savage",1,2024-09-23,2024-09-23,1,0,2024:1
Katya.,1,2023-03-17,2023-03-17,1,0,2023:1
Katzin,1,2021-04-27,2021-04-27,1,0,2021:1
kauai hirótomo,1,2019-08-23,2019-08-23,1,0,2019:1
Kauriinmetsästäjät,1,2017-10-26,2017-10-26,1,0,2017:1
Kavinsky & Lovefoxxx,1,2013-08-26,2013-08-26,1,0,2013:1
"Kavinsky, Angèle, Phoenix",1,2025-11-25,2025-11-25,1,0,2025:1
Kay One,1,2017-10-25,2017-10-25,1,0,2017:1
Kay Starr,1,2009-01-07,2009-01-07,1,0,2009:1
Kayah,1,2013-03-04,2013-03-04,1,0,2013:1
KAYAM,1,2025-07-21,2025-07-21,1,0,2025:1
Kayla Hall,1,2021-01-29,2021-01-29,1,0,2021:1
"Kayla Nicole, Missy Elliott",1,2020-04-07,2020-04-07,1,0,2020:1
Kayla Rae,1,2023-02-04,2023-02-04,1,0,2023:1
"KAYTRANADA, Channel Tres",1,2024-07-18,2024-07-18,1,0,2024:1
"Kaytranada, Childish Gambino",1,2024-07-18,2024-07-18,1,0,2024:1
Kazam,1,2019-09-18,2019-09-18,1,0,2019:1
Kazuma Jinnouchi,1,2015-09-08,2015-09-08,1,0,2015:1
KDS Requinzer,1,2026-07-29,2026-07-29,1,0,2026:1
Keane/RDM,1,2009-12-06,2009-12-06,1,0,2009:1
Keaton Henson,1,2020-08-12,2020-08-12,1,0,2020:1
Keb' Mo',1,2010-11-28,2010-11-28,1,0,2010:1
KeBlack,1,2025-12-30,2025-12-30,1,0,2025:1
"KeBlack, Franglish",1,2025-12-30,2025-12-30,1,0,2025:1
Kee'Ahn,1,2021-03-06,2021-03-06,1,0,2021:1
Keely Smith,1,2008-12-30,2008-12-30,1,0,2008:1
Keenan Te,1,2025-06-14,2025-06-14,1,0,2025:1
Keeth,1,2022-10-06,2022-10-06,1,0,2022:1
Keeya,1,2020-11-19,2020-11-19,1,0,2020:1
Keith Jarrett,1,2017-09-13,2017-09-13,1,0,2017:1
Keith McInally,1,2021-08-22,2021-08-22,1,0,2021:1
"Keith Sweat, Lil Wayne, Qing Madi",1,2025-12-23,2025-12-23,1,0,2025:1
Keith West,1,2009-12-12,2009-12-12,1,0,2009:1
Kele Okereke,1,2026-08-07,2026-08-07,1,0,2026:1
Keleketla!,1,2020-12-09,2020-12-09,1,0,2020:1
"Kelela, LSDXOXO",1,2024-07-10,2024-07-10,1,0,2024:1
Kelly Jones,1,2026-06-01,2026-06-01,1,0,2026:1
Kelly McFarling,1,2017-09-21,2017-09-21,1,0,2017:1
Kelly Moran,1,2026-02-24,2026-02-24,1,0,2026:1
Kelly Osbourne,1,2009-01-07,2009-01-07,1,0,2009:1
Kelly Willis,1,2026-07-05,2026-07-05,1,0,2026:1
Keltek,1,2026-08-22,2026-08-22,1,0,2026:1
Kemialliset Ystävät,1,2014-07-26,2014-07-26,1,0,2014:1
Kemopetrol,1,2006-06-29,2006-06-29,1,0,2006:1
Ken Parker,1,2022-04-09,2022-04-09,1,0,2022:1
Kendra Dias,1,2020-12-07,2020-12-07,1,0,2020:1
"Kendrick Lamar, SZA",1,2020-02-18,2020-02-18,1,0,2020:1
Keni,1,2022-06-08,2022-06-08,1,0,2022:1
Kenji Club,1,2012-07-15,2012-07-15,1,0,2012:1
Kennedy Ryon,1,2025-09-14,2025-09-14,1,0,2025:1
kennen,1,2021-01-18,2021-01-18,1,0,2021:1
Kenneth Bager,1,2009-08-14,2009-08-14,1,0,2009:1
Kenny Burrell,1,2017-09-13,2017-09-13,1,0,2017:1
Kenny Fontana,1,2012-05-27,2012-05-27,1,0,2012:1
Kenshi Yonezu,1,2023-12-07,2023-12-07,1,0,2023:1
KenTheMan,1,2025-12-01,2025-12-01,1,0,2025:1
Kenyon Dixon,1,2024-08-22,2024-08-22,1,0,2024:1
Keren Ann,1,2013-08-26,2013-08-26,1,0,2013:1
Kermit,1,2012-12-23,2012-12-23,1,0,2012:1
Kernelz,1,2017-12-04,2017-12-04,1,0,2017:1
Kerstin Ljungström,1,2023-07-17,2023-07-17,1,0,2023:1
"Kesha, Big Freedia",1,2024-07-31,2024-07-31,1,0,2024:1
"Kesha, Orville Peck, Hudson Mohawke, Tayla Parx",1,2025-10-14,2025-10-14,1,0,2025:1
"Kesha, Slayyyter, Rose Gray",1,2025-09-15,2025-09-15,1,0,2025:1
Kettel,1,2013-03-16,2013-03-16,1,0,2013:1
"Kevangotbandz, BigXthaPlug",1,2025-12-30,2025-12-30,1,0,2025:1
Kevin Drew,1,2010-09-29,2010-09-29,1,0,2010:1
Kevin Gates,1,2020-03-23,2020-03-23,1,0,2020:1
Kevin Krauter,1,2019-06-30,2019-06-30,1,0,2019:1
Kevin Michael feat. Wyclef Jean,1,2015-12-07,2015-12-07,1,0,2015:1
Kevin Ross,1,2025-09-26,2025-09-26,1,0,2025:1
Kevin Yost,1,2012-05-31,2012-05-31,1,0,2012:1
khai dreams,1,2020-11-27,2020-11-27,1,0,2020:1
Khaled,1,2013-06-29,2013-06-29,1,0,2013:1
"Khalid, Disclosure, DaVido, Tems",1,2020-04-24,2020-04-24,1,0,2020:1
Khamari,1,2020-07-21,2020-07-21,1,0,2020:1
KHARFI,1,2021-02-05,2021-02-05,1,0,2021:1
"Khary, Abhi The Nomad",1,2024-07-04,2024-07-04,1,0,2024:1
Khati,1,2017-12-04,2017-12-04,1,0,2017:1
Khotin,1,2020-09-09,2020-09-09,1,0,2020:1
Khun Narin,1,2015-12-14,2015-12-14,1,0,2015:1
Kid Hastings,1,2021-02-05,2021-02-05,1,0,2021:1
Kid Ink,1,2014-12-30,2014-12-30,1,0,2014:1
Kid Kapichi,1,2026-05-31,2026-05-31,1,0,2026:1
Kid Massive,1,2014-12-11,2014-12-11,1,0,2014:1
Kid Rock,1,2025-03-30,2025-03-30,1,0,2025:1
Kiddus I,1,2022-04-08,2022-04-08,1,0,2022:1
Kiefer,1,2022-09-26,2022-09-26,1,0,2022:1
Kielinuppu,1,2022-04-23,2022-04-23,1,0,2022:1
Kiesza,1,2015-01-11,2015-01-11,1,0,2015:1
kieth dragon,1,2024-03-29,2024-03-29,1,0,2024:1
Kiid Spyro,1,2021-01-29,2021-01-29,1,0,2021:1
Kikagaku Moyo,1,2022-08-25,2022-08-25,1,0,2022:1
Kiki,1,2022-06-13,2022-06-13,1,0,2022:1
Kiki Hitomi,1,2017-04-07,2017-04-07,1,0,2017:1
Killer Mike,1,2024-07-10,2024-07-10,1,0,2024:1
"Killer Mike, 2 Chainz",1,2020-02-18,2020-02-18,1,0,2020:1
Killing Fields of Ontario,1,2013-01-16,2013-01-16,1,0,2013:1
Kiln,1,2012-12-20,2012-12-20,1,0,2012:1
Kim English,1,2012-08-28,2012-08-28,1,0,2012:1
Kim Larsen,1,2012-11-30,2012-11-30,1,0,2012:1
"Kimbra, BANKS",1,2024-07-17,2024-07-17,1,0,2024:1
Kinder Bloomen,1,2024-06-17,2024-06-17,1,0,2024:1
Kindercastle,1,2013-09-21,2013-09-21,1,0,2013:1
Kindness,1,2026-04-20,2026-04-20,1,0,2026:1
King Arthur,1,2017-04-13,2017-04-13,1,0,2017:1
King Britt,1,2009-10-17,2009-10-17,1,0,2009:1
King Cruff,1,2025-12-23,2025-12-23,1,0,2025:1
King Gnu,1,2019-08-23,2019-08-23,1,0,2019:1
King Isis,1,2024-07-13,2024-07-13,1,0,2024:1
King Kooba,1,2015-10-06,2015-10-06,1,0,2015:1
King Melodies,1,2013-01-16,2013-01-16,1,0,2013:1
King of Heck,1,2019-08-28,2019-08-28,1,0,2019:1
King Radio,1,2020-12-14,2020-12-14,1,0,2020:1
King Sis,1,2024-07-13,2024-07-13,1,0,2024:1
King Stitt,1,2022-04-09,2022-04-09,1,0,2022:1
King Tuff,1,2026-06-05,2026-06-05,1,0,2026:1
kinji00,1,2026-07-29,2026-07-29,1,0,2026:1
Kinkead,1,2020-11-11,2020-11-11,1,0,2020:1
"Kip Group, Atlantic Chill",1,2024-11-10,2024-11-10,1,0,2024:1
Kip Moore,1,2015-09-14,2015-09-14,1,0,2015:1
Kiriae Crucible,1,2025-10-13,2025-10-13,1,0,2025:1
KIRIKO,1,2017-05-23,2017-05-23,1,0,2017:1
Kislaw,1,2021-02-05,2021-02-05,1,0,2021:1
"Kito, AlunaGeorge",1,2020-04-03,2020-04-03,1,0,2020:1
Kitt,1,2022-06-08,2022-06-08,1,0,2022:1
Klangkarussell,1,2013-04-14,2013-04-14,1,0,2013:1
Klaudy,1,2024-02-21,2024-02-21,1,0,2024:1
Klaus Schulze,1,2013-05-16,2013-05-16,1,0,2013:1
Klavdia,1,2025-03-19,2025-03-19,1,0,2025:1
Kllo,1,2019-08-16,2019-08-16,1,0,2019:1
Klü,1,2021-07-31,2021-07-31,1,0,2021:1
"KNEECAP, Paul Hartnoll",1,2025-10-15,2025-10-15,1,0,2025:1
knowmadic,1,2019-09-18,2019-09-18,1,0,2019:1
Knox,1,2023-05-12,2023-05-12,1,0,2023:1
Knox Fortune,1,2020-11-02,2020-11-02,1,0,2020:1
Knox Hamilton,1,2015-08-24,2015-08-24,1,0,2015:1
Koan,1,2014-09-21,2014-09-21,1,0,2014:1
Koda,1,2019-06-13,2019-06-13,1,0,2019:1
Kodak Black,1,2018-01-04,2018-01-04,1,0,2018:1
Koffee,1,2019-07-21,2019-07-21,1,0,2019:1
"Koffee, Jane Macgizmo",1,2019-10-01,2019-10-01,1,0,2019:1
"Kofi Stone, Jacob Banks",1,2026-01-12,2026-01-12,1,0,2026:1
"Kofi Stone, Maverick Sabre",1,2026-01-12,2026-01-12,1,0,2026:1
"Kofi Stone, Max Pope",1,2026-01-12,2026-01-12,1,0,2026:1
"Kofi Stone, Tyler Daley",1,2026-01-12,2026-01-12,1,0,2026:1
Koi,1,2022-03-26,2022-03-26,1,0,2022:1
Kojey Radical,1,2026-07-06,2026-07-06,1,0,2026:1
Koko Taylor,1,2020-09-08,2020-09-08,1,0,2020:1
KOKOKO!,1,2020-12-09,2020-12-09,1,0,2020:1
Kola Kollective,1,2024-11-11,2024-11-11,1,0,2024:1
"Kompromat, Rebeka Warrior, Vitalic",1,2025-07-24,2025-07-24,1,0,2025:1
"KOMPROMAT, Rebeka Warrior, Vitalic, Vimala Pons",1,2025-07-24,2025-07-24,1,0,2025:1
Kondor,1,2013-07-14,2013-07-14,1,0,2013:1
KONGOS,1,2015-04-07,2015-04-07,1,0,2015:1
Konstantin Reymaier,1,2025-03-18,2025-03-18,1,0,2025:1
Koo Nimo,1,2013-06-29,2013-06-29,1,0,2013:1
Kopecky,1,2015-11-13,2015-11-13,1,0,2015:1
Kora,1,2021-03-27,2021-03-27,1,0,2021:1
Korallreven,1,2013-02-06,2013-02-06,1,0,2013:1
Korantemaa,1,2020-12-07,2020-12-07,1,0,2020:1
Kosheen,1,2012-07-29,2012-07-29,1,0,2012:1
Kosta Rodriguez,1,2013-01-20,2013-01-20,1,0,2013:1
Kotaro Saito,1,2019-08-23,2019-08-23,1,0,2019:1
kotik,1,2013-01-20,2013-01-20,1,0,2013:1
Kove,1,2017-11-23,2017-11-23,1,0,2017:1
Koza Mostra,1,2013-05-20,2013-05-20,1,0,2013:1
kreaem,1,2019-09-18,2019-09-18,1,0,2019:1
Kream,1,2019-06-28,2019-06-28,1,0,2019:1
KREVA,1,2019-08-23,2019-08-23,1,0,2019:1
Krezip,1,2012-11-10,2012-11-10,1,0,2012:1
Kris Kringle's,1,2020-12-24,2020-12-24,1,0,2020:1
"Kris Kristofferson, Alison Krauss, Reba McEntire, Lady A, Willie Nelson, Jon Randall, Larry Gatlin, Jessi Alexander, Jessi Colter, Jack Ingram, Buddy Miller, Martina McBride, Ryan Bingham, Lee Ann Womack, Jennifer Nettles, Rosanne Cash, Emmylou Harris, Rodney Crowell, Dierks Bentley & The Travelin' McCourys, Darius Rucker, Jamey Johnson, Hank Williams Jr., Eric Church, Shooter Jennings",1,2025-03-19,2025-03-19,1,0,2025:1
Kris Wu,1,2019-09-16,2019-09-16,1,0,2019:1
Kris Yute,1,2020-10-09,2020-10-09,1,0,2020:1
Kristen Bell & Santino Fontana,1,2020-03-19,2020-03-19,1,0,2020:1
Kristen Kelly,1,2015-09-14,2015-09-14,1,0,2015:1
Kristin Chenoweth,1,2021-12-24,2021-12-24,1,0,2021:1
Krono,1,2015-09-24,2015-09-24,1,0,2015:1
Kruder,1,2013-11-17,2013-11-17,1,0,2013:1
Kryder,1,2024-05-05,2024-05-05,1,0,2024:1
KRYPTOGRAM,1,2023-01-07,2023-01-07,1,0,2023:1
Ktlyn,1,2022-09-20,2022-09-20,1,0,2022:1
Kuba,1,2013-07-14,2013-07-14,1,0,2013:1
Kudu,1,2008-04-12,2008-04-12,1,0,2008:1
Kulhed & mataMAXa,1,2013-03-13,2013-03-13,1,0,2013:1
Kult Country,1,2015-04-20,2015-04-20,1,0,2015:1
Kundalini Yoga,1,2024-03-11,2024-03-11,1,0,2024:1
"Kungs, PNAU",1,2025-09-26,2025-09-26,1,0,2025:1
Kuningas Pähkinä & Setä Tamu,1,2024-04-24,2024-04-24,1,0,2024:1
Kuranes,1,2019-09-18,2019-09-18,1,0,2019:1
Kurd Maverick,1,2012-10-07,2012-10-07,1,0,2012:1
Kutiman,1,2017-10-27,2017-10-27,1,0,2017:1
Kuu,1,2025-04-15,2025-04-15,1,0,2025:1
Kučka,1,2026-01-26,2026-01-26,1,0,2026:1
Kwabs,1,2014-12-11,2014-12-11,1,0,2014:1
kx5,1,2024-05-05,2024-05-05,1,0,2024:1
Kyeremateng Atwede & The Kyeremateng Stars,1,2013-06-29,2013-06-29,1,0,2013:1
"Kygo, Conrad Sewell",1,2025-05-30,2025-05-30,1,0,2025:1
"Kygo, OneRepublic",1,2025-04-29,2025-04-29,1,0,2025:1
"Kygo, Parson James",1,2025-05-30,2025-05-30,1,0,2025:1
"Kygo, Whitney Houston",1,2025-05-23,2025-05-23,1,0,2025:1
"Kygo, Zara Larsson, Tyga",1,2020-03-27,2020-03-27,1,0,2020:1
"Kygo, Zoe Wees",1,2024-08-17,2024-08-17,1,0,2024:1
"Kyla La Grange, Kygo",1,2025-05-30,2025-05-30,1,0,2025:1
Kyle Alessandro,1,2025-06-13,2025-06-13,1,0,2025:1
Kyle Andrews,1,2013-08-27,2013-08-27,1,0,2013:1
Kyle Dixon,1,2017-06-13,2017-06-13,1,0,2017:1
Kyle Falconer,1,2021-01-29,2021-01-29,1,0,2021:1
Kyle Lux,1,2023-03-16,2023-03-16,1,0,2023:1
Kyle Watson,1,2017-11-27,2017-11-27,1,0,2017:1
"Kylie Cantrall, Alex Boniello, Disney",1,2025-12-13,2025-12-13,1,0,2025:1
"Kylie Cantrall, Freya Skye, Malia Baker, Malachi Barton, Joshua Colley, Mekonnen Knife, Dara Reneé",1,2025-07-23,2025-07-23,1,0,2025:1
"Kylie Minogue, Bebe Rexha, Tove Lo",1,2024-08-02,2024-08-02,1,0,2024:1
Kylie V,1,2023-01-27,2023-01-27,1,0,2023:1
Kymppilinja,1,2010-11-01,2010-11-01,1,0,2010:1
Kynsy,1,2021-01-17,2021-01-17,1,0,2021:1
"Kyo, Nuit Incolore",1,2025-11-25,2025-11-25,1,0,2025:1
Kyoto Jazz Massive,1,2015-10-06,2015-10-06,1,0,2015:1
Kyran Martin,1,2019-11-28,2019-11-28,1,0,2019:1
Kyung Wha Chung,1,2026-03-30,2026-03-30,1,0,2026:1
"Käärijä, Jeskiedes",1,2025-01-12,2025-01-12,1,0,2025:1
L Devine,1,2017-12-20,2017-12-20,1,0,2017:1
L'Esperanza,1,2012-07-15,2012-07-15,1,0,2012:1
"L'Héritage Goldman, Cephaz",1,2025-03-16,2025-03-16,1,0,2025:1
L'indice,1,2026-07-29,2026-07-29,1,0,2026:1
L'Orange,1,2026-02-03,2026-02-03,1,0,2026:1
L.A. Guns,1,2009-06-14,2009-06-14,1,0,2009:1
L.E.J,1,2025-12-02,2025-12-02,1,0,2025:1
La Belle Vie,1,2022-10-22,2022-10-22,1,0,2022:1
La Bionda,1,2026-06-05,2026-06-05,1,0,2026:1
La Bouche,1,2012-05-23,2012-05-23,1,0,2012:1
La Caina,1,2013-01-20,2013-01-20,1,0,2013:1
La Dispute,1,2025-12-13,2025-12-13,1,0,2025:1
"La Fine Equipe, Gaël Faye",1,2025-07-24,2025-07-24,1,0,2025:1
"La Fine Equipe, Grems, 20syl",1,2025-07-24,2025-07-24,1,0,2025:1
La Fuite,1,2026-07-29,2026-07-29,1,0,2026:1
La Garfield,1,2019-06-07,2019-06-07,1,0,2019:1
La Grande Dame,1,2025-07-24,2025-07-24,1,0,2025:1
"La Grande Dame, Bagarre",1,2025-07-24,2025-07-24,1,0,2025:1
La Gusana Ciega,1,2019-06-07,2019-06-07,1,0,2019:1
La Mano 1.9,1,2026-07-06,2026-07-06,1,0,2026:1
La Oreja de Van Gogh,1,2013-09-21,2013-09-21,1,0,2013:1
La Rosa,1,2023-10-22,2023-10-22,1,0,2023:1
La Rue Kétanou,1,2025-12-15,2025-12-15,1,0,2025:1
La Tata Moro,1,2017-12-04,2017-12-04,1,0,2017:1
Labradford,1,2024-11-04,2024-11-04,1,0,2024:1
Labrinth feat. Tinie Tempah,1,2013-01-06,2013-01-06,1,0,2013:1
Laci Kaye Booth,1,2025-11-12,2025-11-12,1,0,2025:1
lackhoney,1,2021-04-27,2021-04-27,1,0,2021:1
Lacuna Coil,1,2026-04-06,2026-04-06,1,0,2026:1
ladiesmile,1,2019-08-28,2019-08-28,1,0,2019:1
Lady,1,2015-12-14,2015-12-14,1,0,2015:1
Lady Blacktronika,1,2019-08-28,2019-08-28,1,0,2019:1
Lady Dan,1,2021-02-17,2021-02-17,1,0,2021:1
"Lady Gaga, Ariana Grande",1,2020-06-01,2020-06-01,1,0,2020:1
"Lady Gaga, BLACKPINK",1,2020-06-09,2020-06-09,1,0,2020:1
"Lady GaGa, Elton John",1,2020-06-09,2020-06-09,1,0,2020:1
Lady HD,1,2019-09-02,2019-09-02,1,0,2019:1
Lady Leshurr,1,2017-06-11,2017-06-11,1,0,2017:1
Ladyhawk,1,2012-07-21,2012-07-21,1,0,2012:1
Ladysmith Black Mambazo,1,2013-06-29,2013-06-29,1,0,2013:1
Lafawndah,1,2026-01-26,2026-01-26,1,0,2026:1
Lagos,1,2020-11-11,2020-11-11,1,0,2020:1
Laid Back,1,2015-12-07,2015-12-07,1,0,2015:1
Laidback,1,2015-04-10,2015-04-10,1,0,2015:1
Laine Hardy,1,2025-05-30,2025-05-30,1,0,2025:1
Lainey Wilson,1,2024-09-18,2024-09-18,1,0,2024:1
Lake Street Dive,1,2020-10-13,2020-10-13,1,0,2020:1
Lakecia Benjamin,1,2026-06-22,2026-06-22,1,0,2026:1
Lakis & Giannis Tselepidis,1,2009-10-31,2009-10-31,1,0,2009:1
Lal Meri,1,2013-01-21,2013-01-21,1,0,2013:1
"Lala &ce, Midas the Jagaban",1,2025-02-19,2025-02-19,1,0,2025:1
Lambchop,1,2019-05-13,2019-05-13,1,0,2019:1
Lambrini Girls,1,2025-01-22,2025-01-22,1,0,2025:1
Lana Lubany,1,2022-03-26,2022-03-26,1,0,2022:1
Lance Allen,1,2015-12-09,2015-12-09,1,0,2015:1
Lance Ferguson,1,2022-09-22,2022-09-22,1,0,2022:1
Lance Savali,1,2025-12-23,2025-12-23,1,0,2025:1
LANCO,1,2017-08-08,2017-08-08,1,0,2017:1
Land Observations,1,2015-12-11,2015-12-11,1,0,2015:1
Landless,1,2026-03-09,2026-03-09,1,0,2026:1
Landon Conrath,1,2021-02-05,2021-02-05,1,0,2021:1
Lang Lang,1,2017-06-14,2017-06-14,1,0,2017:1
Lani Rose,1,2020-12-19,2020-12-19,1,0,2020:1
Lanks,1,2019-07-24,2019-07-24,1,0,2019:1
Lankum,1,2026-03-25,2026-03-25,1,0,2026:1
Lannds,1,2023-02-12,2023-02-12,1,0,2023:1
Lanterns on the Lake,1,2014-01-16,2014-01-16,1,0,2014:1
Lao Ra,1,2026-02-14,2026-02-14,1,0,2026:1
LAPS,1,2017-09-01,2017-09-01,1,0,2017:1
Lara Fabian,1,2008-12-30,2008-12-30,1,0,2008:1
Large Professor,1,2019-09-18,2019-09-18,1,0,2019:1
Larrikin Love,1,2023-06-12,2023-06-12,1,0,2023:1
Larry Heard,1,2015-04-10,2015-04-10,1,0,2015:1
"Larry June, Cardo Got Wings",1,2025-05-30,2025-05-30,1,0,2025:1
Larry Marshall,1,2022-04-08,2022-04-08,1,0,2022:1
Lars Samuelson Orchestra,1,2025-07-16,2025-07-16,1,0,2025:1
Laser Background,1,2013-02-15,2013-02-15,1,0,2013:1
Lasgo,1,2025-03-14,2025-03-14,1,0,2025:1
Lasse Mårtenson,1,2020-12-17,2020-12-17,1,0,2020:1
Lasten Hautausmaa,1,2015-08-13,2015-08-13,1,0,2015:1
LASTLINGS,1,2026-08-28,2026-08-28,1,0,2026:1
Latto,1,2025-05-30,2025-05-30,1,0,2025:1
"Latto, GloRilla, Gangsta Boo",1,2024-07-19,2024-07-19,1,0,2024:1
Lau Nau,1,2013-04-07,2013-04-07,1,0,2013:1
Lauluyhtye A-Men,1,2023-12-02,2023-12-02,1,0,2023:1
Lauluyhtye Viisi,1,2012-12-01,2012-12-01,1,0,2012:1
Laura Alden,1,2025-06-14,2025-06-14,1,0,2025:1
Laura Branigan,1,2013-01-08,2013-01-08,1,0,2013:1
"Laura Cahen, Pi Ja Ma",1,2025-09-11,2025-09-11,1,0,2025:1
Laura Groves,1,2023-07-17,2023-07-17,1,0,2023:1
Laura Jean,1,2019-11-26,2019-11-26,1,0,2019:1
Laura Marano,1,2026-02-20,2026-02-20,1,0,2026:1
Laura Niquay,1,2025-11-05,2025-11-05,1,0,2025:1
Laura Närhi,1,2020-12-24,2020-12-24,1,0,2020:1
Laura Pausini,1,2026-05-09,2026-05-09,1,0,2026:1
Laura Roy,1,2023-01-16,2023-01-16,1,0,2023:1
Lauren Alaina,1,2026-09-06,2026-09-06,1,0,2026:1
"Lauren Jauregui, Tainy",1,2020-03-20,2020-03-20,1,0,2020:1
Lauren Mayberry,1,2024-12-27,2024-12-27,1,0,2024:1
"Lauren Spencer Smith, GAYLE, Em Beihold",1,2025-07-08,2025-07-08,1,0,2025:1
Lauren Watkins,1,2025-07-23,2025-07-23,1,0,2025:1
"Laurent Bardainne, Tigre d'Eau Douce, Bertrand Belin",1,2025-07-24,2025-07-24,1,0,2025:1
Laurent Perez Del Mar,1,2022-04-16,2022-04-16,1,0,2022:1
Laurie Robinson,1,2012-11-15,2012-11-15,1,0,2012:1
Lauryn Hill,1,2008-12-17,2008-12-17,1,0,2008:1
Lavina,1,2026-04-16,2026-04-16,1,0,2026:1
Lawrence Arabia,1,2019-06-06,2019-06-06,1,0,2019:1
Lawrence Rothman,1,2020-10-14,2020-10-14,1,0,2020:1
Lawsy,1,2022-09-20,2022-09-20,1,0,2022:1
"LAY, Lauv",1,2025-07-23,2025-07-23,1,0,2025:1
LaydeeJane,1,2012-07-15,2012-07-15,1,0,2012:1
Laye,1,2024-04-19,2024-04-19,1,0,2024:1
LayZi,1,2022-06-08,2022-06-08,1,0,2022:1
LAZER DIM 700,1,2024-07-13,2024-07-13,1,0,2024:1
Lazerhawk,1,2013-11-17,2013-11-17,1,0,2013:1
Lazlo Bane,1,2008-04-13,2008-04-13,1,0,2008:1
LCAW,1,2017-11-23,2017-11-23,1,0,2017:1
Le Belladone,1,2026-07-29,2026-07-29,1,0,2026:1
LE CHATELIER,1,2022-10-22,2022-10-22,1,0,2022:1
Le Garde,1,2014-12-11,2014-12-11,1,0,2014:1
Le Parody,1,2019-09-10,2019-09-10,1,0,2019:1
Le Ren,1,2020-10-21,2020-10-21,1,0,2020:1
Le Siren,1,2023-01-16,2023-01-16,1,0,2023:1
le.Panda,1,2026-07-29,2026-07-29,1,0,2026:1
Lea Michele,1,2026-07-09,2026-07-09,1,0,2026:1
League of Legends,1,2023-10-19,2023-10-19,1,0,2023:1
"League of Legends, NewJeans",1,2024-06-21,2024-06-21,1,0,2024:1
"Leagues, Thad Cockrell",1,2024-08-09,2024-08-09,1,0,2024:1
Leah Blevins,1,2020-12-29,2020-12-29,1,0,2020:1
Leah Sykes,1,2023-02-14,2023-02-14,1,0,2023:1
Leama,1,2012-05-27,2012-05-27,1,0,2012:1
leavv,1,2019-09-18,2019-09-18,1,0,2019:1
LeBuc,1,2021-04-05,2021-04-05,1,0,2021:1
Leclaire.,1,2026-08-28,2026-08-28,1,0,2026:1
"Lecrae, YK Osiris",1,2020-03-23,2020-03-23,1,0,2020:1
Lecx Stacy,1,2019-09-03,2019-09-03,1,0,2019:1
Ledisi,1,2010-12-24,2010-12-24,1,0,2010:1
Lee Fields,1,2013-09-21,2013-09-21,1,0,2013:1
Lee Moses,1,2017-10-22,2017-10-22,1,0,2017:1
Lee Rogers,1,2021-12-27,2021-12-27,1,0,2021:1
Leevi Madetoja,1,2021-12-24,2021-12-24,1,0,2021:1
Left Front Tire,1,2013-05-21,2013-05-21,1,0,2013:1
left.,1,2022-06-14,2022-06-14,1,0,2022:1
Legião Urbana,1,2015-04-01,2015-04-01,1,0,2015:1
Legwurk,1,2022-07-05,2022-07-05,1,0,2022:1
Leif Strand,1,2018-03-19,2018-03-19,1,0,2018:1
Leigh Davies,1,2025-04-09,2025-04-09,1,0,2025:1
Leigh-Anne,1,2025-07-18,2025-07-18,1,0,2025:1
Leighton Meester,1,2014-01-13,2014-01-13,1,0,2014:1
Leikeli47,1,2026-03-13,2026-03-13,1,0,2026:1
Leisure,1,2020-11-11,2020-11-11,1,0,2020:1
Leith,1,2022-06-13,2022-06-13,1,0,2022:1
Lekan Babalola,1,2007-03-08,2007-03-08,1,0,2007:1
Lelek,1,2026-04-15,2026-04-15,1,0,2026:1
Leléka,1,2026-04-16,2026-04-16,1,0,2026:1
LEMONADE BABY,1,2021-07-31,2021-07-31,1,0,2021:1
Lemondrop,1,2023-10-22,2023-10-22,1,0,2023:1
Lena Fayre,1,2015-03-23,2015-03-23,1,0,2015:1
Lena Philipsson,1,2012-10-19,2012-10-19,1,0,2012:1
Lene Marlin,1,2015-04-14,2015-04-14,1,0,2015:1
Lenno,1,2017-12-04,2017-12-04,1,0,2017:1
Lenny Kaye,1,2026-07-19,2026-07-19,1,0,2026:1
Lento,1,2013-01-20,2013-01-20,1,0,2013:1
Leo Brown,1,2024-03-29,2024-03-29,1,0,2024:1
Leo Kottke,1,2014-12-29,2014-12-29,1,0,2014:1
Leon Haywood,1,2010-04-08,2010-04-08,1,0,2010:1
Leon of Athens,1,2019-06-13,2019-06-13,1,0,2019:1
Leon Thomas,1,2025-08-14,2025-08-14,1,0,2025:1
Leon Thomas III,1,2026-01-30,2026-01-30,1,0,2026:1
Leon Vynehall,1,2014-11-20,2014-11-20,1,0,2014:1
Leonard Bernstein,1,2025-03-18,2025-03-18,1,0,2025:1
Lera Lynn,1,2020-08-12,2020-08-12,1,0,2020:1
Leron Thomas,1,2017-04-07,2017-04-07,1,0,2017:1
Leroy & Darnell,1,2008-11-09,2008-11-09,1,0,2008:1
Les clopes,1,2025-11-30,2025-11-30,1,0,2025:1
"Les Dix Commandements, Daniel Levi",1,2025-11-03,2025-11-03,1,0,2025:1
Les Thugs,1,2026-02-04,2026-02-04,1,0,2026:1
"Leslie Odom Jr., Lin-Manuel Miranda, Original Broadway Cast of Hamilton",1,2025-01-19,2025-01-19,1,0,2025:1
"Leslie Odom Jr., Original Broadway Cast of Hamilton",1,2025-01-19,2025-01-19,1,0,2025:1
Lester Sterling,1,2022-04-09,2022-04-09,1,0,2022:1
Lester Young,1,2017-09-18,2017-09-18,1,0,2017:1
Let 3,1,2024-02-19,2024-02-19,1,0,2024:1
Letherette,1,2015-08-18,2015-08-18,1,0,2015:1
LeToya,1,2009-01-07,2009-01-07,1,0,2009:1
Lev,1,2021-03-04,2021-03-04,1,0,2021:1
Levellers,1,2009-10-17,2009-10-17,1,0,2009:1
Lewsberg,1,2026-07-06,2026-07-06,1,0,2026:1
Lex Anton,1,2015-09-24,2015-09-24,1,0,2015:1
Lexjnr,1,2023-02-02,2023-02-02,1,0,2023:1
Leyton Lake,1,2020-12-24,2020-12-24,1,0,2020:1
LF System,1,2024-06-26,2024-06-26,1,0,2024:1
Lia Ices,1,2021-01-30,2021-01-30,1,0,2021:1
Liam Lynch,1,2015-09-03,2015-09-03,1,0,2015:1
Liana Flores,1,2024-04-30,2024-04-30,1,0,2024:1
Libby Whitehouse,1,2024-04-18,2024-04-18,1,0,2024:1
Libor Kolman,1,2019-11-28,2019-11-28,1,0,2019:1
Libra Orchestra,1,2014-09-21,2014-09-21,1,0,2014:1
Lieu,1,2021-02-15,2021-02-15,1,0,2021:1
Life,1,2020-12-09,2020-12-09,1,0,2020:1
LIFE IN SWEATPANTS,1,2021-01-01,2021-01-01,1,0,2021:1
Life of Agony,1,2009-12-24,2009-12-24,1,0,2009:1
Lifesavas,1,2015-04-10,2015-04-10,1,0,2015:1
Lifted,1,2021-01-04,2021-01-04,1,0,2021:1
Lightning Orchestra,1,2020-12-09,2020-12-09,1,0,2020:1
Like Swimming,1,2014-04-30,2014-04-30,1,0,2014:1
Likhan',1,2014-05-01,2014-05-01,1,0,2014:1
"Lil Baby, Future",1,2020-04-23,2020-04-23,1,0,2020:1
lil Darius,1,2023-01-16,2023-01-16,1,0,2023:1
"Lil Durk, J. Cole",1,2024-07-03,2024-07-03,1,0,2024:1
Lil Herb,1,2015-07-08,2015-07-08,1,0,2015:1
"Lil Loaded, King Von",1,2020-03-23,2020-03-23,1,0,2020:1
Lil Mosey,1,2020-04-07,2020-04-07,1,0,2020:1
Lil Pump,1,2018-01-04,2018-01-04,1,0,2018:1
Lil Seyi,1,2021-09-25,2021-09-25,1,0,2021:1
Lil Silva,1,2015-04-20,2015-04-20,1,0,2015:1
Lil Skate,1,2017-11-28,2017-11-28,1,0,2017:1
Lil Tecca,1,2025-05-30,2025-05-30,1,0,2025:1
Lil Tjay,1,2021-02-20,2021-02-20,1,0,2021:1
"Lil Uzi Vert, 21 Savage",1,2020-03-17,2020-03-17,1,0,2020:1
"Lil Uzi Vert, Chief Keef",1,2020-03-17,2020-03-17,1,0,2020:1
"Lil Uzi Vert, Future",1,2020-03-17,2020-03-17,1,0,2020:1
"Lil Uzi Vert, Gunna, Young Thug",1,2020-03-17,2020-03-17,1,0,2020:1
"Lil Uzi Vert, Lil Durk",1,2020-03-17,2020-03-17,1,0,2020:1
"Lil Uzi Vert, NAV",1,2020-03-17,2020-03-17,1,0,2020:1
"Lil Uzi Vert, Young Nudy",1,2020-03-17,2020-03-17,1,0,2020:1
"Lil Uzi Vert, Young Thug",1,2020-03-17,2020-03-17,1,0,2020:1
Lil Wayne,1,2020-04-23,2020-04-23,1,0,2020:1
Lil Xan,1,2018-01-04,2018-01-04,1,0,2018:1
Lil Xxel,1,2020-05-12,2020-05-12,1,0,2020:1
"Lil' Keke, Crys Wall",1,2025-06-24,2025-06-24,1,0,2025:1
Lil' Kim,1,2006-05-13,2006-05-13,1,0,2006:1
Lil' Tony,1,2017-02-19,2017-02-19,1,0,2017:1
"lilbubblegum, REI AMI",1,2024-07-04,2024-07-04,1,0,2024:1
Lill Lindfors,1,2025-07-16,2025-07-16,1,0,2025:1
Lilla Vargen,1,2019-09-05,2019-09-05,1,0,2019:1
Lilly Wood & The Prick And Robin Schulz,1,2025-05-30,2025-05-30,1,0,2025:1
Lily James,1,2020-03-04,2020-03-04,1,0,2020:1
Lily Kaplan,1,2021-12-03,2021-12-03,1,0,2021:1
Limalo,1,2015-12-11,2015-12-11,1,0,2015:1
"Limousine, Lucas Santtana",1,2025-09-11,2025-09-11,1,0,2025:1
Limón Limón,1,2021-10-27,2021-10-27,1,0,2021:1
"Lin-Manuel Miranda, Daveed Diggs, Okieriete Onaodowan, Leslie Odom Jr., Original Broadway Cast of Hamilton, Anthony Ramos",1,2025-01-05,2025-01-05,1,0,2025:1
"Lin-Manuel Miranda, Leslie Odom Jr., Original Broadway Cast of Hamilton",1,2025-01-19,2025-01-19,1,0,2025:1
"Lin-Manuel Miranda, Okieriete Onaodowan, Daveed Diggs, Original Broadway Cast of Hamilton, Anthony Ramos",1,2025-01-05,2025-01-05,1,0,2025:1
Linda Fredriksson,1,2022-08-03,2022-08-03,1,0,2022:1
Linda Olsson,1,2021-10-08,2021-10-08,1,0,2021:1
Lindsay Lou & the Flatbellys,1,2018-01-05,2018-01-05,1,0,2018:1
Lindsey Buckingham,1,2026-06-05,2026-06-05,1,0,2026:1
Lindstrøm,1,2026-09-02,2026-09-02,1,0,2026:1
LINION,1,2021-01-17,2021-01-17,1,0,2021:1
Linn Koch-Emmery,1,2024-03-11,2024-03-11,1,0,2024:1
Linnea Olsson,1,2017-06-11,2017-06-11,1,0,2017:1
Lionel Loueke,1,2015-08-17,2015-08-17,1,0,2015:1
LionLimb,1,2024-06-17,2024-06-17,1,0,2024:1
Liquid Audio,1,2015-12-02,2015-12-02,1,0,2015:1
Liquid Lounge vs. Jazzanova,1,2007-02-23,2007-02-23,1,0,2007:1
Liquid Soul,1,2026-07-19,2026-07-19,1,0,2026:1
Liquid Stranger,1,2017-11-27,2017-11-27,1,0,2017:1
Lisa,1,2023-09-05,2023-09-05,1,0,2023:1
Lisa Alma,1,2014-06-03,2014-06-03,1,0,2014:1
Lisa Stansfield,1,2007-10-02,2007-10-02,1,0,2007:1
"Lisa, Doja Cat, raye",1,2025-02-23,2025-02-23,1,0,2025:1
Lisel,1,2023-01-16,2023-01-16,1,0,2023:1
Listenbee,1,2015-09-24,2015-09-24,1,0,2015:1
Lita Ford,1,2026-05-09,2026-05-09,1,0,2026:1
Lithe,1,2025-12-01,2025-12-01,1,0,2025:1
Little Comets,1,2015-11-13,2015-11-13,1,0,2015:1
Little Giants,1,2015-09-24,2015-09-24,1,0,2015:1
Little Image,1,2023-05-12,2023-05-12,1,0,2023:1
Little Joy,1,2012-05-31,2012-05-31,1,0,2012:1
"Little Simz, Lydia Kitto",1,2025-08-12,2025-08-12,1,0,2025:1
Liush,1,2021-01-17,2021-01-17,1,0,2021:1
Liv Miraldi,1,2024-03-29,2024-03-29,1,0,2024:1
Live Lounge Allstars,1,2020-12-30,2020-12-30,1,0,2020:1
Liverpool,1,2017-06-13,2017-06-13,1,0,2017:1
Living Hour,1,2022-06-08,2022-06-08,1,0,2022:1
"Living Room, Adrian Planitz",1,2024-11-10,2024-11-10,1,0,2024:1
"Living Room, Max Merseny",1,2024-11-11,2024-11-11,1,0,2024:1
Livingston,1,2024-04-04,2024-04-04,1,0,2024:1
Liz Rose,1,2019-05-07,2019-05-07,1,0,2019:1
Lizot,1,2024-06-26,2024-06-26,1,0,2024:1
Lizzie Esau,1,2023-01-27,2023-01-27,1,0,2023:1
Lizzie No,1,2020-12-19,2020-12-19,1,0,2020:1
LL Burns,1,2021-03-01,2021-03-01,1,0,2021:1
LL Cool J,1,2006-09-18,2006-09-18,1,0,2006:1
Lloyd Charmers,1,2022-04-09,2022-04-09,1,0,2022:1
lloyd Paul,1,2022-09-26,2022-09-26,1,0,2022:1
Llunr,1,2022-02-15,2022-02-15,1,0,2022:1
"LMNT 115, Zak Abel",1,2025-07-22,2025-07-22,1,0,2025:1
Lnrdcroy,1,2015-12-11,2015-12-11,1,0,2015:1
Lo,1,2021-02-21,2021-02-21,1,0,2021:1
Lo Air,1,2017-11-23,2017-11-23,1,0,2017:1
Lo-Fi-Fnk,1,2013-09-21,2013-09-21,1,0,2013:1
Local H,1,2020-10-03,2020-10-03,1,0,2020:1
LocalBlac,1,2021-01-04,2021-01-04,1,0,2021:1
Loch Lomond,1,2015-03-23,2015-03-23,1,0,2015:1
loe4t,1,2021-11-13,2021-11-13,1,0,2021:1
Logic1000,1,2022-04-02,2022-04-02,1,0,2022:1
"Logic1000, DJ Plead, MJ Nebreda",1,2024-08-08,2024-08-08,1,0,2024:1
Logo,1,2014-09-21,2014-09-21,1,0,2014:1
LOL Boys,1,2013-07-14,2013-07-14,1,0,2013:1
Lola Kirke,1,2020-12-31,2020-12-31,1,0,2020:1
Lolo Zouaï,1,2025-09-08,2025-09-08,1,0,2025:1
London Baroque,1,2010-10-31,2010-10-31,1,0,2010:1
"London Philharmonic Orchestra, Bernard Haitink",1,2025-07-28,2025-07-28,1,0,2025:1
Lonely Drifter Karen,1,2013-01-22,2013-01-22,1,0,2013:1
Lonely The Brave,1,2015-04-07,2015-04-07,1,0,2015:1
Lonepsi,1,2025-09-08,2025-09-08,1,0,2025:1
Loney Dear,1,2017-10-24,2017-10-24,1,0,2017:1
Lonnie Holley,1,2025-06-02,2025-06-02,1,0,2025:1
Lonnie Liston Smith,1,2015-12-16,2015-12-16,1,0,2015:1
Lonnie Smith,1,2015-12-14,2015-12-14,1,0,2015:1
LONR.,1,2020-07-29,2020-07-29,1,0,2020:1
LOOK MUM NO COMPUTER,1,2026-04-16,2026-04-16,1,0,2026:1
Look Twice,1,2012-10-26,2012-10-26,1,0,2012:1
Loop Guru,1,2026-03-02,2026-03-02,1,0,2026:1
Loose Fit,1,2012-07-20,2012-07-20,1,0,2012:1
Lopen Lapsi,1,2021-08-09,2021-08-09,1,0,2021:1
Loraine James,1,2020-09-29,2020-09-29,1,0,2020:1
"Lord Huron, Kristen Stewart",1,2025-05-28,2025-05-28,1,0,2025:1
Lords of Acid,1,2009-10-17,2009-10-17,1,0,2009:1
Lords Of Fusion,1,2013-06-29,2013-06-29,1,0,2013:1
Lore,1,2024-02-20,2024-02-20,1,0,2024:1
Lorentz,1,2015-08-13,2015-08-13,1,0,2015:1
Lorentz & M.Sakarias,1,2009-07-14,2009-07-14,1,0,2009:1
Lorenz Büffel,1,2017-10-25,2017-10-25,1,0,2017:1
"Lorie, Leslie Medina",1,2024-11-09,2024-11-09,1,0,2024:1
"Lorie, RORI",1,2024-11-09,2024-11-09,1,0,2024:1
Lorna Shore,1,2025-09-26,2025-09-26,1,0,2025:1
Loryn,1,2019-11-26,2019-11-26,1,0,2019:1
Los Bitchos,1,2026-04-08,2026-04-08,1,0,2026:1
Los Campesinos!,1,2013-04-25,2013-04-25,1,0,2013:1
Los Rabanes,1,2007-10-28,2007-10-28,1,0,2007:1
Los Románticos de Sicay,1,2024-07-13,2024-07-13,1,0,2024:1
Los Yungas,1,2024-07-13,2024-07-13,1,0,2024:1
Loscil,1,2026-06-03,2026-06-03,1,0,2026:1
"Lost Frequencies, Calum Scott",1,2025-03-23,2025-03-23,1,0,2025:1
Lost in the Trees,1,2014-01-16,2014-01-16,1,0,2014:1
Lost Kings,1,2019-06-28,2019-06-28,1,0,2019:1
Lostboycrow,1,2019-08-13,2019-08-13,1,0,2019:1
Lotte Gallagher,1,2023-10-21,2023-10-21,1,0,2023:1
Lou Bega,1,2015-04-14,2015-04-14,1,0,2015:1
Lou Donaldson,1,2010-09-28,2010-09-28,1,0,2010:1
Lou Rhodes,1,2012-07-29,2012-07-29,1,0,2012:1
"Louane, Clean Bandit",1,2025-10-20,2025-10-20,1,0,2025:1
"Louane, Julien Doré",1,2025-12-04,2025-12-04,1,0,2025:1
"Louane, mlbacard¡",1,2025-10-20,2025-10-20,1,0,2025:1
Loud Luxury,1,2017-11-27,2017-11-27,1,0,2017:1
Louie Louie!,1,2020-10-20,2020-10-20,1,0,2020:1
Louien,1,2024-03-11,2024-03-11,1,0,2024:1
Louis Berry,1,2017-08-12,2017-08-12,1,0,2017:1
Louis Cole,1,2022-12-11,2022-12-11,1,0,2022:1
Louis Futon,1,2014-11-19,2014-11-19,1,0,2014:1
Louis Garcia,1,2013-02-16,2013-02-16,1,0,2013:1
Louis Sclavis,1,2019-08-29,2019-08-29,1,0,2019:1
Louis XIV,1,2008-12-30,2008-12-30,1,0,2008:1
Lounge Deluxe,1,2013-02-16,2013-02-16,1,0,2013:1
Lounge Jazz Bar Deluxe,1,2022-04-14,2022-04-14,1,0,2022:1
Lounge Music Café,1,2021-04-05,2021-04-05,1,0,2021:1
Lourdiz,1,2020-10-09,2020-10-09,1,0,2020:1
Loure,1,2021-12-29,2021-12-29,1,0,2021:1
Lous and The Yakuza,1,2022-12-29,2022-12-29,1,0,2022:1
"Love Apple, Lou Ragland",1,2025-12-17,2025-12-17,1,0,2025:1
Love Assassins,1,2013-03-21,2013-03-21,1,0,2013:1
Love Level,1,2020-07-16,2020-07-16,1,0,2020:1
Love of Lesbian,1,2012-04-28,2012-04-28,1,0,2012:1
Love Spells,1,2023-01-16,2023-01-16,1,0,2023:1
Love Supreme,1,2019-11-26,2019-11-26,1,0,2019:1
Lovebugs,1,2012-05-07,2012-05-07,1,0,2012:1
Lovetronic,1,2013-11-18,2013-11-18,1,0,2013:1
LOVING,1,2019-11-26,2019-11-26,1,0,2019:1
Low,1,2026-07-16,2026-07-16,1,0,2026:1
Low Girl,1,2024-04-18,2024-04-18,1,0,2024:1
Lowgo,1,2020-12-07,2020-12-07,1,0,2020:1
Lowlife,1,2020-12-07,2020-12-07,1,0,2020:1
Loyal Lobos,1,2019-10-01,2019-10-01,1,0,2019:1
LPW,1,2020-11-19,2020-11-19,1,0,2020:1
LTGTR,1,2021-04-25,2021-04-25,1,0,2021:1
Lu.Re,1,2026-03-13,2026-03-13,1,0,2026:1
Lubiana,1,2024-07-17,2024-07-17,1,0,2024:1
Luby Sparks,1,2024-04-30,2024-04-30,1,0,2024:1
Luca George,1,2021-05-05,2021-05-05,1,0,2021:1
Lucenzo,1,2015-08-27,2015-08-27,1,0,2015:1
Lucia,1,2013-05-21,2013-05-21,1,0,2013:1
Luciano Pavarotti,1,2024-11-23,2024-11-23,1,0,2024:1
Lucki,1,2023-08-21,2023-08-21,1,0,2023:1
Lucky Boys Confusion,1,2013-03-20,2013-03-20,1,0,2013:1
lucky socks,1,2024-04-18,2024-04-18,1,0,2024:1
Lucy Liu and Julie Dreyfus,1,2010-11-21,2010-11-21,1,0,2010:1
Lucy McWilliams,1,2020-07-30,2020-07-30,1,0,2020:1
Lucy Park,1,2020-12-07,2020-12-07,1,0,2020:1
Lucy Spraggan,1,2015-01-11,2015-01-11,1,0,2015:1
Lucy Tun,1,2023-02-04,2023-02-04,1,0,2023:1
Lucy Wainwright Roche,1,2021-08-22,2021-08-22,1,0,2021:1
"Ludacris, Mary J. Blige",1,2024-09-03,2024-09-03,1,0,2024:1
Ludivine Issambourg,1,2022-10-06,2022-10-06,1,0,2022:1
LUDMILLA,1,2017-06-27,2017-06-27,1,0,2017:1
"Ludovico Einaudi, Daniel Hope, I Virtuosi Italiani",1,2025-02-23,2025-02-23,1,0,2025:1
Ludwig van Beethoven,1,2011-06-11,2011-06-11,1,0,2011:1
"Luh Tyler, Rob49",1,2025-05-30,2025-05-30,1,0,2025:1
"Luhh Dyl, Veeze",1,2025-12-01,2025-12-01,1,0,2025:1
LUI HILL,1,2020-11-11,2020-11-11,1,0,2020:1
"Luis Fonsi, Omar Montes",1,2024-07-01,2024-07-01,1,0,2024:1
Luiz Melodia,1,2017-06-18,2017-06-18,1,0,2017:1
Luka Kuplowsky,1,2026-02-02,2026-02-02,1,0,2026:1
Lukas Nelson & Promise of the Real,1,2017-10-17,2017-10-17,1,0,2017:1
Luke Marzec,1,2019-06-24,2019-06-24,1,0,2019:1
Lukid,1,2015-08-18,2015-08-18,1,0,2015:1
Lulu Simon,1,2020-12-02,2020-12-02,1,0,2020:1
Lume,1,2019-11-27,2019-11-27,1,0,2019:1
Luna Li,1,2020-12-19,2020-12-19,1,0,2020:1
Lunar Vacation,1,2024-07-13,2024-07-13,1,0,2024:1
Lunchmoney,1,2019-09-18,2019-09-18,1,0,2019:1
Lund,1,2024-11-11,2024-11-11,1,0,2024:1
Luno Ruchi,1,2022-10-22,2022-10-22,1,0,2022:1
Lupita Infante,1,2019-10-01,2019-10-01,1,0,2019:1
Lura,1,2013-06-29,2013-06-29,1,0,2013:1
Luray,1,2015-11-25,2015-11-25,1,0,2015:1
Lusts,1,2015-12-16,2015-12-16,1,0,2015:1
Luwten,1,2019-06-24,2019-06-24,1,0,2019:1
"Luê, Felipe Cordeiro, Júnior Soares",1,2024-07-14,2024-07-14,1,0,2024:1
Lydia von Hof,1,2026-01-20,2026-01-20,1,0,2026:1
Lylos,1,2021-06-22,2021-06-22,1,0,2021:1
Lymbyc Systym,1,2015-12-11,2015-12-11,1,0,2015:1
Lynda,1,2025-11-24,2025-11-24,1,0,2025:1
Lynda Dawn,1,2026-06-05,2026-06-05,1,0,2026:1
Lynnea M,1,2023-02-04,2023-02-04,1,0,2023:1
Lyra Pramuk,1,2021-01-21,2021-01-21,1,0,2021:1
Lyyli Wartiovaara-Kallioniemi,1,2021-12-24,2021-12-24,1,0,2021:1
LYZZA,1,2019-08-28,2019-08-28,1,0,2019:1
Léonie Deval,1,2019-11-28,2019-11-28,1,0,2019:1
LØC,1,2021-03-06,2021-03-06,1,0,2021:1
M People,1,2022-04-26,2022-04-26,1,0,2022:1
M People;Michaela Chiavarini;Robin Anderson;Mike Parlet;John 'Bay Boy' Noyce,1,2012-08-28,2012-08-28,1,0,2012:1
M-Seven,1,2012-12-20,2012-12-20,1,0,2012:1
M. Byrd,1,2021-10-20,2021-10-20,1,0,2021:1
M. Geddes Gengras,1,2026-02-01,2026-02-01,1,0,2026:1
"M. Pokora, TAL",1,2025-12-02,2025-12-02,1,0,2025:1
M.A.G.S.,1,2021-01-01,2021-01-01,1,0,2021:1
M.I.L.K.,1,2019-09-09,2019-09-09,1,0,2019:1
"M.O.P., Busta Rhymes, Teflon, Remi Martin",1,2020-04-23,2020-04-23,1,0,2020:1
M83 vs. Eric Prydz vs. Calvin Harris vs. Daft Punk,1,2012-11-23,2012-11-23,1,0,2012:1
Maarit,1,2013-12-06,2013-12-06,1,0,2013:1
Mac Beez,1,2017-05-22,2017-05-22,1,0,2017:1
Machine Gun Kelly,1,2022-07-08,2022-07-08,1,0,2022:1
Mackenzie,1,2025-07-12,2025-07-12,1,0,2025:1
Mackenzie Arromba,1,2024-03-29,2024-03-29,1,0,2024:1
"Macklemore, Collett",1,2025-03-04,2025-03-04,1,0,2025:1
"Macklemore, Ryan Lewis, Macklemore & Ryan Lewis",1,2025-01-17,2025-01-17,1,0,2025:1
"Macklemore, Ryan Lewis, Wanz, Macklemore & Ryan Lewis",1,2025-01-17,2025-01-17,1,0,2025:1
"Macklemore, Sarah Barthel of Phantogram",1,2025-03-04,2025-03-04,1,0,2025:1
"Macklemore, Tones and I",1,2025-03-04,2025-03-04,1,0,2025:1
"Macklemore, Windser",1,2025-03-04,2025-03-04,1,0,2025:1
"Mad Honey, Another Taste",1,2024-07-11,2024-07-11,1,0,2024:1
Mad Q,1,2017-11-28,2017-11-28,1,0,2017:1
"Madcon, Ray Dalton",1,2025-04-02,2025-04-02,1,0,2025:1
Madden,1,2017-04-18,2017-04-18,1,0,2017:1
Made in M,1,2021-07-12,2021-07-12,1,0,2021:1
Madeleine Peyroux,1,2021-11-20,2021-11-20,1,0,2021:1
Madeline,1,2022-02-15,2022-02-15,1,0,2022:1
Madeline Edwards,1,2022-06-08,2022-06-08,1,0,2022:1
Madilyn Bailey,1,2020-12-30,2020-12-30,1,0,2020:1
Madism,1,2023-06-20,2023-06-20,1,0,2023:1
Madison Olds,1,2020-07-16,2020-07-16,1,0,2020:1
Madrid De Los Austrias,1,2013-02-16,2013-02-16,1,0,2013:1
Mads Arp,1,2012-05-27,2012-05-27,1,0,2012:1
Mads Langer,1,2013-04-14,2013-04-14,1,0,2013:1
Mae Stephens,1,2024-07-16,2024-07-16,1,0,2024:1
Maeliah,1,2025-02-19,2025-02-19,1,0,2025:1
Maestro & Cabal,1,2013-02-16,2013-02-16,1,0,2013:1
Maeta,1,2020-10-03,2020-10-03,1,0,2020:1
Magdalena Chovancova,1,2013-02-16,2013-02-16,1,0,2013:1
"Magenta Club, Lola Le Lann",1,2025-07-24,2025-07-24,1,0,2025:1
Maggie Lindemann,1,2017-12-20,2017-12-20,1,0,2017:1
Maggie Miles,1,2023-03-16,2023-03-16,1,0,2023:1
"Maggie Rogers, Sylvan Esso",1,2025-11-26,2025-11-26,1,0,2025:1
Magic System,1,2013-06-29,2013-06-29,1,0,2013:1
Magnificent Little Creature,1,2018-03-19,2018-03-19,1,0,2018:1
Magnolia Electric Co.,1,2026-06-05,2026-06-05,1,0,2026:1
Magnolia Park,1,2022-10-02,2022-10-02,1,0,2022:1
Magnus Bokn,1,2021-10-03,2021-10-03,1,0,2021:1
Magnus Carlsson,1,2009-06-29,2009-06-29,1,0,2009:1
Magnus Ringblom Quartet,1,2019-08-30,2019-08-30,1,0,2019:1
Magon,1,2021-01-16,2021-01-16,1,0,2021:1
Maguire,1,2019-11-26,2019-11-26,1,0,2019:1
Mahmut Orhan,1,2026-08-28,2026-08-28,1,0,2026:1
Maiah Manser,1,2023-10-21,2023-10-21,1,0,2023:1
Maiara & Maraisa,1,2017-06-27,2017-06-27,1,0,2017:1
Maija Hapuoja ja lapset,1,2021-03-31,2021-03-31,1,0,2021:1
Maik Kuefer,1,2019-11-28,2019-11-28,1,0,2019:1
Mairo,1,2026-02-03,2026-02-03,1,0,2026:1
Maison & Dragen,1,2022-04-18,2022-04-18,1,0,2022:1
Maitre Gims,1,2014-01-12,2014-01-12,1,0,2014:1
Maiya The Don,1,2025-12-31,2025-12-31,1,0,2025:1
Maja Alma Lindgren,1,2022-04-16,2022-04-16,1,0,2022:1
Major Boys,1,2013-11-19,2013-11-19,1,0,2013:1
Major Lance,1,2015-11-18,2015-11-18,1,0,2015:1
MAJOR NOISE,1,2020-12-07,2020-12-07,1,0,2020:1
Majority V,1,2024-08-17,2024-08-17,1,0,2024:1
Mak Ro,1,2023-07-27,2023-07-27,1,0,2023:1
Maker,1,2013-03-13,2013-03-13,1,0,2013:1
Makhyli,1,2025-07-22,2025-07-22,1,0,2025:1
Malcolm McLaren,1,2010-04-08,2010-04-08,1,0,2010:1
Malena,1,2012-08-27,2012-08-27,1,0,2012:1
Malena Zavala,1,2019-11-26,2019-11-26,1,0,2019:1
"Malia Baker, Morgan Dudley, Disney",1,2025-11-30,2025-11-30,1,0,2025:1
Malika Tirolien,1,2021-01-29,2021-01-29,1,0,2021:1
Malikah,1,2012-04-08,2012-04-08,1,0,2012:1
Malinga Five,1,2007-03-08,2007-03-08,1,0,2007:1
Mallory Knox,1,2017-02-23,2017-02-23,1,0,2017:1
Mama Cass,1,2009-12-12,2009-12-12,1,0,2009:1
Man Dingo,1,2009-06-14,2009-06-14,1,0,2009:1
MAN WITH A MISSION,1,2026-04-06,2026-04-06,1,0,2026:1
Manau,1,2025-11-24,2025-11-24,1,0,2025:1
Mandelbro,1,2024-02-22,2024-02-22,1,0,2024:1
Maneka,1,2019-08-29,2019-08-29,1,0,2019:1
Manja And The Maytrons,1,2015-12-16,2015-12-16,1,0,2015:1
Manna,1,2013-02-06,2013-02-06,1,0,2013:1
Mannywellz,1,2023-01-27,2023-01-27,1,0,2023:1
Mano Negra,1,2025-12-15,2025-12-15,1,0,2025:1
Mansun,1,2017-05-03,2017-05-03,1,0,2017:1
Manto Watanobe,1,2022-04-16,2022-04-16,1,0,2022:1
"Manu Chao, Calypso Rose",1,2024-12-30,2024-12-30,1,0,2024:1
"Manu Chao, Demayä",1,2025-12-15,2025-12-15,1,0,2025:1
"Manu Chao, Mariano Mellino",1,2025-12-15,2025-12-15,1,0,2025:1
Manuel Tur,1,2012-05-31,2012-05-31,1,0,2012:1
Manuel Tur & Dplay,1,2013-02-06,2013-02-06,1,0,2013:1
Many Moons Ago,1,2018-03-19,2018-03-19,1,0,2018:1
Maná,1,2017-07-31,2017-07-31,1,0,2017:1
Mao Mak Featuring Funky C,1,2013-02-16,2013-02-16,1,0,2013:1
Mapei,1,2015-04-07,2015-04-07,1,0,2015:1
Maple & Rye,1,2017-12-27,2017-12-27,1,0,2017:1
"Marc Lavoine, MADIMMI",1,2025-03-11,2025-03-11,1,0,2025:1
Marc Moulin,1,2012-05-03,2012-05-03,1,0,2012:1
Marc Ribot Y Los Cubanos Postizos,1,2012-05-07,2012-05-07,1,0,2012:1
Marcell,1,2019-08-29,2019-08-29,1,0,2019:1
Marci,1,2022-08-25,2022-08-25,1,0,2022:1
MarCielo,1,2012-07-15,2012-07-15,1,0,2012:1
Marcin Przybyłowicz,1,2022-04-18,2022-04-18,1,0,2022:1
Marcio Local,1,2012-07-12,2012-07-12,1,0,2012:1
Marco Beltrami,1,2015-11-30,2015-11-30,1,0,2015:1
"Marco Plus, Chris Patrick",1,2025-12-30,2025-12-30,1,0,2025:1
Marconi Notaro,1,2017-06-13,2017-06-13,1,0,2017:1
Marcos & Belutti,1,2017-06-13,2017-06-13,1,0,2017:1
"Marcus & Martinus, Chris El Greco",1,2024-11-09,2024-11-09,1,0,2024:1
Marcus Cito,1,2020-07-16,2020-07-16,1,0,2020:1
Marcus D,1,2019-09-18,2019-09-18,1,0,2019:1
Marcus Intalex,1,2017-11-23,2017-11-23,1,0,2017:1
"Marcus King, The Marcus King Band",1,2025-11-12,2025-11-12,1,0,2025:1
Marcus Larsen,1,2021-01-30,2021-01-30,1,0,2021:1
Marcus Layton,1,2015-09-24,2015-09-24,1,0,2015:1
Marcus Mumford,1,2023-07-24,2023-07-24,1,0,2023:1
Maree Docia,1,2018-03-19,2018-03-19,1,0,2018:1
Marek Hemmann,1,2014-12-29,2014-12-29,1,0,2014:1
"Maren Morris, Julia Michaels",1,2024-06-25,2024-06-25,1,0,2024:1
Margo Cilker,1,2026-04-08,2026-04-08,1,0,2026:1
"Margo Price, Tyler Childers",1,2025-09-26,2025-09-26,1,0,2025:1
Maria Cecília & Rodolfo,1,2013-11-26,2013-11-26,1,0,2013:1
Maria Celin Strisland,1,2021-10-03,2021-10-03,1,0,2021:1
Maria Luiza Jobim,1,2024-07-14,2024-07-14,1,0,2024:1
Maria Lund,1,2023-12-24,2023-12-24,1,0,2023:1
Maria Marble,1,2019-11-28,2019-11-28,1,0,2019:1
Maria Petra,1,2023-09-28,2023-09-28,1,0,2023:1
Maria Sur,1,2024-04-18,2024-04-18,1,0,2024:1
mariagrep,1,2022-01-04,2022-01-04,1,0,2022:1
"Mariah Carey, Anderson .Paak",1,2025-10-13,2025-10-13,1,0,2025:1
"Mariah Carey, Busta Rhymes, Redman, Method Man",1,2025-07-21,2025-07-21,1,0,2025:1
"Mariah, Arcángel, Darell",1,2019-10-01,2019-10-01,1,0,2019:1
Marianne Faithfull,1,2020-08-28,2020-08-28,1,0,2020:1
"Maribou State, Holly Walker",1,2025-02-07,2025-02-07,1,0,2025:1
"Mariboy Mula Mar, Big Steff, Chicken P",1,2025-12-01,2025-12-01,1,0,2025:1
Marie Claudel,1,2026-07-29,2026-07-29,1,0,2026:1
Marie Key,1,2022-02-27,2022-02-27,1,0,2022:1
Marie-Flore,1,2025-02-13,2025-02-13,1,0,2025:1
Mariee Sioux,1,2014-12-07,2014-12-07,1,0,2014:1
Marielle Kraft,1,2024-04-19,2024-04-19,1,0,2024:1
"Mariline, AZINZA",1,2024-08-17,2024-08-17,1,0,2024:1
Marilyn Monroe,1,2006-09-14,2006-09-14,1,0,2006:1
Marina Satti,1,2024-05-12,2024-05-12,1,0,2024:1
Mario Basanov,1,2015-04-10,2015-04-10,1,0,2015:1
Mario Borrelli,1,2021-12-26,2021-12-26,1,0,2021:1
Mario Puglia,1,2020-12-07,2020-12-07,1,0,2020:1
Mark de Clive-Lowe,1,2015-08-17,2015-08-17,1,0,2015:1
Mark Edwards,1,2015-09-28,2015-09-28,1,0,2015:1
Mark Knopfler,1,2013-01-20,2013-01-20,1,0,2013:1
Mark McGuire,1,2015-12-11,2015-12-11,1,0,2015:1
Mark Otten,1,2012-11-28,2012-11-28,1,0,2012:1
Mark Petrie,1,2017-09-29,2017-09-29,1,0,2017:1
Mark Ronson & Katy B,1,2012-07-13,2012-07-13,1,0,2012:1
"Mark Ronson, Bruno Mars",1,2025-03-27,2025-03-27,1,0,2025:1
Mark Souzek,1,2019-11-28,2019-11-28,1,0,2019:1
Mark William Lewis,1,2026-03-23,2026-03-23,1,0,2026:1
Marketa Irglova,1,2014-09-26,2014-09-26,1,0,2014:1
Markku Aro,1,2012-12-01,2012-12-01,1,0,2012:1
Marko Bošnjak,1,2025-05-19,2025-05-19,1,0,2025:1
Markus Backman,1,2022-04-23,2022-04-23,1,0,2022:1
Markus Schulz,1,2012-11-28,2012-11-28,1,0,2012:1
Marky Mark and the Funky Bunch,1,2013-08-21,2013-08-21,1,0,2013:1
Marlhy,1,2023-01-16,2023-01-16,1,0,2023:1
Marli Decarvae,1,2021-12-26,2021-12-26,1,0,2021:1
Marlon Funaki,1,2024-06-17,2024-06-17,1,0,2024:1
Maro,1,2021-04-27,2021-04-27,1,0,2021:1
Maroon 5 feat. Christina Aguilera,1,2025-06-06,2025-06-06,1,0,2025:1
Mars Today,1,2019-09-05,2019-09-05,1,0,2019:1
Marsh,1,2017-12-04,2017-12-04,1,0,2017:1
"Marshmello, Anne-Marie",1,2025-06-07,2025-06-07,1,0,2025:1
"Marshmello, Kane Brown",1,2025-05-16,2025-05-16,1,0,2025:1
"Marshmello, Sabrina Claudio",1,2024-06-25,2024-06-25,1,0,2024:1
Marten Lou,1,2026-08-28,2026-08-28,1,0,2026:1
Martha and the Vandellas,1,2017-05-02,2017-05-02,1,0,2017:1
Martha Da'ro,1,2020-07-16,2020-07-16,1,0,2020:1
"Martin Garrix, Jex",1,2025-05-16,2025-05-16,1,0,2025:1
"Martin Garrix, Lauv",1,2025-07-23,2025-07-23,1,0,2025:1
"MARTIN GARRIX, USHER",1,2025-04-02,2025-04-02,1,0,2025:1
Martin Leung,1,2013-02-17,2013-02-17,1,0,2013:1
Martin Luminet,1,2025-02-14,2025-02-14,1,0,2025:1
Martin O'Donnell,1,2022-04-18,2022-04-18,1,0,2022:1
Martin Phipps,1,2017-06-13,2017-06-13,1,0,2017:1
"Martin Solveig, ALMA",1,2025-07-16,2025-07-16,1,0,2025:1
"Martin Solveig, Ina Wroldsen",1,2025-07-16,2025-07-16,1,0,2025:1
Martox,1,2025-07-09,2025-07-09,1,0,2025:1
Martti Suosalo,1,2020-10-14,2020-10-14,1,0,2020:1
Martti Syrjäniemi,1,2021-12-24,2021-12-24,1,0,2021:1
Martti Turunen,1,2021-12-24,2021-12-24,1,0,2021:1
Martyn,1,2015-08-18,2015-08-18,1,0,2015:1
MARU MARMELLO,1,2019-08-23,2019-08-23,1,0,2019:1
"Mary J. Blige, Fabolous",1,2024-08-19,2024-08-19,1,0,2024:1
Mary Lou Williams,1,2015-09-28,2015-09-28,1,0,2015:1
Mary Mary,1,2022-10-20,2022-10-20,1,0,2022:1
Mary Wells,1,2015-11-17,2015-11-17,1,0,2015:1
"maryjo, Mergui",1,2025-09-14,2025-09-14,1,0,2025:1
Maryon,1,2021-01-29,2021-01-29,1,0,2021:1
María y José,1,2021-01-29,2021-01-29,1,0,2021:1
Masasolo,1,2019-09-02,2019-09-02,1,0,2019:1
Masayoshi Fujita,1,2024-07-11,2024-07-11,1,0,2024:1
"Masayoshi Fujita, Jan Jelinek",1,2024-07-10,2024-07-10,1,0,2024:1
Mase,1,2014-12-30,2014-12-30,1,0,2014:1
Maskinen,1,2017-04-03,2017-04-03,1,0,2017:1
Mason Jennings,1,2012-05-10,2012-05-10,1,0,2012:1
Massage Tribe,1,2016-02-04,2016-02-04,1,0,2016:1
"Massive Attack, Elizabeth Fraser",1,2025-07-16,2025-07-16,1,0,2025:1
Masta Ace,1,2010-10-04,2010-10-04,1,0,2010:1
Master Peace,1,2020-10-09,2020-10-09,1,0,2020:1
Masterboy,1,2012-10-19,2012-10-19,1,0,2012:1
Masters At Work feat. India,1,2011-02-06,2011-02-06,1,0,2011:1
Maston,1,2022-09-26,2022-09-26,1,0,2022:1
Matata,1,2022-10-16,2022-10-16,1,0,2022:1
Mathias Bradler,1,2012-05-31,2012-05-31,1,0,2012:1
Matmos,1,2014-01-14,2014-01-14,1,0,2014:1
Matobolo,1,2023-06-20,2023-06-20,1,0,2023:1
Matroda,1,2024-05-24,2024-05-24,1,0,2024:1
matsuyama,1,2024-11-11,2024-11-11,1,0,2024:1
Matt Andersen,1,2019-05-07,2019-05-07,1,0,2019:1
Matt Berry,1,2022-05-23,2022-05-23,1,0,2022:1
Matt Fax,1,2017-11-27,2017-11-27,1,0,2017:1
Matt Monro,1,2008-12-30,2008-12-30,1,0,2008:1
Matt Ryder,1,2022-01-04,2022-01-04,1,0,2022:1
Matt Skiba,1,2022-06-16,2022-06-16,1,0,2022:1
Matt Taylor,1,2020-12-07,2020-12-07,1,0,2020:1
Matt Uelmen,1,2022-04-18,2022-04-18,1,0,2022:1
Matt Wilde,1,2022-09-27,2022-09-27,1,0,2022:1
Matteo Bocelli,1,2025-09-26,2025-09-26,1,0,2025:1
Matthew Dear,1,2017-10-24,2017-10-24,1,0,2017:1
Matthias Heilbronn,1,2012-05-31,2012-05-31,1,0,2012:1
Matthias Heilbronn & Joeski,1,2013-02-06,2013-02-06,1,0,2013:1
Matti ja Teppo ja Tarja Ylitalo,1,2012-12-01,2012-12-01,1,0,2012:1
Mattias Bärjed,1,2014-06-03,2014-06-03,1,0,2014:1
Mattskay,1,2021-02-05,2021-02-05,1,0,2021:1
Matty,1,2019-09-17,2019-09-17,1,0,2019:1
Matumbi,1,2022-04-08,2022-04-08,1,0,2022:1
Matveï,1,2022-09-26,2022-09-26,1,0,2022:1
"Mau y Ricky, Guaynaa",1,2024-07-01,2024-07-01,1,0,2024:1
MauColi,1,2022-04-14,2022-04-14,1,0,2022:1
Maurice Jarre,1,2014-09-26,2014-09-26,1,0,2014:1
Mauricio & PalodeAgua,1,2017-09-20,2017-09-20,1,0,2017:1
Mauro Picotto,1,2025-03-14,2025-03-14,1,0,2025:1
Mauro Valdemi,1,2021-04-25,2021-04-25,1,0,2021:1
Mausoleum,1,2012-07-20,2012-07-20,1,0,2012:1
"Maverick City Music, Annatoria",1,2024-08-12,2024-08-12,1,0,2024:1
"Mavins, Crayon, Ayra Starr, LADIPOE, Magixx, Boy Spyce",1,2025-06-25,2025-06-25,1,0,2025:1
"Mavins, Don Jazzy, Dr SID, Dr Sid Tiwa Savage, Reekado Banks, Di'Ja, Korede Bello, D'Prince",1,2025-06-25,2025-06-25,1,0,2025:1
Mavrick,1,2015-12-07,2015-12-07,1,0,2015:1
MAX,1,2022-04-29,2022-04-29,1,0,2022:1
Max Cooper,1,2014-12-29,2014-12-29,1,0,2014:1
Max Graef,1,2020-09-29,2020-09-29,1,0,2020:1
"Max McNown, Avery Anna",1,2025-11-12,2025-11-12,1,0,2025:1
Max Melvin,1,2013-03-04,2013-03-04,1,0,2013:1
Max Romeo,1,2022-10-21,2022-10-21,1,0,2022:1
Max Romeo & The Upsetters,1,2026-01-27,2026-01-27,1,0,2026:1
Max Volante,1,2023-02-04,2023-02-04,1,0,2023:1
"MAX, JAY (ENHYPEN)",1,2025-07-18,2025-07-18,1,0,2025:1
Maxim Vengerov,1,2026-03-30,2026-03-30,1,0,2026:1
Maxo,1,2026-03-03,2026-03-03,1,0,2026:1
Maybird,1,2017-08-12,2017-08-12,1,0,2017:1
Mayday,1,2021-02-13,2021-02-13,1,0,2021:1
Mayila,1,2020-12-07,2020-12-07,1,0,2020:1
Maysa,1,2017-06-17,2017-06-17,1,0,2017:1
Maytree,1,2025-03-18,2025-03-18,1,0,2025:1
Maze feat. Frankie Beverly,1,2024-12-02,2024-12-02,1,0,2024:1
Mazey Haze,1,2021-09-25,2021-09-25,1,0,2021:1
Mazie,1,2022-07-25,2022-07-25,1,0,2022:1
Mazoha,1,2021-02-05,2021-02-05,1,0,2021:1
Mazzy,1,2021-02-05,2021-02-05,1,0,2021:1
MBNN,1,2022-04-22,2022-04-22,1,0,2022:1
MC Bola,1,2013-11-26,2013-11-26,1,0,2013:1
MC Einar,1,2012-11-30,2012-11-30,1,0,2012:1
Mc Fioti,1,2017-06-27,2017-06-27,1,0,2017:1
Mc Júnior E Mc Leonardo,1,2013-11-26,2013-11-26,1,0,2013:1
MC Livinho,1,2017-06-27,2017-06-27,1,0,2017:1
MC Lounge,1,2012-07-15,2012-07-15,1,0,2012:1
MC Lyte,1,2026-02-20,2026-02-20,1,0,2026:1
MC Meno K,1,2022-09-07,2022-09-07,1,0,2022:1
"MC Solaar, Benjamin Epps",1,2025-11-14,2025-11-14,1,0,2025:1
"MC Solaar, Jok'air",1,2025-11-14,2025-11-14,1,0,2025:1
"MC Solaar, Legendes Industries",1,2025-11-14,2025-11-14,1,0,2025:1
"MC Solaar, Marie-Flore",1,2025-11-14,2025-11-14,1,0,2025:1
Mc Zaac,1,2017-06-27,2017-06-27,1,0,2017:1
McCoy Tyner,1,2014-12-30,2014-12-30,1,0,2014:1
"McKinley Dixon, Alfred., Ghais Guevara",1,2026-01-02,2026-01-02,1,0,2026:1
"McKinley Dixon, Teller Bank$",1,2026-01-02,2026-01-02,1,0,2026:1
Mcxxne,1,2025-09-14,2025-09-14,1,0,2025:1
Meadows,1,2017-09-21,2017-09-21,1,0,2017:1
Mecca:83,1,2019-08-23,2019-08-23,1,0,2019:1
Medina,1,2014-08-19,2014-08-19,1,0,2014:1
"Medina, Cir.Cuz",1,2025-03-30,2025-03-30,1,0,2025:1
Medusa,1,2025-10-13,2025-10-13,1,0,2025:1
Meduza,1,2021-01-30,2021-01-30,1,0,2021:1
"Meek Mill, Drake",1,2020-04-23,2020-04-23,1,0,2020:1
"Meek Mill, G Herbo",1,2025-05-30,2025-05-30,1,0,2025:1
Meekasia,1,2021-04-27,2021-04-27,1,0,2021:1
Meg Smith,1,2023-03-03,2023-03-03,1,0,2023:1
"Megan Thee Stallion, Beyoncé",1,2020-05-12,2020-05-12,1,0,2020:1
"Meghan Trainor, Niecy Nash",1,2024-08-03,2024-08-03,1,0,2024:1
Megumi Ohashi,1,2022-04-16,2022-04-16,1,0,2022:1
MEI,1,2021-01-17,2021-01-17,1,0,2021:1
Mei Semones,1,2026-05-05,2026-05-05,1,0,2026:1
Meiju Suvas,1,2026-04-02,2026-04-02,1,0,2026:1
Mel & Kim,1,2012-11-30,2012-11-30,1,0,2012:1
Melanie De Biasio,1,2014-11-20,2014-11-20,1,0,2014:1
Melanie MacLaren,1,2021-12-27,2021-12-27,1,0,2021:1
Melanie Martinez,1,2025-07-29,2025-07-29,1,0,2025:1
Melba Moore,1,2015-11-18,2015-11-18,1,0,2015:1
Melchior Vulpius,1,2021-12-24,2021-12-24,1,0,2021:1
Melle Brown,1,2022-11-17,2022-11-17,1,0,2022:1
Mellowdy,1,2021-06-22,2021-06-22,1,0,2021:1
Melody,1,2025-03-19,2025-03-19,1,0,2025:1
Melon,1,2026-07-19,2026-07-19,1,0,2026:1
Memmuchi,1,2023-07-31,2023-07-31,1,0,2023:1
Memory Tapes,1,2013-08-26,2013-08-26,1,0,2013:1
Menahan Street Band,1,2022-09-26,2022-09-26,1,0,2022:1
Menke,1,2019-10-01,2019-10-01,1,0,2019:1
Mercury Rev,1,2026-07-16,2026-07-16,1,0,2026:1
Mercy,1,2020-09-08,2020-09-08,1,0,2020:1
Mereba,1,2025-05-28,2025-05-28,1,0,2025:1
Mergui,1,2025-07-21,2025-07-21,1,0,2025:1
Meridian,1,2019-09-03,2019-09-03,1,0,2019:1
Meridian Brothers,1,2017-10-25,2017-10-25,1,0,2017:1
Merit Hemmingson,1,2025-07-16,2025-07-16,1,0,2025:1
Merk,1,2021-02-05,2021-02-05,1,0,2021:1
Merle Haggard,1,2012-05-13,2012-05-13,1,0,2012:1
Meron Addis,1,2021-02-05,2021-02-05,1,0,2021:1
Merry Clayton,1,2010-05-06,2010-05-06,1,0,2010:1
Meryl,1,2025-12-30,2025-12-30,1,0,2025:1
"Meryl, Theodora",1,2025-12-30,2025-12-30,1,0,2025:1
Metro Area,1,2015-04-09,2015-04-09,1,0,2015:1
Metro Boomin,1,2017-06-29,2017-06-29,1,0,2017:1
Metropolis,1,2014-09-21,2014-09-21,1,0,2014:1
METTE,1,2023-10-21,2023-10-21,1,0,2023:1
"METTE, Sam Gellaitry",1,2024-07-16,2024-07-16,1,0,2024:1
Mew,1,2008-08-12,2008-08-12,1,0,2008:1
Mexican Institute of Sound,1,2012-07-12,2012-07-12,1,0,2012:1
Mexican Music Ensemble,1,2021-10-20,2021-10-20,1,0,2021:1
MF DOOM,1,2020-09-01,2020-09-01,1,0,2020:1
Mg Sleepy,1,2025-12-31,2025-12-31,1,0,2025:1
"MGMT, Christine and the Queens",1,2025-02-10,2025-02-10,1,0,2025:1
"Mh the Verb, Isaiah Mostafa",1,2024-10-05,2024-10-05,1,0,2024:1
Mi$hnrz,1,2021-02-15,2021-02-15,1,0,2021:1
Mia Martina,1,2012-11-10,2012-11-10,1,0,2012:1
Miami Sound Machine,1,2017-06-17,2017-06-17,1,0,2017:1
Mic Musicbox,1,2017-05-23,2017-05-23,1,0,2017:1
Micaela Salaverry,1,2020-11-11,2020-11-11,1,0,2020:1
Michael Brecker,1,2014-12-30,2014-12-30,1,0,2014:1
Michael Brook,1,2015-11-30,2015-11-30,1,0,2015:1
Michael Bublè,1,2008-08-09,2008-08-09,1,0,2008:1
Michael Giacchino,1,2020-10-26,2020-10-26,1,0,2020:1
Michael Kamen,1,2017-11-28,2017-11-28,1,0,2017:1
Michael Praetorius,1,2021-12-24,2021-12-24,1,0,2021:1
Michael Shynes,1,2021-08-22,2021-08-22,1,0,2021:1
Michael T.B.,1,2013-11-26,2013-11-26,1,0,2013:1
Michel Berger,1,2025-03-11,2025-03-11,1,0,2025:1
"Michel Fugain, Arcadian, Claudio Capéo, Corneille, Anaïs Delva, Olivier Dion, Mickaël Dos Santos, Patrick Fiori, Florent Mothe, Damien Sargue, Sophie Tapie, Victoria Sio",1,2025-12-04,2025-12-04,1,0,2025:1
Michel Landau,1,2019-11-28,2019-11-28,1,0,2019:1
Michel Sardou,1,2025-12-04,2025-12-04,1,0,2025:1
Michele McLaughlin,1,2013-08-21,2013-08-21,1,0,2013:1
Michele Mininni,1,2020-09-29,2020-09-29,1,0,2020:1
michele.,1,2021-01-29,2021-01-29,1,0,2021:1
Michelle Weeks,1,2009-12-02,2009-12-02,1,0,2009:1
Michi,1,2019-09-03,2019-09-03,1,0,2019:1
Michi Sanz,1,2026-01-20,2026-01-20,1,0,2026:1
Michigander,1,2023-06-20,2023-06-20,1,0,2023:1
Michiru,1,2022-04-16,2022-04-16,1,0,2022:1
Michl,1,2019-09-05,2019-09-05,1,0,2019:1
Mick Jenkins,1,2018-01-04,2018-01-04,1,0,2018:1
Mick Kolassa,1,2024-03-13,2024-03-13,1,0,2024:1
Mickey,1,2014-12-11,2014-12-11,1,0,2014:1
Mickey & Sylvia,1,2010-05-06,2010-05-06,1,0,2010:1
"Mickey Guyton, Kane Brown",1,2024-09-18,2024-09-18,1,0,2024:1
Middle Brother,1,2017-10-24,2017-10-24,1,0,2017:1
Middle Name Dance Band,1,2020-09-29,2020-09-29,1,0,2020:1
Middlewood Sessions,1,2009-08-14,2009-08-14,1,0,2009:1
Midi Mafia,1,2014-12-30,2014-12-30,1,0,2014:1
Midland,1,2019-06-19,2019-06-19,1,0,2019:1
Midnight Groovers,1,2013-06-29,2013-06-29,1,0,2013:1
MIDORINOMARU,1,2019-08-23,2019-08-23,1,0,2019:1
Mighloe,1,2020-11-19,2020-11-19,1,0,2020:1
Mighty Dub Katz,1,2012-05-16,2012-05-16,1,0,2012:1
Mighty Sam McClain,1,2019-05-07,2019-05-07,1,0,2019:1
Migos,1,2018-01-04,2018-01-04,1,0,2018:1
"Migos, Drake",1,2025-08-08,2025-08-08,1,0,2025:1
Miguel Bosé,1,2009-06-14,2009-06-14,1,0,2009:1
Miguel De Deus,1,2026-06-05,2026-06-05,1,0,2026:1
Mika & Samuli,1,2023-10-17,2023-10-17,1,0,2023:1
"Mikael Gabriel, Nublu",1,2024-10-06,2024-10-06,1,0,2024:1
"Mikael Lammgård, Gunnel Derning",1,2025-07-16,2025-07-16,1,0,2025:1
Mikael Wiehe,1,2012-10-19,2012-10-19,1,0,2012:1
Mikayla Geier,1,2024-04-18,2024-04-18,1,0,2024:1
Mike Bodulow,1,2021-10-08,2021-10-08,1,0,2021:1
Mike Doughty,1,2022-06-16,2022-06-16,1,0,2022:1
MIKE KOTA,1,2021-11-12,2021-11-12,1,0,2021:1
Mike Moorish,1,2014-12-10,2014-12-10,1,0,2014:1
Mike Perry,1,2023-04-04,2023-04-04,1,0,2023:1
Mike Posner,1,2010-11-27,2010-11-27,1,0,2010:1
"Mike Posner, salem ilese",1,2024-07-19,2024-07-19,1,0,2024:1
Mike Stern,1,2014-12-30,2014-12-30,1,0,2014:1
mikey100k,1,2023-01-13,2023-01-13,1,0,2023:1
Mikko Alatalo,1,2020-10-13,2020-10-13,1,0,2020:1
Mikko Kuustonen,1,2020-12-24,2020-12-24,1,0,2020:1
Mikky Ekko,1,2014-12-17,2014-12-17,1,0,2014:1
"Mila Jam, John Duff, Kalen Allen",1,2025-07-23,2025-07-23,1,0,2025:1
Miles Teller,1,2022-06-09,2022-06-09,1,0,2022:1
Millencolin,1,2017-10-26,2017-10-26,1,0,2017:1
Millie Jackson,1,2020-09-08,2020-09-08,1,0,2020:1
Millok,1,2014-12-11,2014-12-11,1,0,2014:1
Milo & Moses,1,2017-06-11,2017-06-11,1,0,2017:1
Milo Grande,1,2024-02-26,2024-02-26,1,0,2024:1
"Milo Manheim, Meg Donnelly, Chandler Kinney, Kylee Russell, ZOMBIES – Cast, Disney",1,2025-11-30,2025-11-30,1,0,2025:1
Milo Stavos,1,2018-03-19,2018-03-19,1,0,2018:1
Milton Henry,1,2022-04-09,2022-04-09,1,0,2022:1
Mina Lund,1,2021-10-03,2021-10-03,1,0,2021:1
Mina Okabe,1,2022-07-14,2022-07-14,1,0,2022:1
"Mina Tindle, Sufjan Stevens",1,2025-10-31,2025-10-31,1,0,2025:1
Mind Fair,1,2017-02-17,2017-02-17,1,0,2017:1
Mind Over Mirrors,1,2026-02-01,2026-02-01,1,0,2026:1
mind.in.a.box,1,2009-06-13,2009-06-13,1,0,2009:1
MindInfluence Presents The Solid Gold Playaz,1,2009-12-01,2009-12-01,1,0,2009:1
Mindmapper,1,2017-11-23,2017-11-23,1,0,2017:1
Mind’s Eye,1,2023-06-08,2023-06-08,1,0,2023:1
Minimums,1,2017-05-23,2017-05-23,1,0,2017:1
Minite,1,2021-02-21,2021-02-21,1,0,2021:1
Minks,1,2013-09-21,2013-09-21,1,0,2013:1
Minova,1,2023-10-21,2023-10-21,1,0,2023:1
Mint Royale,1,2015-04-10,2015-04-10,1,0,2015:1
Mint Simon,1,2021-11-13,2021-11-13,1,0,2021:1
Minta & The Brook Trout,1,2013-01-16,2013-01-16,1,0,2013:1
MIO,1,2017-12-27,2017-12-27,1,0,2017:1
mirabelle.,1,2022-01-04,2022-01-04,1,0,2022:1
Mirah,1,2026-06-05,2026-06-05,1,0,2026:1
Miranda Del Sol,1,2024-03-29,2024-03-29,1,0,2024:1
Miriana Conte,1,2025-03-19,2025-03-19,1,0,2025:1
Mirrors,1,2012-07-19,2012-07-19,1,0,2012:1
Misery Boy,1,2014-09-21,2014-09-21,1,0,2014:1
Mishaal Tamer,1,2026-08-03,2026-08-03,1,0,2026:1
Mishka,1,2013-03-15,2013-03-15,1,0,2013:1
MISIA feat. M2J + Francis Jocky,1,2012-07-09,2012-07-09,1,0,2012:1
"Miso Extra, Metronomy",1,2025-01-22,2025-01-22,1,0,2025:1
Miss Grit,1,2025-01-13,2025-01-13,1,0,2025:1
miss monique,1,2024-05-24,2024-05-24,1,0,2024:1
misswilsonsays,1,2024-02-26,2024-02-26,1,0,2024:1
Missy Higgins,1,2010-08-19,2010-08-19,1,0,2010:1
Mitch Ryder & The Detroit Wheels,1,2009-06-13,2009-06-13,1,0,2009:1
"Mitch, Ann Marie",1,2020-04-24,2020-04-24,1,0,2020:1
Mitchell Tenpenny,1,2021-03-04,2021-03-04,1,0,2021:1
Miya,1,2025-02-19,2025-02-19,1,0,2025:1
MizMo,1,2022-06-17,2022-06-17,1,0,2022:1
MIZUKAMI,1,2019-08-23,2019-08-23,1,0,2019:1
Mizz Beats,1,2015-08-18,2015-08-18,1,0,2015:1
MKDMSK,1,2025-01-12,2025-01-12,1,0,2025:1
MKSTN,1,2021-01-29,2021-01-29,1,0,2021:1
MMEADOWS,1,2020-11-16,2020-11-16,1,0,2020:1
MN2S,1,2009-12-08,2009-12-08,1,0,2009:1
Mndsgn,1,2019-09-18,2019-09-18,1,0,2019:1
Mo J. Simpson,1,2026-01-20,2026-01-20,1,0,2026:1
"Mobb Deep, Nas, Jorja Smith",1,2025-10-13,2025-10-13,1,0,2025:1
MOD SUN,1,2021-08-18,2021-08-18,1,0,2021:1
Moddi,1,2013-02-16,2013-02-16,1,0,2013:1
Model Man,1,2022-12-29,2022-12-29,1,0,2022:1
Modern Color,1,2023-10-22,2023-10-22,1,0,2023:1
Modjo,1,2012-05-03,2012-05-03,1,0,2012:1
Moglii,1,2021-01-18,2021-01-18,1,0,2021:1
Moha La Squale,1,2025-09-08,2025-09-08,1,0,2025:1
Moha MMZ,1,2025-02-18,2025-02-18,1,0,2025:1
"Mohammad Alizadeh, Hassan Baba",1,2025-12-30,2025-12-30,1,0,2025:1
Mojave 3,1,2026-07-16,2026-07-16,1,0,2026:1
Molife,1,2017-11-27,2017-11-27,1,0,2017:1
"Molière l'opéra urbain, Lou, PETiTOM, Vike",1,2025-11-26,2025-11-26,1,0,2025:1
"Molière l'opéra urbain, Morgan, Lou",1,2025-11-26,2025-11-26,1,0,2025:1
"Molière l'opéra urbain, Morgan, PETiTOM",1,2025-11-26,2025-11-26,1,0,2025:1
"Molière l'opéra urbain, Morgan, Vike",1,2025-11-26,2025-11-26,1,0,2025:1
"Molière l'opéra urbain, PETiTOM, David Alexis",1,2025-11-26,2025-11-26,1,0,2025:1
"Molière l'opéra urbain, Shaïna Pronzola, Vike",1,2025-11-26,2025-11-26,1,0,2025:1
"Molière l'opéra urbain, Vike",1,2025-11-26,2025-11-26,1,0,2025:1
Molly Grace,1,2025-07-22,2025-07-22,1,0,2025:1
Molly Millington,1,2024-04-04,2024-04-04,1,0,2024:1
"Molly Moore, NoMBe",1,2024-08-17,2024-08-17,1,0,2024:1
Molly Sarlé,1,2020-08-12,2020-08-12,1,0,2020:1
Molly Seger,1,2024-03-29,2024-03-29,1,0,2024:1
MON/KU,1,2019-08-28,2019-08-28,1,0,2019:1
Monaleo,1,2021-05-05,2021-05-05,1,0,2021:1
Monarchy,1,2012-07-20,2012-07-20,1,0,2012:1
Mondkopf,1,2026-08-24,2026-08-24,1,0,2026:1
Moneybagg Yo,1,2021-02-20,2021-02-20,1,0,2021:1
Mongo Santamaria,1,2021-11-20,2021-11-20,1,0,2021:1
Monica Hapsari,1,2022-06-08,2022-06-08,1,0,2022:1
Monica Riskey,1,2019-11-26,2019-11-26,1,0,2019:1
Monie Love,1,2026-02-20,2026-02-20,1,0,2026:1
Monika Linkyte,1,2024-02-19,2024-02-19,1,0,2024:1
Monique Bingham,1,2026-07-16,2026-07-16,1,0,2026:1
Monk Higgins,1,2010-10-15,2010-10-15,1,0,2010:1
Monky,1,2022-09-22,2022-09-22,1,0,2022:1
Mono,1,2026-07-16,2026-07-16,1,0,2026:1
Mono/Poly,1,2015-08-18,2015-08-18,1,0,2015:1
Monobloco,1,2014-06-11,2014-06-11,1,0,2014:1
Monobox,1,2014-12-29,2014-12-29,1,0,2014:1
Monocule,1,2024-05-23,2024-05-23,1,0,2024:1
Monodeluxe,1,2019-06-14,2019-06-14,1,0,2019:1
Monokoi,1,2025-12-13,2025-12-13,1,0,2025:1
Monster Rally,1,2015-12-11,2015-12-11,1,0,2015:1
Mont Jake,1,2021-08-06,2021-08-06,1,0,2021:1
Montaigne,1,2022-06-09,2022-06-09,1,0,2022:1
Monte Adentro,1,2012-05-07,2012-05-07,1,0,2012:1
Monte Duma,1,2024-04-18,2024-04-18,1,0,2024:1
Montell Fish,1,2022-07-14,2022-07-14,1,0,2022:1
Montrell,1,2019-09-02,2019-09-02,1,0,2019:1
Monty Alexander,1,2026-01-20,2026-01-20,1,0,2026:1
Monét Ngo,1,2022-06-08,2022-06-08,1,0,2022:1
Moodoïd,1,2013-09-21,2013-09-21,1,0,2013:1
MOODOÏD,1,2022-10-22,2022-10-22,1,0,2022:1
Moodprint,1,2015-12-16,2015-12-16,1,0,2015:1
Moon King,1,2019-09-09,2019-09-09,1,0,2019:1
Moon Palace,1,2019-08-28,2019-08-28,1,0,2019:1
moon paw print,1,2019-08-28,2019-08-28,1,0,2019:1
moonlght,1,2023-10-08,2023-10-08,1,0,2023:1
Moonroof,1,2020-12-30,2020-12-30,1,0,2020:1
"Moor Mother, Melanie Charles",1,2024-10-05,2024-10-05,1,0,2024:1
Moose Blood,1,2019-06-14,2019-06-14,1,0,2019:1
Mop Mop,1,2017-10-27,2017-10-27,1,0,2017:1
Mopo,1,2014-07-26,2014-07-26,1,0,2014:1
Mor,1,2022-12-29,2022-12-29,1,0,2022:1
More Eaze,1,2022-01-12,2022-01-12,1,0,2022:1
Moreish Idols,1,2025-01-24,2025-01-24,1,0,2025:1
"Moreno Veloso, Carlos Rennó",1,2024-07-14,2024-07-14,1,0,2024:1
Morgan Delt,1,2026-07-28,2026-07-28,1,0,2026:1
Morgan Geist,1,2026-04-29,2026-04-29,1,0,2026:1
Morgan St. Jean,1,2024-04-19,2024-04-19,1,0,2024:1
"Morgan Wallen, Tate McRae",1,2025-06-03,2025-06-03,1,0,2025:1
Morgenshtern,1,2022-11-19,2022-11-19,1,0,2022:1
morgxn,1,2019-06-13,2019-06-13,1,0,2019:1
Moritz Hofbauer,1,2024-05-24,2024-05-24,1,0,2024:1
Morningtime,1,2022-06-17,2022-06-17,1,0,2022:1
Morphiction,1,2018-01-04,2018-01-04,1,0,2018:1
Morphine,1,2017-04-12,2017-04-12,1,0,2017:1
Morri,1,2015-08-18,2015-08-18,1,0,2015:1
Mort Garson,1,2026-09-02,2026-09-02,1,0,2026:1
MORTEN,1,2021-02-27,2021-02-27,1,0,2021:1
Morten Harket,1,2014-06-03,2014-06-03,1,0,2014:1
"Moruf, MeZ, Mick Jenkins",1,2025-12-31,2025-12-31,1,0,2025:1
Morwan,1,2022-06-13,2022-06-13,1,0,2022:1
Mory Kanté,1,2026-08-26,2026-08-26,1,0,2026:1
Mosa Wild,1,2019-06-13,2019-06-13,1,0,2019:1
Moscow Apartment,1,2020-12-31,2020-12-31,1,0,2020:1
Moses Gunn Collective,1,2022-10-06,2022-10-06,1,0,2022:1
"Moses Sumney, ANOHNI",1,2025-01-24,2025-01-24,1,0,2025:1
Moshic,1,2012-12-20,2012-12-20,1,0,2012:1
Motel Radio,1,2022-08-24,2022-08-24,1,0,2022:1
Mother Goose Club,1,2021-12-12,2021-12-12,1,0,2021:1
Mother Love Bone,1,2012-05-04,2012-05-04,1,0,2012:1
Moto Boy,1,2012-07-20,2012-07-20,1,0,2012:1
Mountain Man,1,2020-12-04,2020-12-04,1,0,2020:1
Mounties,1,2015-04-07,2015-04-07,1,0,2015:1
Mourco U.,1,2014-09-25,2014-09-25,1,0,2014:1
Mousse T.,1,2012-08-28,2012-08-28,1,0,2012:1
Movetron,1,2025-02-26,2025-02-26,1,0,2025:1
mowley,1,2021-12-29,2021-12-29,1,0,2021:1
Moxy Früvous,1,2009-06-14,2009-06-14,1,0,2009:1
Moyann,1,2019-10-01,2019-10-01,1,0,2019:1
Moyka,1,2026-08-28,2026-08-28,1,0,2026:1
Mozez,1,2014-09-21,2014-09-21,1,0,2014:1
Mozzy,1,2019-05-16,2019-05-16,1,0,2019:1
Mr Dooves,1,2021-04-20,2021-04-20,1,0,2021:1
Mr Twin Sister,1,2015-11-26,2015-11-26,1,0,2015:1
Mr. Big,1,2013-04-04,2013-04-04,1,0,2013:1
Mr. Bungle,1,2026-05-30,2026-05-30,1,0,2026:1
Mr. Fingers,1,2012-05-14,2012-05-14,1,0,2012:1
mr. käfer,1,2019-09-18,2019-09-18,1,0,2019:1
Mr. Little Jeans,1,2026-02-14,2026-02-14,1,0,2026:1
mrcy,1,2026-05-26,2026-05-26,1,0,2026:1
Ms Bronx,1,2017-11-27,2017-11-27,1,0,2017:1
Msafiri Zawose,1,2017-09-01,2017-09-01,1,0,2017:1
MSTRKRFT,1,2012-06-01,2012-06-01,1,0,2012:1
Mt Eden,1,2012-12-20,2012-12-20,1,0,2012:1
MUDBABY RU,1,2025-12-01,2025-12-01,1,0,2025:1
Mudhoney,1,2012-05-04,2012-05-04,1,0,2012:1
Muffin Songs,1,2021-11-11,2021-11-11,1,0,2021:1
MuK,1,2024-11-10,2024-11-10,1,0,2024:1
Mulgrew Miller,1,2012-09-12,2012-09-12,1,0,2012:1
Mumiy Troll,1,2020-10-02,2020-10-02,1,0,2020:1
Munboi,1,2022-06-14,2022-06-14,1,0,2022:1
Munhoz,1,2013-11-26,2013-11-26,1,0,2013:1
Munn,1,2021-09-25,2021-09-25,1,0,2021:1
Murat Boz,1,2012-05-14,2012-05-14,1,0,2012:1
Murphykid,1,2020-08-12,2020-08-12,1,0,2020:1
Murs,1,2015-12-02,2015-12-02,1,0,2015:1
Musica Relajante,1,2016-02-04,2016-02-04,1,0,2016:1
"Mustafa, Clairo",1,2024-10-07,2024-10-07,1,0,2024:1
"Mustafa, Daniel Caesar",1,2024-10-07,2024-10-07,1,0,2024:1
"Mustard, Migos",1,2020-04-23,2020-04-23,1,0,2020:1
Mutemath,1,2007-07-30,2007-07-30,1,0,2007:1
Muunjuun,1,2019-06-30,2019-06-30,1,0,2019:1
Mvnday,1,2023-09-05,2023-09-05,1,0,2023:1
MxPx,1,2026-06-01,2026-06-01,1,0,2026:1
My Goodness,1,2015-04-07,2015-04-07,1,0,2015:1
Myazwe,1,2021-02-05,2021-02-05,1,0,2021:1
Myke Towers,1,2025-07-27,2025-07-27,1,0,2025:1
Myles Morgan,1,2020-10-20,2020-10-20,1,0,2020:1
"Myles Smith, Lainey Wilson",1,2025-04-29,2025-04-29,1,0,2025:1
Mylo vs. Miami Sound Machine,1,2012-05-16,2012-05-16,1,0,2012:1
"mynameisntjmack, Wakai, Tommy Richman",1,2024-07-13,2024-07-13,1,0,2024:1
Mystic Roots,1,2009-10-09,2009-10-09,1,0,2009:1
Mystical Sun,1,2012-12-20,2012-12-20,1,0,2012:1
Mystikal,1,2020-09-29,2020-09-29,1,0,2020:1
MYTBE,1,2020-12-07,2020-12-07,1,0,2020:1
"Myth Syzer, Hamza",1,2025-09-08,2025-09-08,1,0,2025:1
Mytown,1,2013-01-10,2013-01-10,1,0,2013:1
Måns Zelmerlöw,1,2025-04-02,2025-04-02,1,0,2025:1
Mélissa Laveaux,1,2013-01-16,2013-01-16,1,0,2013:1
"Mélodie Lauret, Dani Terreur",1,2025-03-11,2025-03-11,1,0,2025:1
Míra,1,2022-02-15,2022-02-15,1,0,2022:1
"MØ, Biig Piig",1,2025-06-12,2025-06-12,1,0,2025:1
Møme,1,2017-04-13,2017-04-13,1,0,2017:1
Mōzi,1,2019-06-24,2019-06-24,1,0,2019:1
N-Chased,1,2021-04-25,2021-04-25,1,0,2021:1
n-So,1,2026-08-24,2026-08-24,1,0,2026:1
Nabiha,1,2012-10-07,2012-10-07,1,0,2012:1
Nacho Sotomayor,1,2013-01-23,2013-01-23,1,0,2013:1
"Nadia Ali, Starkillers & Alex Kenji",1,2012-05-14,2012-05-14,1,0,2012:1
Nadia Kadek,1,2025-07-09,2025-07-09,1,0,2025:1
Nadine Shah,1,2014-11-20,2014-11-20,1,0,2014:1
NADUH,1,2022-06-08,2022-06-08,1,0,2022:1
Nairobi Matata Jazz,1,2014-01-14,2014-01-14,1,0,2014:1
Naji,1,2021-11-12,2021-11-12,1,0,2021:1
NAKANISHI KIRIKO,1,2023-04-07,2023-04-07,1,0,2023:1
Naked Eyes,1,2010-10-31,2010-10-31,1,0,2010:1
Namasenda,1,2021-09-25,2021-09-25,1,0,2021:1
Name Change,1,2022-07-05,2022-07-05,1,0,2022:1
Nana,1,2022-07-28,2022-07-28,1,0,2022:1
Nando Reis,1,2012-05-07,2012-05-07,1,0,2012:1
Nani,1,2021-01-29,2021-01-29,1,0,2021:1
Naomi Jane,1,2025-09-14,2025-09-14,1,0,2025:1
Naomi Scott,1,2025-09-26,2025-09-26,1,0,2025:1
Naomi Sharon,1,2024-08-22,2024-08-22,1,0,2024:1
NAPA,1,2025-10-15,2025-10-15,1,0,2025:1
NAPKEY,1,2025-09-08,2025-09-08,1,0,2025:1
"Nappy Roots, Trinidad James",1,2025-12-23,2025-12-23,1,0,2025:1
Narcisse,1,2025-04-29,2025-04-29,1,0,2025:1
Narcotic Thrust,1,2008-12-30,2008-12-30,1,0,2008:1
Nardis,1,2013-02-16,2013-02-16,1,0,2013:1
NARISK,1,2019-08-23,2019-08-23,1,0,2019:1
Narlai Village Troubador,1,2008-03-02,2008-03-02,1,0,2008:1
"Nas, Eban Thomas, The Last Poets",1,2020-02-18,2020-02-18,1,0,2020:1
Nasaya,1,2021-06-23,2021-06-23,1,0,2021:1
Nascent,1,2020-10-20,2020-10-20,1,0,2020:1
nashvillains,1,2021-09-25,2021-09-25,1,0,2021:1
Nassau,1,2007-03-08,2007-03-08,1,0,2007:1
Nasty Cherry,1,2026-08-21,2026-08-21,1,0,2026:1
Natalia Lafourcade,1,2019-06-07,2019-06-07,1,0,2019:1
Natalie Jane,1,2025-07-22,2025-07-22,1,0,2025:1
Natalie La Rose,1,2015-06-29,2015-06-29,1,0,2015:1
Natalie Marchenko,1,2012-07-15,2012-07-15,1,0,2012:1
Natalie Merchant,1,2026-05-24,2026-05-24,1,0,2026:1
Natalie Nicole Gilbert,1,2021-12-26,2021-12-26,1,0,2021:1
Natalie Shay,1,2024-03-29,2024-03-29,1,0,2024:1
Natascha Polke,1,2026-08-28,2026-08-28,1,0,2026:1
Nate Redmond,1,2022-10-02,2022-10-02,1,0,2022:1
"Nate Smith, Kokayi",1,2024-10-05,2024-10-05,1,0,2024:1
NateWantsToBattle,1,2026-01-06,2026-01-06,1,0,2026:1
Nathan Archie,1,2023-01-14,2023-01-14,1,0,2023:1
Nathan Ball,1,2019-06-15,2019-06-15,1,0,2019:1
Nathan Fake,1,2026-08-24,2026-08-24,1,0,2026:1
"Nathan James, Paleface Swiss",1,2025-06-09,2025-06-09,1,0,2025:1
Nathan Kawanishi,1,2019-08-23,2019-08-23,1,0,2019:1
Nathan Lane,1,2023-02-12,2023-02-12,1,0,2023:1
Nathan Reich,1,2013-01-16,2013-01-16,1,0,2013:1
Nathaniel,1,2023-11-05,2023-11-05,1,0,2023:1
Nathaniel Rateliff & the Night Sweats,1,2017-10-24,2017-10-24,1,0,2017:1
Native James,1,2025-07-12,2025-07-12,1,0,2025:1
Natural Child,1,2013-09-21,2013-09-21,1,0,2013:1
Natural Grooves,1,2013-02-16,2013-02-16,1,0,2013:1
Natural Self,1,2021-04-10,2021-04-10,1,0,2021:1
Naupaka,1,2023-06-20,2023-06-20,1,0,2023:1
Nautilus,1,2022-09-26,2022-09-26,1,0,2022:1
NAV,1,2018-01-04,2018-01-04,1,0,2018:1
Nawms,1,2020-12-07,2020-12-07,1,0,2020:1
Nazan Şoray,1,2025-07-28,2025-07-28,1,0,2025:1
Ncognita,1,2025-12-31,2025-12-31,1,0,2025:1
NCT 127,1,2024-08-14,2024-08-14,1,0,2024:1
NDO DEE,1,2023-02-04,2023-02-04,1,0,2023:1
Neal Francis,1,2025-01-24,2025-01-24,1,0,2025:1
Neal Hefti,1,2021-08-09,2021-08-09,1,0,2021:1
"Nebu Kiniza, Lil Tecca",1,2020-03-23,2020-03-23,1,0,2020:1
Neck Deep,1,2026-06-01,2026-06-01,1,0,2026:1
Necking,1,2019-08-28,2019-08-28,1,0,2019:1
Ned's Atomic Dustbin,1,2017-03-28,2017-03-28,1,0,2017:1
NEEA RIVER,1,2025-02-10,2025-02-10,1,0,2025:1
Needshes,1,2021-01-17,2021-01-17,1,0,2021:1
Nego do Borel,1,2017-06-27,2017-06-27,1,0,2017:1
NEIKED,1,2024-06-24,2024-06-24,1,0,2024:1
"NEIKED, Mae Muller, Polo G",1,2025-03-23,2025-03-23,1,0,2025:1
Neil Davidge,1,2015-09-08,2015-09-08,1,0,2015:1
Neisha Neshae,1,2020-07-16,2020-07-16,1,0,2020:1
Nej',1,2025-02-19,2025-02-19,1,0,2025:1
Nekfeu,1,2026-07-06,2026-07-06,1,0,2026:1
"Nekfeu, Murkage Dave",1,2025-07-24,2025-07-24,1,0,2025:1
NELICK,1,2025-11-14,2025-11-14,1,0,2025:1
"Nelly Furtado, Blxckie",1,2024-09-24,2024-09-24,1,0,2024:1
"Nelly Furtado, Charlotte Day Wilson",1,2024-09-24,2024-09-24,1,0,2024:1
"Nelly Furtado, Gray Hawken",1,2024-09-24,2024-09-24,1,0,2024:1
"Nelly Furtado, Sid Sriram",1,2025-09-19,2025-09-19,1,0,2025:1
"Nelly Furtado, Williane 108, Charmie, Taborah Johnson, Tynomi Banks",1,2024-09-24,2024-09-24,1,0,2024:1
Nelson Navarrete,1,2013-11-17,2013-11-17,1,0,2013:1
Nema,1,2020-09-08,2020-09-08,1,0,2020:1
Nemesea,1,2023-06-03,2023-06-03,1,0,2023:1
NEO 10Y,1,2020-04-06,2020-04-06,1,0,2020:1
Neobe,1,2021-04-05,2021-04-05,1,0,2021:1
Neriah,1,2022-06-08,2022-06-08,1,0,2022:1
never loved,1,2019-08-28,2019-08-28,1,0,2019:1
never young beach,1,2019-08-13,2019-08-13,1,0,2019:1
New Age Steppers,1,2017-09-04,2017-09-04,1,0,2017:1
New Beginning,1,2013-01-20,2013-01-20,1,0,2013:1
New Chums,1,2019-08-28,2019-08-28,1,0,2019:1
New Cool Collective,1,2022-10-06,2022-10-06,1,0,2022:1
"New Kids On The Block, Boyz II Men, Big Freedia, Naughty By Nature, Jordin Sparks",1,2020-04-24,2020-04-24,1,0,2020:1
New Vaudeville Band,1,2009-12-12,2009-12-12,1,0,2009:1
New Young Pony Club,1,2009-07-27,2009-07-27,1,0,2009:1
NewJeans,1,2023-01-08,2023-01-08,1,0,2023:1
Newton Faulkner,1,2013-01-16,2013-01-16,1,0,2013:1
Nga,1,2013-04-11,2013-04-11,1,0,2013:1
Ngaiire,1,2022-06-12,2022-06-12,1,0,2022:1
Ni/Co,1,2022-02-15,2022-02-15,1,0,2022:1
Nia Andrews,1,2014-12-09,2014-12-09,1,0,2014:1
Nicholas Britell,1,2017-06-14,2017-06-14,1,0,2017:1
Nick & June,1,2026-03-23,2026-03-23,1,0,2026:1
Nick Arundel,1,2022-04-18,2022-04-18,1,0,2022:1
Nick Corline House Work,1,2015-09-24,2015-09-24,1,0,2015:1
Nick Lachey,1,2012-05-14,2012-05-14,1,0,2012:1
Nick Lowe,1,2026-06-05,2026-06-05,1,0,2026:1
Nick Naes,1,2012-10-07,2012-10-07,1,0,2012:1
Nick Urata,1,2016-02-04,2016-02-04,1,0,2016:1
Nick Waterhouse,1,2014-11-20,2014-11-20,1,0,2014:1
NICKELMAN,1,2019-08-23,2019-08-23,1,0,2019:1
Nico Santos,1,2026-04-16,2026-04-16,1,0,2026:1
Nicola Conte,1,2013-02-16,2013-02-16,1,0,2013:1
Nicola Cruz,1,2017-12-17,2017-12-17,1,0,2017:1
NicolArmarfi,1,2013-08-21,2013-08-21,1,0,2013:1
Nicolas,1,2021-01-29,2021-01-29,1,0,2021:1
Nicolas Haelg,1,2017-11-23,2017-11-23,1,0,2017:1
nicole han,1,2023-02-14,2023-02-14,1,0,2023:1
Niels Geusebroek,1,2014-01-12,2014-01-12,1,0,2014:1
"Nieman J, Eric Bellinger, Jeremih, Wale",1,2020-04-24,2020-04-24,1,0,2020:1
Nieve Ella,1,2024-01-02,2024-01-02,1,0,2024:1
Night At The Movies,1,2010-04-08,2010-04-08,1,0,2010:1
Night Idea,1,2019-09-02,2019-09-02,1,0,2019:1
Night Manoeuvres,1,2026-03-13,2026-03-13,1,0,2026:1
Night Riots,1,2019-06-13,2019-06-13,1,0,2019:1
Nightwish,1,2006-12-13,2006-12-13,1,0,2006:1
Niia,1,2023-07-17,2023-07-17,1,0,2023:1
Nik Itch,1,2014-11-19,2014-11-19,1,0,2014:1
Nikhil,1,2024-03-29,2024-03-29,1,0,2024:1
NIKITA,1,2026-02-02,2026-02-02,1,0,2026:1
Nikka Costa,1,2009-01-07,2009-01-07,1,0,2009:1
Nikki Nair,1,2023-02-05,2023-02-05,1,0,2023:1
Niklas,1,2012-10-07,2012-10-07,1,0,2012:1
Niko Moon,1,2021-03-04,2021-03-04,1,0,2021:1
niko rose,1,2021-01-17,2021-01-17,1,0,2021:1
Niko Rubio,1,2022-06-14,2022-06-14,1,0,2022:1
Nile Rodgers,1,2022-06-21,2022-06-21,1,0,2022:1
Nils Hoffmann,1,2024-05-05,2024-05-05,1,0,2024:1
Nils Landgren Funk Unit,1,2015-01-21,2015-01-21,1,0,2015:1
Nils-Eric Fougstedt,1,2021-12-24,2021-12-24,1,0,2021:1
nimmo,1,2014-12-11,2014-12-11,1,0,2014:1
Nina Forsberg,1,2010-08-18,2010-08-18,1,0,2010:1
Nina Mazani,1,2022-09-14,2022-09-14,1,0,2022:1
Nina Žižić,1,2025-03-19,2025-03-19,1,0,2025:1
"Ninajirachi, daine",1,2026-01-16,2026-01-16,1,0,2026:1
"NINEXCIX, Dasloe",1,2025-07-23,2025-07-23,1,0,2025:1
"Ninho, Niska, Koba LaD",1,2025-12-30,2025-12-30,1,0,2025:1
Nino Augustine,1,2024-07-13,2024-07-13,1,0,2024:1
Nino Paid,1,2025-12-30,2025-12-30,1,0,2025:1
Nino Rota,1,2016-02-04,2016-02-04,1,0,2016:1
Niontay,1,2022-04-02,2022-04-02,1,0,2022:1
Nitefire,1,2024-07-13,2024-07-13,1,0,2024:1
Nitri,1,2017-11-23,2017-11-23,1,0,2017:1
Nitro Fun,1,2024-07-05,2024-07-05,1,0,2024:1
Nivea,1,2009-01-07,2009-01-07,1,0,2009:1
"NLE Choppa, Roddy Ricch",1,2020-03-23,2020-03-23,1,0,2020:1
NLT,1,2010-11-15,2010-11-15,1,0,2010:1
No Aloha,1,2019-08-29,2019-08-29,1,0,2019:1
No Joy,1,2013-09-21,2013-09-21,1,0,2013:1
No Savage,1,2025-12-01,2025-12-01,1,0,2025:1
Noa,1,2019-09-03,2019-09-03,1,0,2019:1
Noah,1,2015-12-11,2015-12-11,1,0,2015:1
"Noah Cyrus, Fleet Foxes",1,2025-06-03,2025-06-03,1,0,2025:1
Noah Davis,1,2023-02-22,2023-02-22,1,0,2023:1
Noah Kin,1,2014-07-26,2014-07-26,1,0,2014:1
Noah Reid,1,2020-12-30,2020-12-30,1,0,2020:1
Noah Thompson,1,2023-03-07,2023-03-07,1,0,2023:1
"Noah Thompson, HunterGirl",1,2025-05-30,2025-05-30,1,0,2025:1
Noel Gallagher,1,2012-05-13,2012-05-13,1,0,2012:1
Noel Gallagher's High Flying Birds,1,2023-08-30,2023-08-30,1,0,2023:1
nohidea,1,2017-11-28,2017-11-28,1,0,2017:1
Nokki Cabrera,1,2021-07-31,2021-07-31,1,0,2021:1
Nolan Garrett,1,2021-01-17,2021-01-17,1,0,2021:1
Nomo,1,2009-10-09,2009-10-09,1,0,2009:1
Non Tiq,1,2012-07-20,2012-07-20,1,0,2012:1
"Noname, Devin Morrison",1,2025-11-07,2025-11-07,1,0,2025:1
Nopsajalka,1,2012-05-11,2012-05-11,1,0,2012:1
Norlie & KKV,1,2012-04-26,2012-04-26,1,0,2012:1
Normalities,1,2021-04-10,2021-04-10,1,0,2021:1
North Americans,1,2024-11-14,2024-11-14,1,0,2024:1
Northern Faces,1,2015-04-07,2015-04-07,1,0,2015:1
Nostalgia 77,1,2015-08-17,2015-08-17,1,0,2015:1
"NOTHING MORE, David Draiman",1,2025-06-09,2025-06-09,1,0,2025:1
"nothing,nowhere.",1,2020-04-03,2020-04-03,1,0,2020:1
Notorious B.I.G. & Frank Sinatra,1,2010-11-16,2010-11-16,1,0,2010:1
Nounours,1,2022-06-17,2022-06-17,1,0,2022:1
Nour,1,2025-03-11,2025-03-11,1,0,2025:1
"Nouvelle Vague, Bobbie",1,2025-01-24,2025-01-24,1,0,2025:1
Nova Heart,1,2015-12-16,2015-12-16,1,0,2015:1
Noveller,1,2015-04-20,2015-04-20,1,0,2015:1
Novino,1,2021-02-21,2021-02-21,1,0,2021:1
noxz,1,2024-04-18,2024-04-18,1,0,2024:1
Noyade,1,2022-06-17,2022-06-17,1,0,2022:1
Ntjam Rosie,1,2024-05-08,2024-05-08,1,0,2024:1
NTO,1,2026-09-02,2026-09-02,1,0,2026:1
Nu Braz,1,2013-02-16,2013-02-16,1,0,2013:1
Nublu,1,2021-01-30,2021-01-30,1,0,2021:1
Nucleya,1,2019-09-22,2019-09-22,1,0,2019:1
"NueBoo, Recalibration Machine",1,2024-11-10,2024-11-10,1,0,2024:1
Nuit Chaude,1,2022-10-22,2022-10-22,1,0,2022:1
Nuit Oceān,1,2025-09-08,2025-09-08,1,0,2025:1
Nujabes,1,2019-08-23,2019-08-23,1,0,2019:1
Number One Popstar,1,2020-12-01,2020-12-01,1,0,2020:1
Nuru Kane,1,2013-06-29,2013-06-29,1,0,2013:1
Nuspirit Helsinki,1,2012-05-03,2012-05-03,1,0,2012:1
Nutsa,1,2024-05-12,2024-05-12,1,0,2024:1
NX Zero,1,2015-04-01,2015-04-01,1,0,2015:1
"NxWorries, Anderson .Paak, Knxwledge, Snoop Dogg, October London",1,2024-07-17,2024-07-17,1,0,2024:1
Nyarons,1,2019-08-23,2019-08-23,1,0,2019:1
Nó Em Pingo D'água,1,2015-09-28,2015-09-28,1,0,2015:1
O'Donel Levy,1,2020-09-03,2020-09-03,1,0,2020:1
Object of Affection,1,2023-03-16,2023-03-16,1,0,2023:1
"Obongjayar, Little Simz",1,2025-07-31,2025-07-31,1,0,2025:1
Oboy,1,2025-09-08,2025-09-08,1,0,2025:1
Ocean Alley,1,2019-06-13,2019-06-13,1,0,2019:1
Ocean Bank,1,2017-09-04,2017-09-04,1,0,2017:1
Oceana,1,2012-07-01,2012-07-01,1,0,2012:1
Oceans,1,2017-11-23,2017-11-23,1,0,2017:1
"Ocho Sneak, O.T. Genasis",1,2020-03-23,2020-03-23,1,0,2020:1
Ocote Soul Sounds,1,2013-11-17,2013-11-17,1,0,2013:1
Octavio,1,2021-05-01,2021-05-01,1,0,2021:1
OCTAVIO the Dweeb,1,2021-05-03,2021-05-03,1,0,2021:1
October Fall,1,2013-03-15,2013-03-15,1,0,2013:1
October Tooth,1,2021-03-01,2021-03-01,1,0,2021:1
Octopuses,1,2015-04-20,2015-04-20,1,0,2015:1
"Odeal, Leon Thomas",1,2025-08-14,2025-08-14,1,0,2025:1
Oded Tzur,1,2017-12-07,2017-12-07,1,0,2017:1
Odetari,1,2024-11-02,2024-11-02,1,0,2024:1
Odetta Hartman,1,2015-11-25,2015-11-25,1,0,2015:1
Odezenne,1,2022-08-07,2022-08-07,1,0,2022:1
odina,1,2020-12-30,2020-12-30,1,0,2020:1
Of Water,1,2018-03-19,2018-03-19,1,0,2018:1
Ofelia,1,2021-08-22,2021-08-22,1,0,2021:1
Official Breezy,1,2023-02-04,2023-02-04,1,0,2023:1
Offset,1,2018-01-04,2018-01-04,1,0,2018:1
Ofra Haza,1,2010-11-21,2010-11-21,1,0,2010:1
OG KEMi,1,2023-03-16,2023-03-16,1,0,2023:1
Ogguere,1,2015-01-19,2015-01-19,1,0,2015:1
Oghene Kologbo,1,2013-06-29,2013-06-29,1,0,2013:1
Oh Minnows,1,2012-07-20,2012-07-20,1,0,2012:1
Ohashi Trio,1,2017-10-17,2017-10-17,1,0,2017:1
Oilix,1,2019-09-18,2019-09-18,1,0,2019:1
Okain,1,2019-08-28,2019-08-28,1,0,2019:1
okaywill,1,2022-06-14,2022-06-14,1,0,2022:1
"Okieriete Onaodowan, Daveed Diggs, Lin-Manuel Miranda, Leslie Odom Jr., Anthony Ramos",1,2025-01-19,2025-01-19,1,0,2025:1
"Oklou, FKA twigs",1,2025-10-13,2025-10-13,1,0,2025:1
okvsho,1,2022-09-26,2022-09-26,1,0,2022:1
Ol' Burger Beats,1,2019-09-18,2019-09-18,1,0,2019:1
Ola W Jansson,1,2019-08-30,2019-08-30,1,0,2019:1
Olavi Virta,1,2014-11-23,2014-11-23,1,0,2014:1
Old & In the Way,1,2015-09-08,2015-09-08,1,0,2015:1
Old Man Canyon,1,2024-11-19,2024-11-19,1,0,2024:1
Old Man Markley,1,2015-09-07,2015-09-07,1,0,2015:1
Oleander,1,2009-10-09,2009-10-09,1,0,2009:1
Oleomusic,1,2013-01-20,2013-01-20,1,0,2013:1
Olga Lucía Vives,1,2022-11-20,2022-11-20,1,0,2022:1
Oli Howe,1,2022-09-26,2022-09-26,1,0,2022:1
Oliv Blu,1,2021-01-04,2021-01-04,1,0,2021:1
"Oliver Heldens, David Guetta, FAST BOY",1,2025-05-16,2025-05-16,1,0,2025:1
Oliver Sain St. Louis Breakdown,1,2020-09-08,2020-09-08,1,0,2020:1
Oliver Schories,1,2014-12-29,2014-12-29,1,0,2014:1
Oliver Sim,1,2022-03-29,2022-03-29,1,0,2022:1
Olivia Foa'i,1,2017-11-27,2017-11-27,1,0,2017:1
Olivia Jean,1,2026-08-26,2026-08-26,1,0,2026:1
"Olivia Rodrigo, Robert Smith",1,2025-10-14,2025-10-14,1,0,2025:1
Olivia Ruiz,1,2025-12-02,2025-12-02,1,0,2025:1
Ollie,1,2020-12-24,2020-12-24,1,0,2020:1
"Ollie Wride, The American English",1,2025-02-07,2025-02-07,1,0,2025:1
Olmos,1,2021-01-29,2021-01-29,1,0,2021:1
Olsson,1,2024-03-11,2024-03-11,1,0,2024:1
Omah Lay,1,2021-07-19,2021-07-19,1,0,2021:1
Omar Rodriguez,1,2023-01-16,2023-01-16,1,0,2023:1
Omarion feat. Kat DeLuna,1,2008-04-13,2008-04-13,1,0,2008:1
OMC,1,2013-03-07,2013-03-07,1,0,2013:1
Omnimotion,1,2013-03-13,2013-03-13,1,0,2013:1
Onda Norte,1,2020-04-14,2020-04-14,1,0,2020:1
Ondatrópica,1,2015-12-16,2015-12-16,1,0,2015:1
One Astra,1,2023-06-20,2023-06-20,1,0,2023:1
One Hundred Paces,1,2022-02-19,2022-02-19,1,0,2022:1
One Morning Left,1,2025-02-10,2025-02-10,1,0,2025:1
OneWayWill,1,2021-12-27,2021-12-27,1,0,2021:1
Open Sound,1,2021-03-16,2021-03-16,1,0,2021:1
Operator Music Band,1,2019-10-01,2019-10-01,1,0,2019:1
Orange Dog Club,1,2024-01-15,2024-01-15,1,0,2024:1
Orange Juice,1,2017-05-03,2017-05-03,1,0,2017:1
Ordinary Elephant,1,2019-06-06,2019-06-06,1,0,2019:1
Org Lounge,1,2013-02-16,2013-02-16,1,0,2013:1
Orgatronics,1,2013-01-20,2013-01-20,1,0,2013:1
Orgone,1,2015-01-21,2015-01-21,1,0,2015:1
Origami Human,1,2021-09-25,2021-09-25,1,0,2021:1
Orions Belte,1,2020-11-11,2020-11-11,1,0,2020:1
Orisaka Yuta,1,2019-08-13,2019-08-13,1,0,2019:1
Orkidea and David West,1,2012-09-16,2012-09-16,1,0,2012:1
"Orla Gartland, dodie, Greta Isaac",1,2025-05-20,2025-05-20,1,0,2025:1
"Orla Gartland, Tommy Lefroy",1,2025-05-20,2025-05-20,1,0,2025:1
Orlando Julius,1,2009-10-09,2009-10-09,1,0,2009:1
Orlando Weeks,1,2020-12-09,2020-12-09,1,0,2020:1
Ornette Coleman,1,2015-12-16,2015-12-16,1,0,2015:1
Os Fugitivos,1,2024-07-14,2024-07-14,1,0,2024:1
Os Ipanemas,1,2015-09-08,2015-09-08,1,0,2015:1
Oscar Isaac,1,2015-08-27,2015-08-27,1,0,2015:1
Oscar Jerome,1,2026-02-24,2026-02-24,1,0,2026:1
Oscar Peterson,1,2026-04-20,2026-04-20,1,0,2026:1
Oscar Peterson Trio,1,2014-12-30,2014-12-30,1,0,2014:1
Oscilla,1,2019-09-03,2019-09-03,1,0,2019:1
Oshima Brothers,1,2021-02-18,2021-02-18,1,0,2021:1
OSIBIH,1,2021-09-25,2021-09-25,1,0,2021:1
Oska,1,2020-10-21,2020-10-21,1,0,2020:1
Oskar Linnros,1,2010-11-27,2010-11-27,1,0,2010:1
Oslo Swan,1,2013-01-21,2013-01-21,1,0,2013:1
Ossie Woods,1,2019-11-28,2019-11-28,1,0,2019:1
OSTON,1,2024-01-14,2024-01-14,1,0,2024:1
Otis Brown III,1,2019-05-10,2019-05-10,1,0,2019:1
Otis Clay,1,2017-10-22,2017-10-22,1,0,2017:1
OTIS JUNIOR,1,2019-06-24,2019-06-24,1,0,2019:1
Otis McDonald,1,2022-09-26,2022-09-26,1,0,2022:1
Otto Brandenburg,1,2012-11-30,2012-11-30,1,0,2012:1
Otto Wahl,1,2017-11-27,2017-11-27,1,0,2017:1
Ouflen,1,2024-11-11,2024-11-11,1,0,2024:1
Our Native Daughters,1,2021-03-06,2021-03-06,1,0,2021:1
Ouse,1,2022-12-29,2022-12-29,1,0,2022:1
OUTCAST MUSIC,1,2024-04-09,2024-04-09,1,0,2024:1
Outernational Meltdown,1,2013-06-29,2013-06-29,1,0,2013:1
Outsiders,1,2026-08-22,2026-08-22,1,0,2026:1
Oval,1,2026-01-29,2026-01-29,1,0,2026:1
Over the Rhine,1,2015-03-31,2015-03-31,1,0,2015:1
Overpade,1,2022-01-04,2022-01-04,1,0,2022:1
"Ovy On The Drums, Myke Towers, La Joaqui",1,2024-07-01,2024-07-01,1,0,2024:1
Owari,1,2023-03-16,2023-03-16,1,0,2023:1
Owel,1,2019-06-13,2019-06-13,1,0,2019:1
Owen Larssen,1,2021-01-30,2021-01-30,1,0,2021:1
Owen Larsson,1,2021-01-30,2021-01-30,1,0,2021:1
Owen Riegling,1,2024-06-24,2024-06-24,1,0,2024:1
Owl City & Carly Rae Jepsen,1,2025-06-23,2025-06-23,1,0,2025:1
Oxide and Neutrino ft Kowdean,1,2007-09-17,2007-09-17,1,0,2007:1
"Oxmo Puccino, Dinos, Dosseh",1,2025-07-24,2025-07-24,1,0,2025:1
Oxymoron,1,2009-06-13,2009-06-13,1,0,2009:1
Ozma,1,2012-05-13,2012-05-13,1,0,2012:1
P!NCH,1,2023-09-18,2023-09-18,1,0,2023:1
"P!nk, Eminem",1,2025-01-17,2025-01-17,1,0,2025:1
"P!nk, Lily Allen",1,2025-01-17,2025-01-17,1,0,2025:1
"P!nk, Wrabel",1,2020-03-04,2020-03-04,1,0,2020:1
p-rallel,1,2023-02-10,2023-02-10,1,0,2023:1
P-Square,1,2013-06-29,2013-06-29,1,0,2013:1
"P. Diddy, Black Rob & Mark Curry",1,2009-01-18,2009-01-18,1,0,2009:1
P. Reign,1,2014-12-30,2014-12-30,1,0,2014:1
"Pabllo Vittar, NMIXX",1,2025-10-31,2025-10-31,1,0,2025:1
Pablo Alborán,1,2012-04-28,2012-04-28,1,0,2012:1
Pachyman,1,2025-05-30,2025-05-30,1,0,2025:1
Pacific,1,2013-01-20,2013-01-20,1,0,2013:1
Pacifica,1,2023-08-30,2023-08-30,1,0,2023:1
Paco Versailles,1,2022-10-22,2022-10-22,1,0,2022:1
Paddy Reily,1,2008-02-28,2008-02-28,1,0,2008:1
Paerish,1,2015-12-07,2015-12-07,1,0,2015:1
Pahua,1,2021-10-30,2021-10-30,1,0,2021:1
Paige Kennedy,1,2022-01-07,2022-01-07,1,0,2022:1
Paige Valentine,1,2024-01-15,2024-01-15,1,0,2024:1
Palace Winter,1,2015-12-16,2015-12-16,1,0,2015:1
"Paleni, Future of Lofi",1,2024-11-10,2024-11-10,1,0,2024:1
Palm Trees,1,2015-09-24,2015-09-24,1,0,2015:1
Palma Violets,1,2026-02-08,2026-02-08,1,0,2026:1
Pan-Pot,1,2014-12-29,2014-12-29,1,0,2014:1
"Panda Bear, Cindy Lee",1,2025-01-30,2025-01-30,1,0,2025:1
Pandora,1,2012-06-05,2012-06-05,1,0,2012:1
PandRezz,1,2019-09-18,2019-09-18,1,0,2019:1
Panta Ray,1,2022-06-17,2022-06-17,1,0,2022:1
Panteros666,1,2023-01-27,2023-01-27,1,0,2023:1
pantology,1,2019-06-24,2019-06-24,1,0,2019:1
Paolo Pellegrino,1,2019-06-06,2019-06-06,1,0,2019:1
PaoPao,1,2021-11-12,2021-11-12,1,0,2021:1
Papa,1,2014-11-30,2014-11-30,1,0,2014:1
Papa Grows Funk,1,2015-01-21,2015-01-21,1,0,2015:1
"Papa Roach, Toby Morse",1,2025-07-27,2025-07-27,1,0,2025:1
Paper Music Issue # 1,1,2021-12-29,2021-12-29,1,0,2021:1
Paperi T,1,2015-08-13,2015-08-13,1,0,2015:1
Paperi T & Khid,1,2014-07-26,2014-07-26,1,0,2014:1
Paprika Kinski,1,2022-10-22,2022-10-22,1,0,2022:1
Para One,1,2026-09-04,2026-09-04,1,0,2026:1
Parachute Words,1,2019-08-28,2019-08-28,1,0,2019:1
"Paradiam, Lola",1,2024-11-11,2024-11-11,1,0,2024:1
Paradisio,1,2012-05-23,2012-05-23,1,0,2012:1
parango,1,2025-07-24,2025-07-24,1,0,2025:1
Pardison Fontaine,1,2019-05-16,2019-05-16,1,0,2019:1
Parekh & Singh,1,2019-06-15,2019-06-15,1,0,2019:1
"Paris Hilton, Meghan Trainor",1,2024-08-02,2024-08-02,1,0,2024:1
"Paris Hilton, Rina Sawayama",1,2024-07-16,2024-07-16,1,0,2024:1
Paris Jackson,1,2023-08-30,2023-08-30,1,0,2023:1
Paris Music,1,2014-01-21,2014-01-21,1,0,2014:1
Paris Street Rebels,1,2019-08-28,2019-08-28,1,0,2019:1
Parker Millsap,1,2015-03-23,2015-03-23,1,0,2015:1
"Parks, Squares and Alleys",1,2022-11-17,2022-11-17,1,0,2022:1
parnishka,1,2020-11-11,2020-11-11,1,0,2020:1
Parra for Cuva,1,2017-10-21,2017-10-21,1,0,2017:1
Parson James,1,2015-09-09,2015-09-09,1,0,2015:1
Particle House,1,2021-02-25,2021-02-25,1,0,2021:1
Particle Kid,1,2022-09-04,2022-09-04,1,0,2022:1
PartIka,1,2021-02-25,2021-02-25,1,0,2021:1
Party Pupils,1,2023-11-07,2023-11-07,1,0,2023:1
"PARTYOF2, Jadagrace, Swim",1,2025-12-31,2025-12-31,1,0,2025:1
Pasi Kaunisto,1,2012-12-01,2012-12-01,1,0,2012:1
Pasquale Catalano,1,2017-11-28,2017-11-28,1,0,2017:1
Passafire,1,2009-10-09,2009-10-09,1,0,2009:1
Passengers,1,2007-10-31,2007-10-31,1,0,2007:1
Pastelle,1,2021-09-25,2021-09-25,1,0,2021:1
PAT,1,2019-08-28,2019-08-28,1,0,2019:1
Pat & The Blenders,1,2015-11-18,2015-11-18,1,0,2015:1
Pat Benatar,1,2024-07-20,2024-07-20,1,0,2024:1
Pat Boone,1,2008-12-30,2008-12-30,1,0,2008:1
Pat Chun,1,2013-02-16,2013-02-16,1,0,2013:1
Pathfinder,1,2012-07-15,2012-07-15,1,0,2012:1
Pathogen,1,2021-06-23,2021-06-23,1,0,2021:1
Pato Banton,1,2015-12-08,2015-12-08,1,0,2015:1
"Patrice, Mr Eazi, Jugglerz",1,2020-03-23,2020-03-23,1,0,2020:1
Patricia Kopatchinskaja,1,2026-02-03,2026-02-03,1,0,2026:1
Patrick Doyle,1,2017-11-28,2017-11-28,1,0,2017:1
Patrick Droney,1,2021-03-04,2021-03-04,1,0,2021:1
Patrick Fiori,1,2025-12-02,2025-12-02,1,0,2025:1
"Patrick Fiori, Florent Pagny",1,2025-11-03,2025-11-03,1,0,2025:1
Patrick Martin,1,2019-06-13,2019-06-13,1,0,2019:1
Patrick Street,1,2009-10-17,2009-10-17,1,0,2009:1
Patti Page,1,2008-12-30,2008-12-30,1,0,2008:1
Paul Dally,1,2024-01-02,2024-01-02,1,0,2024:1
Paul Engemann,1,2023-06-16,2023-06-16,1,0,2023:1
Paul Kalkbrenner,1,2014-12-29,2014-12-29,1,0,2014:1
Paul Kloschinsky,1,2013-01-18,2013-01-18,1,0,2013:1
Paul Lomax,1,2012-05-27,2012-05-27,1,0,2012:1
Paul Murphy,1,2013-03-20,2013-03-20,1,0,2013:1
Paul Nedzela,1,2019-08-30,2019-08-30,1,0,2019:1
Paul Randolph,1,2023-02-05,2023-02-05,1,0,2023:1
"Paul Russell, Meghan Trainor",1,2024-08-02,2024-08-02,1,0,2024:1
Paul the Neighbour,1,2022-04-23,2022-04-23,1,0,2022:1
Paul Webster,1,2012-11-28,2012-11-28,1,0,2012:1
Paul Westerberg,1,2026-06-05,2026-06-05,1,0,2026:1
Paula Abdul,1,2006-10-18,2006-10-18,1,0,2006:1
Paula Davis,1,2018-03-19,2018-03-19,1,0,2018:1
Paula Sergio,1,2021-11-20,2021-11-20,1,0,2021:1
Paula Tape,1,2022-12-30,2022-12-30,1,0,2022:1
Pauline Croze,1,2025-12-04,2025-12-04,1,0,2025:1
Pave Maijanen,1,2015-11-16,2015-11-16,1,0,2015:1
Pavlov's Dog,1,2022-04-20,2022-04-20,1,0,2022:1
Pavo Pavo,1,2019-07-21,2019-07-21,1,0,2019:1
Payday,1,2021-02-05,2021-02-05,1,0,2021:1
Payton Smith,1,2023-02-04,2023-02-04,1,0,2023:1
Peabo Bryson,1,2013-05-05,2013-05-05,1,0,2013:1
Peach Luffe,1,2025-06-14,2025-06-14,1,0,2025:1
Peach Tree Rascals,1,2024-04-30,2024-04-30,1,0,2024:1
Peaches,1,2026-02-24,2026-02-24,1,0,2026:1
peaer,1,2019-08-28,2019-08-28,1,0,2019:1
Pebbles&TamTam,1,2025-07-22,2025-07-22,1,0,2025:1
Pecas,1,2022-09-26,2022-09-26,1,0,2022:1
Peder,1,2013-11-19,2013-11-19,1,0,2013:1
Pedro Luís e A Parede,1,2017-07-02,2017-07-02,1,0,2017:1
Pedro Mizutani,1,2024-07-14,2024-07-14,1,0,2024:1
Peggy Gou,1,2021-12-29,2021-12-29,1,0,2021:1
Pehmoaino,1,2023-07-07,2023-07-07,1,0,2023:1
Peking Duk,1,2017-07-06,2017-07-06,1,0,2017:1
Pelada,1,2019-08-28,2019-08-28,1,0,2019:1
Pelt,1,2013-01-16,2013-01-16,1,0,2013:1
Pem,1,2024-04-30,2024-04-30,1,0,2024:1
Pen Pals,1,2020-10-13,2020-10-13,1,0,2020:1
Penny Parker,1,2022-05-23,2022-05-23,1,0,2022:1
Penny Roox,1,2021-01-29,2021-01-29,1,0,2021:1
"Pentatonix, The Filharmonic, The Cantasticos, The Singboks, Penn Masala",1,2020-03-19,2020-03-19,1,0,2020:1
Pentire,1,2021-04-27,2021-04-27,1,0,2021:1
Pentti Rasinkangas,1,2022-04-23,2022-04-23,1,0,2022:1
People club,1,2021-01-29,2021-01-29,1,0,2021:1
People Under the Stairs,1,2015-04-10,2015-04-10,1,0,2015:1
People's Choice,1,2015-11-18,2015-11-18,1,0,2015:1
Pepe pecas,1,2020-11-11,2020-11-11,1,0,2020:1
Pepe Willberg,1,2023-07-07,2023-07-07,1,0,2023:1
"Pepper, Lola",1,2024-11-11,2024-11-11,1,0,2024:1
Per Störby Jutbring,1,2014-06-03,2014-06-03,1,0,2014:1
Percussion Bullet,1,2013-03-13,2013-03-13,1,0,2013:1
Perfect Pitch,1,2020-03-19,2020-03-19,1,0,2020:1
Perpetuous Dreamer,1,2012-07-29,2012-07-29,1,0,2012:1
Perséide,1,2026-07-29,2026-07-29,1,0,2026:1
Perturbator,1,2023-07-07,2023-07-07,1,0,2023:1
Petal,1,2026-06-05,2026-06-05,1,0,2026:1
Pete Heller,1,2012-08-28,2012-08-28,1,0,2012:1
Pete Roe,1,2013-01-16,2013-01-16,1,0,2013:1
Pete Seeger,1,2013-03-07,2013-03-07,1,0,2013:1
Peter and Kerry,1,2019-07-24,2019-07-24,1,0,2019:1
Peter and the Roses,1,2026-09-02,2026-09-02,1,0,2026:1
Peter Andre,1,2007-10-06,2007-10-06,1,0,2007:1
Peter Breiner,1,2022-05-21,2022-05-21,1,0,2022:1
Peter Cat Recording Co.,1,2019-06-24,2019-06-24,1,0,2019:1
Peter Cincotti,1,2009-10-09,2009-10-09,1,0,2009:1
Peter Doherty,1,2025-07-12,2025-07-12,1,0,2025:1
Peter Gergely,1,2020-12-29,2020-12-29,1,0,2020:1
Peter Kruder,1,2015-04-10,2015-04-10,1,0,2015:1
Peter Smith,1,2020-12-02,2020-12-02,1,0,2020:1
Peter Sommer,1,2010-08-18,2010-08-18,1,0,2010:1
Peter The Human Boy,1,2021-01-17,2021-01-17,1,0,2021:1
Petey Pablo,1,2020-09-29,2020-09-29,1,0,2020:1
Petite Amie,1,2024-03-29,2024-03-29,1,0,2024:1
Petite Meller,1,2015-07-03,2015-07-03,1,0,2015:1
Petite Noir,1,2019-05-13,2019-05-13,1,0,2019:1
Petter,1,2010-11-28,2010-11-28,1,0,2010:1
Petticoat,1,2021-02-05,2021-02-05,1,0,2021:1
Peytan Porter,1,2024-07-13,2024-07-13,1,0,2024:1
Peyton,1,2021-07-31,2021-07-31,1,0,2021:1
PGF Nuk,1,2022-04-18,2022-04-18,1,0,2022:1
"Phantogram, Whethan",1,2025-11-12,2025-11-12,1,0,2025:1
Phantom,1,2014-07-26,2014-07-26,1,0,2014:1
Pharis & Jason Romero,1,2015-03-20,2015-03-20,1,0,2015:1
"Pharrell Williams, Travis Scott",1,2024-07-19,2024-07-19,1,0,2024:1
Phat Phunktion,1,2015-01-21,2015-01-21,1,0,2015:1
Phew,1,2023-08-27,2023-08-27,1,0,2023:1
Phil from Havêa,1,2021-02-25,2021-02-25,1,0,2021:1
Phil Vassar,1,2012-05-07,2012-05-07,1,0,2012:1
Phil Wickham,1,2009-10-17,2009-10-17,1,0,2009:1
Philanthrope,1,2024-11-10,2024-11-10,1,0,2024:1
Phildel,1,2015-12-09,2015-12-09,1,0,2015:1
Philip George,1,2015-05-27,2015-05-27,1,0,2015:1
Philip Owusu,1,2024-05-08,2024-05-08,1,0,2024:1
Phillip Phillips,1,2013-05-24,2013-05-24,1,0,2013:1
"Phillipa Soo, Original Broadway Cast of Hamilton",1,2025-01-19,2025-01-19,1,0,2025:1
"Phoebe Bridgers, Abby Gundersen, Noah Gundersen",1,2024-09-30,2024-09-30,1,0,2024:1
Phoebe ∆X∆,1,2021-01-04,2021-01-04,1,0,2021:1
Phoenix James,1,2023-01-16,2023-01-16,1,0,2023:1
Phonte,1,2026-02-03,2026-02-03,1,0,2026:1
Phuture Noize,1,2026-08-22,2026-08-22,1,0,2026:1
Physics,1,2013-11-19,2013-11-19,1,0,2013:1
"physis, re:plus",1,2024-11-11,2024-11-11,1,0,2024:1
Phèdre,1,2013-09-21,2013-09-21,1,0,2013:1
Pia Mia,1,2026-02-14,2026-02-14,1,0,2026:1
Piano,1,2013-08-20,2013-08-20,1,0,2013:1
Pianomies,1,2017-06-11,2017-06-11,1,0,2017:1
Picaflor de los Andes,1,2024-07-13,2024-07-13,1,0,2024:1
Picard Brothers,1,2026-09-02,2026-09-02,1,0,2026:1
Piemont,1,2014-12-29,2014-12-29,1,0,2014:1
Pierce the Veil,1,2023-05-12,2023-05-12,1,0,2023:1
Pierre Bachelet,1,2009-06-13,2009-06-13,1,0,2009:1
Piers Faccini,1,2013-01-16,2013-01-16,1,0,2013:1
Pieter Schoeman,1,2013-03-20,2013-03-20,1,0,2013:1
Piezo,1,2020-09-29,2020-09-29,1,0,2020:1
Piglet,1,2021-05-06,2021-05-06,1,0,2021:1
Pigpen Theatre Co.,1,2013-01-16,2013-01-16,1,0,2013:1
"Pihka, Myrsky",1,2025-02-10,2025-02-10,1,0,2025:1
Pihlaja,1,2021-01-30,2021-01-30,1,0,2021:1
Pikku G,1,2022-08-21,2022-08-21,1,0,2022:1
Pilote,1,2012-05-03,2012-05-03,1,0,2012:1
Pimmie,1,2025-09-14,2025-09-14,1,0,2025:1
Pimp C,1,2025-08-08,2025-08-08,1,0,2025:1
Pimps of Joytime,1,2015-01-21,2015-01-21,1,0,2015:1
Pinchas Zukerman,1,2026-03-30,2026-03-30,1,0,2026:1
Pink Mountaintops,1,2015-04-20,2015-04-20,1,0,2015:1
Pink Noisy,1,2013-01-23,2013-01-23,1,0,2013:1
"Pink Slip, Christina Vidal Mitchell, Disney",1,2025-07-22,2025-07-22,1,0,2025:1
Pink Sweat$,1,2021-03-04,2021-03-04,1,0,2021:1
Pinkshift,1,2023-10-22,2023-10-22,1,0,2023:1
Pint Shot Riot,1,2012-07-12,2012-07-12,1,0,2012:1
Piqsiq,1,2025-11-05,2025-11-05,1,0,2025:1
Pirkka-Pekka Petelius,1,2021-04-09,2021-04-09,1,0,2021:1
Pist.On,1,2009-06-14,2009-06-14,1,0,2009:1
"Pitbull, TKZee and Dario G",1,2012-07-09,2012-07-09,1,0,2012:1
PIVOT Gang,1,2019-08-14,2019-08-14,1,0,2019:1
Pixx,1,2015-09-22,2015-09-22,1,0,2015:1
Placid Larry,1,2013-02-16,2013-02-16,1,0,2013:1
PLAIINS,1,2023-10-22,2023-10-22,1,0,2023:1
Planet Funk,1,2012-05-14,2012-05-14,1,0,2012:1
planet IBIZA,1,2022-12-29,2022-12-29,1,0,2022:1
"PlaqueBoyMax, Quavo",1,2025-05-30,2025-05-30,1,0,2025:1
Plastikman,1,2014-12-29,2014-12-29,1,0,2014:1
PLAVE,1,2026-02-14,2026-02-14,1,0,2026:1
PLAYAMANE,1,2022-05-27,2022-05-27,1,0,2022:1
Playing For Change,1,2012-07-12,2012-07-12,1,0,2012:1
Playwrite,1,2019-11-26,2019-11-26,1,0,2019:1
Playyard,1,2021-01-17,2021-01-17,1,0,2021:1
Plej,1,2015-11-30,2015-11-30,1,0,2015:1
Plivi,1,2024-06-17,2024-06-17,1,0,2024:1
PLK,1,2025-09-08,2025-09-08,1,0,2025:1
"Pls&Ty, Alex Aiono, Wifisfuneral",1,2020-04-03,2020-04-03,1,0,2020:1
"PLS&TY, Kyan",1,2020-04-03,2020-04-03,1,0,2020:1
"Pls&Ty, Sean Kingston",1,2020-04-03,2020-04-03,1,0,2020:1
Plusma,1,2019-09-18,2019-09-18,1,0,2019:1
"PLUTO, Sexyy Red, NaNaski",1,2025-09-26,2025-09-26,1,0,2025:1
PNL,1,2025-12-13,2025-12-13,1,0,2025:1
Pochill,1,2013-01-22,2013-01-22,1,0,2013:1
Poi Dog Pondering,1,2009-06-14,2009-06-14,1,0,2009:1
Poison,1,2023-07-18,2023-07-18,1,0,2023:1
Pokémon,1,2021-11-12,2021-11-12,1,0,2021:1
Pola & Bryson,1,2017-11-23,2017-11-23,1,0,2017:1
Polar Bear,1,2015-04-20,2015-04-20,1,0,2015:1
Polezsky,1,2021-01-29,2021-01-29,1,0,2021:1
Poliça,1,2015-04-10,2015-04-10,1,0,2015:1
Pollie Pop,1,2012-09-09,2012-09-09,1,0,2012:1
Polo G,1,2021-11-13,2021-11-13,1,0,2021:1
"POLO PERKS <3 <3 <3, FearDorian, AyooLii",1,2024-07-13,2024-07-13,1,0,2024:1
Polographia,1,2017-11-27,2017-11-27,1,0,2017:1
Poltergeist,1,2025-07-24,2025-07-24,1,0,2025:1
Polysun,1,2022-10-22,2022-10-22,1,0,2022:1
POM,1,2022-10-02,2022-10-02,1,0,2022:1
Poncho Sanchez,1,2015-01-21,2015-01-21,1,0,2015:1
Pony Bradshaw,1,2021-01-30,2021-01-30,1,0,2021:1
Pool Kids,1,2023-07-17,2023-07-17,1,0,2023:1
Pool Sharks,1,2019-08-28,2019-08-28,1,0,2019:1
poolsideconvo,1,2021-09-25,2021-09-25,1,0,2021:1
Poom,1,2022-10-22,2022-10-22,1,0,2022:1
Pop Quiz Kid,1,2019-08-28,2019-08-28,1,0,2019:1
Pop Tops,1,2020-09-03,2020-09-03,1,0,2020:1
Pop Totz,1,2021-11-11,2021-11-11,1,0,2021:1
Popcaan,1,2022-04-02,2022-04-02,1,0,2022:1
Popeska,1,2017-11-27,2017-11-27,1,0,2017:1
Poppy,1,2023-10-28,2023-10-28,1,0,2023:1
Poppy Jean Crawford,1,2025-01-21,2025-01-21,1,0,2025:1
Pops Kenkyukai,1,2019-08-23,2019-08-23,1,0,2019:1
Porcelain Raft,1,2014-01-16,2014-01-16,1,0,2014:1
Porsh Bet$,1,2020-12-19,2020-12-19,1,0,2020:1
Port O'Brien,1,2013-08-20,2013-08-20,1,0,2013:1
"Post Malone, Blake Shelton",1,2024-08-17,2024-08-17,1,0,2024:1
"Post Malone, Brad Paisley",1,2024-08-17,2024-08-17,1,0,2024:1
"Post Malone, Dolly Parton",1,2024-08-17,2024-08-17,1,0,2024:1
"Post Malone, Hank Williams Jr.",1,2024-08-17,2024-08-17,1,0,2024:1
"Post Malone, Morgan Wallen",1,2024-08-17,2024-08-17,1,0,2024:1
"Post Malone, SZA",1,2020-03-04,2020-03-04,1,0,2020:1
"Post Malone, Tim McGraw",1,2024-08-17,2024-08-17,1,0,2024:1
Post Sex Nachos,1,2024-02-22,2024-02-22,1,0,2024:1
Pottery,1,2019-05-13,2019-05-13,1,0,2019:1
Pouya,1,2026-07-06,2026-07-06,1,0,2026:1
Povod,1,2022-06-13,2022-06-13,1,0,2022:1
Powers,1,2026-08-21,2026-08-21,1,0,2026:1
"Powfu, beabadoobee",1,2020-04-07,2020-04-07,1,0,2020:1
Prefab Sprout,1,2009-12-24,2009-12-24,1,0,2009:1
Prelow,1,2019-06-13,2019-06-13,1,0,2019:1
Prentiss,1,2021-01-29,2021-01-29,1,0,2021:1
PREP,1,2019-11-26,2019-11-26,1,0,2019:1
Pressyes,1,2022-09-26,2022-09-26,1,0,2022:1
Presto feat. LOWD,1,2010-05-07,2010-05-07,1,0,2010:1
Pretty Bitter,1,2026-03-12,2026-03-12,1,0,2026:1
Prettyboyworldwyde,1,2021-03-13,2021-03-13,1,0,2021:1
Pretz,1,2007-12-09,2007-12-09,1,0,2007:1
PRGMAT,1,2024-11-11,2024-11-11,1,0,2024:1
Prima stanza a destra,1,2026-08-03,2026-08-03,1,0,2026:1
Prince Buster,1,2022-04-08,2022-04-08,1,0,2022:1
Prince of Assyria,1,2012-07-20,2012-07-20,1,0,2012:1
Princess Chelsea,1,2022-10-02,2022-10-02,1,0,2022:1
Private Island,1,2023-06-12,2023-06-12,1,0,2023:1
Prodoxo,1,2013-01-20,2013-01-20,1,0,2013:1
Prof,1,2026-07-06,2026-07-06,1,0,2026:1
Project Pablo,1,2021-12-29,2021-12-29,1,0,2021:1
Projeto Caleidoscópio,1,2021-05-25,2021-05-25,1,0,2021:1
Props,1,2021-01-29,2021-01-29,1,0,2021:1
PROTECT,1,2025-12-01,2025-12-01,1,0,2025:1
Protomartyr,1,2026-04-06,2026-04-06,1,0,2026:1
Pryce,1,2022-02-15,2022-02-15,1,0,2022:1
Psalm Trees,1,2019-09-18,2019-09-18,1,0,2019:1
Psycobossa,1,2024-11-10,2024-11-10,1,0,2024:1
Psyko Punkz,1,2026-08-22,2026-08-22,1,0,2026:1
Puar,1,2024-11-10,2024-11-10,1,0,2024:1
Public,1,2021-03-04,2021-03-04,1,0,2021:1
Public Domain,1,2011-01-04,2011-01-04,1,0,2011:1
Public Practice,1,2020-12-09,2020-12-09,1,0,2020:1
Pud,1,2023-03-16,2023-03-16,1,0,2023:1
Pugh Rogefeldt,1,2025-07-16,2025-07-16,1,0,2025:1
PUP,1,2022-04-02,2022-04-02,1,0,2022:1
Pupkulies & Rebecca,1,2021-12-11,2021-12-11,1,0,2021:1
Puppa J,1,2012-05-11,2012-05-11,1,0,2012:1
Pure Bathing Culture,1,2019-07-18,2019-07-18,1,0,2019:1
PVRIS,1,2023-02-01,2023-02-01,1,0,2023:1
PYJÆN,1,2019-08-30,2019-08-30,1,0,2019:1
"PYJÆN, Blue Lab Beats",1,2024-10-10,2024-10-10,1,0,2024:1
Pyrythekid,1,2021-01-30,2021-01-30,1,0,2021:1
Pérez Prado,1,2017-06-17,2017-06-17,1,0,2017:1
Q Lazzarus,1,2009-10-31,2009-10-31,1,0,2009:1
Quakers,1,2015-09-29,2015-09-29,1,0,2015:1
"Quality Control, Takeoff, Travis Scott",1,2020-04-23,2020-04-23,1,0,2020:1
Quarry,1,2023-06-20,2023-06-20,1,0,2023:1
Quarters of Change,1,2021-02-17,2021-02-17,1,0,2021:1
Quartier Celeste,1,2026-08-24,2026-08-24,1,0,2026:1
Quase-ilha,1,2024-07-14,2024-07-14,1,0,2024:1
Queen Ifrica,1,2015-08-18,2015-08-18,1,0,2015:1
Queenie,1,2026-07-29,2026-07-29,1,0,2026:1
Quenzon,1,2021-04-05,2021-04-05,1,0,2021:1
Quiet Arrows,1,2017-09-21,2017-09-21,1,0,2017:1
Quiet Corral,1,2015-03-23,2015-03-23,1,0,2015:1
Quiet Riot,1,2026-08-03,2026-08-03,1,0,2026:1
Quindon Tarver,1,2014-01-12,2014-01-12,1,0,2014:1
quinnie,1,2024-04-22,2024-04-22,1,0,2024:1
Quirke,1,2015-04-20,2015-04-20,1,0,2015:1
Qulinez,1,2015-09-10,2015-09-10,1,0,2015:1
R. Kelly & Jay-Z,1,2012-05-18,2012-05-18,1,0,2012:1
R. Kelly duet with Usher,1,2009-08-13,2009-08-13,1,0,2009:1
R. Kelly feat. Kid Rock & Ludacris,1,2009-08-13,2009-08-13,1,0,2009:1
R. Kelly featuring Chamillionaire,1,2009-08-13,2009-08-13,1,0,2009:1
R.I.O. feat. Nicco,1,2013-01-06,2013-01-06,1,0,2013:1
R.L. Burnside,1,2013-08-27,2013-08-27,1,0,2013:1
R2,1,2026-07-06,2026-07-06,1,0,2026:1
R2R MOE,1,2025-12-30,2025-12-30,1,0,2025:1
Ra Ra Raj,1,2019-09-18,2019-09-18,1,0,2019:1
Rabit,1,2023-08-27,2023-08-27,1,0,2023:1
RAC,1,2015-12-08,2015-12-08,1,0,2015:1
"Rachel Chinouriri, Boyish",1,2026-01-14,2026-01-14,1,0,2026:1
Rachel Platten,1,2015-08-17,2015-08-17,1,0,2015:1
Rachel Sandy,1,2022-05-23,2022-05-23,1,0,2022:1
Racing Mount Pleasant,1,2026-01-16,2026-01-16,1,0,2026:1
Radio Free Alice,1,2024-02-23,2024-02-23,1,0,2024:1
Radstewart,1,2013-09-21,2013-09-21,1,0,2013:1
RAE KHALIL,1,2024-08-22,2024-08-22,1,0,2024:1
"Rae Sremmurd, Swae Lee, Slim Jxmmi",1,2020-04-23,2020-04-23,1,0,2020:1
Rael Jones,1,2017-11-28,2017-11-28,1,0,2017:1
RaeLynn,1,2015-09-14,2015-09-14,1,0,2015:1
Rafael Toral,1,2026-01-23,2026-01-23,1,0,2026:1
"Rag'n'Bone Man, WizTheMc",1,2025-07-21,2025-07-21,1,0,2025:1
Ragamuffs,1,2021-10-27,2021-10-27,1,0,2021:1
Ragz Originale,1,2023-02-10,2023-02-10,1,0,2023:1
Rahhh,1,2021-11-12,2021-11-12,1,0,2021:1
Rahsaan Roland Kirk,1,2023-02-05,2023-02-05,1,0,2023:1
Railroad Earth,1,2013-01-16,2013-01-16,1,0,2013:1
Raimundos,1,2015-04-01,2015-04-01,1,0,2015:1
"Rain City Drive, Dayseeker",1,2025-06-05,2025-06-05,1,0,2025:1
Rain Man,1,2007-12-09,2007-12-09,1,0,2007:1
Rain on Fridays,1,2019-08-28,2019-08-28,1,0,2019:1
Rain on Monday,1,2019-09-04,2019-09-04,1,0,2019:1
Rain Radiance,1,2024-03-11,2024-03-11,1,0,2024:1
Rain Sound Studio,1,2024-03-11,2024-03-11,1,0,2024:1
Rainbow,1,2009-10-31,2009-10-31,1,0,2009:1
Rakim,1,2025-08-08,2025-08-08,1,0,2025:1
Ralf,1,2021-03-06,2021-03-06,1,0,2021:1
Ram Jam,1,2010-08-18,2010-08-18,1,0,2010:1
Ramon Balcazar,1,2015-12-14,2015-12-14,1,0,2015:1
Ramona Vee,1,2021-09-25,2021-09-25,1,0,2021:1
Rampa,1,2023-09-27,2023-09-27,1,0,2023:1
"Ramsey, Dollabillgates",1,2024-11-19,2024-11-19,1,0,2024:1
"Ramsey, DollaBillGates, Riff Raff",1,2024-11-19,2024-11-19,1,0,2024:1
"Ramsey, Isaac Kawelo",1,2024-11-19,2024-11-19,1,0,2024:1
Random XS,1,2019-08-28,2019-08-28,1,0,2019:1
Randy Oppenheim,1,2019-11-28,2019-11-28,1,0,2019:1
Rangiroa,1,2013-02-16,2013-02-16,1,0,2013:1
Rani Christie,1,2023-12-06,2023-12-06,1,0,2023:1
Raphaël,1,2025-12-02,2025-12-02,1,0,2025:1
"Rapsody, Amber Navran",1,2020-03-15,2020-03-15,1,0,2020:1
Rare Bird,1,2022-04-20,2022-04-20,1,0,2022:1
Raria,1,2022-06-08,2022-06-08,1,0,2022:1
"Rascal Flatts, Brandon Lake",1,2025-09-11,2025-09-11,1,0,2025:1
Rasel,1,2012-07-12,2012-07-12,1,0,2012:1
Rat & co,1,2015-12-11,2015-12-11,1,0,2015:1
RAT BOY,1,2020-10-09,2020-10-09,1,0,2020:1
Ratboys,1,2025-10-09,2025-10-09,1,0,2025:1
Rationale,1,2016-02-03,2016-02-03,1,0,2016:1
Rats On Rafts,1,2015-12-16,2015-12-16,1,0,2015:1
Raul Seixas,1,2014-06-11,2014-06-11,1,0,2014:1
Rauw Alejandro,1,2021-06-23,2021-06-23,1,0,2021:1
Raven,1,2019-05-13,2019-05-13,1,0,2019:1
Raven Maize,1,2012-08-28,2012-08-28,1,0,2012:1
Rawayana,1,2019-06-07,2019-06-07,1,0,2019:1
"Rawayana, Marc Seguí, Ben Aler",1,2025-07-14,2025-07-14,1,0,2025:1
RAY BLK,1,2017-04-04,2017-04-04,1,0,2017:1
Ray LaMontagne and the Pariah Dogs,1,2012-05-11,2012-05-11,1,0,2012:1
Ray Lynch,1,2013-08-21,2013-08-21,1,0,2013:1
Ray Parker Jr.,1,2015-06-25,2015-06-25,1,0,2015:1
"Ray Parker, Jr. And Raydio",1,2013-08-21,2013-08-21,1,0,2013:1
Ray Wilson,1,2022-04-19,2022-04-19,1,0,2022:1
"RAYE, The Heritage Orchestra, Anna Lapwood",1,2024-07-17,2024-07-17,1,0,2024:1
"RAYE, The Heritage Orchestra, Paul Murray",1,2024-07-17,2024-07-17,1,0,2024:1
Rayess Bek,1,2012-04-08,2012-04-08,1,0,2012:1
Raylee,1,2025-04-02,2025-04-02,1,0,2025:1
Rayner G.,1,2023-01-13,2023-01-13,1,0,2023:1
Rayven Justice,1,2014-12-30,2014-12-30,1,0,2014:1
Razor Braids,1,2023-01-16,2023-01-16,1,0,2023:1
Razorlight,1,2021-09-01,2021-09-01,1,0,2021:1
Razz,1,2026-08-28,2026-08-28,1,0,2026:1
RDM,1,2009-12-06,2009-12-06,1,0,2009:1
RDM ft. The Rolling Stones,1,2009-12-06,2009-12-06,1,0,2009:1
RDM/Shanade,1,2009-12-06,2009-12-06,1,0,2009:1
RDM/The Zutons,1,2009-12-06,2009-12-06,1,0,2009:1
re:plus,1,2019-08-23,2019-08-23,1,0,2019:1
Reading Background Music Playlist,1,2022-04-14,2022-04-14,1,0,2022:1
"Real Boston Richey, BenDaDonnn",1,2025-12-31,2025-12-31,1,0,2025:1
Real Daze,1,2026-09-04,2026-09-04,1,0,2026:1
Real McCoy,1,2013-02-22,2013-02-22,1,0,2013:1
"Rebeka Warrior, Flavien Berger",1,2025-11-30,2025-11-30,1,0,2025:1
Rebelión,1,2026-08-22,2026-08-22,1,0,2026:1
Rebelution,1,2009-10-09,2009-10-09,1,0,2009:1
"Rebūke, deadmau5, Ed Graves",1,2025-05-23,2025-05-23,1,0,2025:1
Recent Arts,1,2019-05-13,2019-05-13,1,0,2019:1
Red Hot Viper,1,2021-06-22,2021-06-22,1,0,2021:1
Red Lotus,1,2026-07-06,2026-07-06,1,0,2026:1
Red Wanting Blue,1,2022-06-16,2022-06-16,1,0,2022:1
Redbone,1,2010-08-18,2010-08-18,1,0,2010:1
Redolent,1,2023-02-04,2023-02-04,1,0,2023:1
Reel People,1,2012-08-27,2012-08-27,1,0,2012:1
"Regard, Ella Henderson",1,2024-07-19,2024-07-19,1,0,2024:1
Reggie Becton,1,2020-11-19,2020-11-19,1,0,2020:1
Rehana,1,2023-01-16,2023-01-16,1,0,2023:1
REI AMI,1,2020-09-26,2020-09-26,1,0,2020:1
Reijo Taipale,1,2013-12-06,2013-12-06,1,0,2013:1
Reino Nordin,1,2020-12-24,2020-12-24,1,0,2020:1
Relax Chillout Lounge,1,2025-04-24,2025-04-24,1,0,2025:1
Relaxed Minds,1,2017-09-04,2017-09-04,1,0,2017:1
Release the Sunbird,1,2015-12-04,2015-12-04,1,0,2015:1
"Rema, Selena Gomez",1,2025-06-25,2025-06-25,1,0,2025:1
remember property,1,2022-01-12,2022-01-12,1,0,2022:1
Ren,1,2026-05-23,2026-05-23,1,0,2026:1
Rence,1,2021-03-04,2021-03-04,1,0,2021:1
"Renell Shaw, Cassi Kinoshi",1,2024-10-05,2024-10-05,1,0,2024:1
Reno McCarthy,1,2023-01-31,2023-01-31,1,0,2023:1
Rentboy,1,2021-01-29,2021-01-29,1,0,2021:1
"Renée Elise Goldsberry, Original Broadway Cast of Hamilton",1,2025-01-19,2025-01-19,1,0,2025:1
"Renée Elise Goldsberry, Phillipa Soo, Jasmine Cephas Jones, Leslie Odom Jr., Original Broadway Cast of Hamilton",1,2025-01-05,2025-01-05,1,0,2025:1
Reptaliens,1,2019-09-17,2019-09-17,1,0,2019:1
Reservoir Dogs,1,2006-04-02,2006-04-02,1,0,2006:1
Reset Robot,1,2026-09-04,2026-09-04,1,0,2026:1
"Residente, Silvia Pérez Cruz & Penelope Cruz",1,2024-07-02,2024-07-02,1,0,2024:1
Retropop,1,2023-10-17,2023-10-17,1,0,2023:1
Return to Forever,1,2014-12-30,2014-12-30,1,0,2014:1
Returning Visitors,1,2020-12-24,2020-12-24,1,0,2020:1
Reuben James,1,2022-09-26,2022-09-26,1,0,2022:1
Reuben Vincent,1,2025-12-01,2025-12-01,1,0,2025:1
"Reuben Vincent, Marco Plus",1,2025-12-01,2025-12-01,1,0,2025:1
Reverend Horton Heat,1,2009-10-17,2009-10-17,1,0,2009:1
rews,1,2023-10-22,2023-10-22,1,0,2023:1
Rey Salinero,1,2013-03-06,2013-03-06,1,0,2013:1
Rey Sapienz,1,2019-08-28,2019-08-28,1,0,2019:1
Reyna Roberts,1,2026-08-07,2026-08-07,1,0,2026:1
"Rezz, Deadmau5",1,2025-02-06,2025-02-06,1,0,2025:1
Rhema Marvanne,1,2012-12-23,2012-12-23,1,0,2012:1
Rhodescreen,1,2013-05-30,2013-05-30,1,0,2013:1
Rhodz,1,2017-11-27,2017-11-27,1,0,2017:1
Rhys,1,2017-04-18,2017-04-18,1,0,2017:1
Ria Mae,1,2017-08-08,2017-08-08,1,0,2017:1
Rich Brian,1,2019-09-16,2019-09-16,1,0,2019:1
"Rich The Kid, Kendrick Lamar",1,2020-04-23,2020-04-23,1,0,2020:1
Richard Bona,1,2026-08-26,2026-08-26,1,0,2026:1
Richard Fairlie,1,2019-11-26,2019-11-26,1,0,2019:1
Richard Hawley,1,2012-07-19,2012-07-19,1,0,2012:1
Richard Mollenbeck,1,2018-03-19,2018-03-19,1,0,2018:1
Richard Reed Parry,1,2024-02-23,2024-02-23,1,0,2024:1
Richard Stoltzman,1,2010-04-24,2010-04-24,1,0,2010:1
Richard Thompson,1,2015-12-03,2015-12-03,1,0,2015:1
Richard Wagner,1,2009-10-31,2009-10-31,1,0,2009:1
Richie Quake,1,2023-11-07,2023-11-07,1,0,2023:1
Richie Sambora,1,2009-10-17,2009-10-17,1,0,2009:1
Richmond Fontaine,1,2010-11-28,2010-11-28,1,0,2010:1
Rick Astley,1,2013-03-06,2013-03-06,1,0,2013:1
Rick Flair,1,2019-08-28,2019-08-28,1,0,2019:1
Rick Preston,1,2009-12-08,2009-12-08,1,0,2009:1
Rick Ross,1,2021-11-13,2021-11-13,1,0,2021:1
"Rick Ross, Wale",1,2020-04-23,2020-04-23,1,0,2020:1
Rick Springfield,1,2013-08-21,2013-08-21,1,0,2013:1
Rickie Lee Jones,1,2025-09-11,2025-09-11,1,0,2025:1
Ricky Bradshaw,1,2009-12-08,2009-12-08,1,0,2009:1
Ricky Hollywood,1,2025-09-08,2025-09-08,1,0,2025:1
Ricky Montgomery,1,2025-07-23,2025-07-23,1,0,2025:1
Ricky Nelson,1,2012-12-19,2012-12-19,1,0,2012:1
Ricky Reed,1,2020-10-09,2020-10-09,1,0,2020:1
Rico Nasty,1,2020-03-20,2020-03-20,1,0,2020:1
riggy,1,2017-11-23,2017-11-23,1,0,2017:1
Riham,1,2012-09-16,2012-09-16,1,0,2012:1
RIIKI REID,1,2022-06-13,2022-06-13,1,0,2022:1
Riit,1,2025-11-05,2025-11-05,1,0,2025:1
Riki Sorsa,1,2021-04-09,2021-04-09,1,0,2021:1
Riley,1,2020-10-20,2020-10-20,1,0,2020:1
"Riley Green, Luke Combs",1,2025-09-11,2025-09-11,1,0,2025:1
Rin Ishi,1,2019-08-23,2019-08-23,1,0,2019:1
Ringo Sheena,1,2017-10-17,2017-10-17,1,0,2017:1
Rinneradio,1,2012-08-27,2012-08-27,1,0,2012:1
Rinôçérôse,1,2021-04-11,2021-04-11,1,0,2021:1
RIOPY,1,2025-02-23,2025-02-23,1,0,2025:1
Rioux,1,2016-02-03,2016-02-03,1,0,2016:1
Rita Marley,1,2015-12-08,2015-12-08,1,0,2015:1
Riton,1,2021-06-23,2021-06-23,1,0,2021:1
Ritva Mustonen-Laurilan musiikkileikkikoulun kuoro,1,2021-03-31,2021-03-31,1,0,2021:1
Rival,1,2021-06-23,2021-06-23,1,0,2021:1
RIZ LA VIE,1,2020-10-03,2020-10-03,1,0,2020:1
Rizzle Kicks,1,2013-11-17,2013-11-17,1,0,2013:1
RL Grime,1,2017-07-06,2017-07-06,1,0,2017:1
RM Hubbert,1,2015-04-20,2015-04-20,1,0,2015:1
RMaster,1,2017-05-23,2017-05-23,1,0,2017:1
"RNB.FOEMOB, That Mexican OT",1,2025-12-30,2025-12-30,1,0,2025:1
Ro$ama,1,2025-12-01,2025-12-01,1,0,2025:1
Roadkill Ghost Choir,1,2015-03-31,2015-03-31,1,0,2015:1
Rob,1,2010-10-04,2010-10-04,1,0,2010:1
Rob Grant,1,2023-10-21,2023-10-21,1,0,2023:1
Rob Mello,1,2009-12-08,2009-12-08,1,0,2009:1
Rob Moose,1,2023-06-11,2023-06-11,1,0,2023:1
Rob Simonsen,1,2017-06-14,2017-06-14,1,0,2017:1
Rob Zombie,1,2026-04-17,2026-04-17,1,0,2026:1
"Rob49, Sexyy Red, YTB Fatt",1,2025-05-30,2025-05-30,1,0,2025:1
"Robbie Williams, Laura Pausini",1,2025-07-21,2025-07-21,1,0,2025:1
Robby Hecht,1,2015-11-25,2015-11-25,1,0,2015:1
Robert Bacon,1,2021-12-27,2021-12-27,1,0,2021:1
Robert Francis,1,2015-03-20,2015-03-20,1,0,2015:1
Robert Glasper,1,2015-07-08,2015-07-08,1,0,2015:1
Robert Glasper Experiment,1,2026-07-16,2026-07-16,1,0,2026:1
"Robert Glasper, Killer Mike, BJ The Chicago Kid, Big K.R.I.T.",1,2024-10-05,2024-10-05,1,0,2024:1
Robert Johnson,1,2008-11-30,2008-11-30,1,0,2008:1
Robert Lester Folsom,1,2026-03-12,2026-03-12,1,0,2026:1
Robert Plant & Alison Krauss,1,2024-09-18,2024-09-18,1,0,2024:1
Robert Randolph & The Family Band,1,2012-05-11,2012-05-11,1,0,2012:1
Robert Schumann,1,2022-04-16,2022-04-16,1,0,2022:1
"Robert Vanderbilt, the Foundation of Souls",1,2025-12-17,2025-12-17,1,0,2025:1
Roberta Campos,1,2017-06-12,2017-06-12,1,0,2017:1
Roberta Kelly,1,2015-08-24,2015-08-24,1,0,2015:1
Roberto Rodriguez,1,2014-12-11,2014-12-11,1,0,2014:1
Robi,1,2022-08-07,2022-08-07,1,0,2022:1
Robin Bengtsson,1,2021-10-24,2021-10-24,1,0,2021:1
"Robin Schulz, Alligatoah",1,2025-05-30,2025-05-30,1,0,2025:1
"Robin Schulz, Ilsey",1,2025-05-30,2025-05-30,1,0,2025:1
"Robin Schulz, Jasmine Thompson",1,2025-05-30,2025-05-30,1,0,2025:1
Robin Thicke,1,2015-01-11,2015-01-11,1,0,2015:1
Rocco,1,2025-07-09,2025-07-09,1,0,2025:1
Rocco Prestia,1,2015-01-21,2015-01-21,1,0,2015:1
Rockers all stars,1,2022-04-09,2022-04-09,1,0,2022:1
Rocket,1,2026-05-05,2026-05-05,1,0,2026:1
Rockwell,1,2025-10-14,2025-10-14,1,0,2025:1
Rod Wave,1,2024-11-03,2024-11-03,1,0,2024:1
"Roddy Ricch, Meek Mill",1,2020-04-23,2020-04-23,1,0,2020:1
Rodney Crowell,1,2020-08-28,2020-08-28,1,0,2020:1
Rodrigo Amarante,1,2024-07-14,2024-07-14,1,0,2024:1
Rodriguez Jr.,1,2017-11-27,2017-11-27,1,0,2017:1
Roger Damawuzan,1,2023-02-05,2023-02-05,1,0,2023:1
Roger Sanchez,1,2012-08-28,2012-08-28,1,0,2012:1
Roger Waters,1,2024-07-17,2024-07-17,1,0,2024:1
Rohey,1,2017-12-07,2017-12-07,1,0,2017:1
Roken,1,2019-11-26,2019-11-26,1,0,2019:1
Roland Alphonso,1,2022-04-09,2022-04-09,1,0,2022:1
ROLE MODEL,1,2022-09-20,2022-09-20,1,0,2022:1
"ROLE MODEL, Lizzy McAlpine",1,2025-11-26,2025-11-26,1,0,2025:1
Rolipso,1,2024-02-21,2024-02-21,1,0,2024:1
Rollercone,1,2012-05-31,2012-05-31,1,0,2012:1
Roman GianArthur,1,2015-07-08,2015-07-08,1,0,2015:1
Roman Jensen,1,2019-11-28,2019-11-28,1,0,2019:1
Roman Lewis,1,2020-08-12,2020-08-12,1,0,2020:1
Roman Müller,1,2019-06-06,2019-06-06,1,0,2019:1
Rome Streetz,1,2026-02-03,2026-02-03,1,0,2026:1
Romeo + Juliet,1,2023-01-16,2023-01-16,1,0,2023:1
Romeo Santos,1,2022-10-20,2022-10-20,1,0,2022:1
Romeo Void,1,2025-11-05,2025-11-05,1,0,2025:1
Rommii,1,2024-07-13,2024-07-13,1,0,2024:1
"Romulo Fróes, Rodrigo Campos",1,2024-07-14,2024-07-14,1,0,2024:1
Romy Rose,1,2025-02-18,2025-02-18,1,0,2025:1
"Romy, Jessie Ware",1,2024-07-10,2024-07-10,1,0,2024:1
Ron Goodwin,1,2021-08-09,2021-08-09,1,0,2021:1
Ron Pope,1,2021-03-06,2021-03-06,1,0,2021:1
Rone,1,2016-02-02,2016-02-02,1,0,2016:1
"Rone, Baxter Dury",1,2025-09-08,2025-09-08,1,0,2025:1
Roni Bäck,1,2026-03-26,2026-03-26,1,0,2026:1
Ronnie Dunn,1,2014-01-13,2014-01-13,1,0,2014:1
Ronya,1,2015-12-07,2015-12-07,1,0,2015:1
ROO J,1,2020-11-19,2020-11-19,1,0,2020:1
Rookie of the Year,1,2013-01-18,2013-01-18,1,0,2013:1
Room 5,1,2012-08-28,2012-08-28,1,0,2012:1
Rootkit,1,2017-11-27,2017-11-27,1,0,2017:1
Roots Radics,1,2022-04-09,2022-04-09,1,0,2022:1
Rory Block,1,2019-05-07,2019-05-07,1,0,2019:1
Rory Fresco,1,2022-02-15,2022-02-15,1,0,2022:1
Rosa de Saron,1,2017-06-13,2017-06-13,1,0,2017:1
Rosa Passos,1,2014-01-12,2014-01-12,1,0,2014:1
Rosali,1,2026-04-23,2026-04-23,1,0,2026:1
"ROSALÍA, Carminho",1,2026-01-03,2026-01-03,1,0,2026:1
"ROSALÍA, Estrella Morente, Sílvia Pérez Cruz",1,2026-01-03,2026-01-03,1,0,2026:1
"Rosalía, The Weeknd",1,2026-01-12,2026-01-12,1,0,2026:1
"Rosalía, Tokischa",1,2026-01-12,2026-01-12,1,0,2026:1
Rosana,1,2017-07-31,2017-07-31,1,0,2017:1
Rosanne Cash,1,2026-01-26,2026-01-26,1,0,2026:1
"Rosario Dawson, Taye Diggs, Idina Menzel, Jesse L. Martin, Adam Pascal, Tracie Thoms, Anthony Rapp, Wilson Jermaine Heredia",1,2020-03-19,2020-03-19,1,0,2020:1
Rose,1,2025-12-04,2025-12-04,1,0,2025:1
Rose Falcon,1,2015-09-14,2015-09-14,1,0,2015:1
Rose Gray,1,2023-01-27,2023-01-27,1,0,2023:1
Rosehardt,1,2023-09-27,2023-09-27,1,0,2023:1
Rosemary & Garlic,1,2017-09-21,2017-09-21,1,0,2017:1
Rosemary Clooney,1,2008-12-30,2008-12-30,1,0,2008:1
Rosenquarz Entspannungsmusik,1,2012-09-17,2012-09-17,1,0,2012:1
Roses & Revolutions,1,2020-12-30,2020-12-30,1,0,2020:1
Rosi Peloni,1,2017-12-04,2017-12-04,1,0,2017:1
Rosie O'Donnell,1,2014-09-26,2014-09-26,1,0,2014:1
Rosier,1,2021-01-30,2021-01-30,1,0,2021:1
Ross Copperman,1,2019-05-07,2019-05-07,1,0,2019:1
Rot Ken,1,2021-09-25,2021-09-25,1,0,2021:1
Rothrigo,1,2021-02-05,2021-02-05,1,0,2021:1
Routine,1,2020-12-31,2020-12-31,1,0,2020:1
Roxanne Shanté,1,2026-02-20,2026-02-20,1,0,2026:1
Roy Panton,1,2022-04-09,2022-04-09,1,0,2022:1
Royal Bangs,1,2015-04-07,2015-04-07,1,0,2015:1
Royal Blood,1,2022-05-29,2022-05-29,1,0,2022:1
rozzi,1,2020-12-02,2020-12-02,1,0,2020:1
RRUCCULLA,1,2019-05-03,2019-05-03,1,0,2019:1
RSC,1,2025-10-15,2025-10-15,1,0,2025:1
"Rsko, Aya Nakamura",1,2025-02-19,2025-02-19,1,0,2025:1
"RUA YOUNG, KB",1,2025-07-23,2025-07-23,1,0,2025:1
RubberBand,1,2024-09-02,2024-09-02,1,0,2024:1
Rubik,1,2013-04-07,2013-04-07,1,0,2013:1
Ruby,1,2023-06-11,2023-06-11,1,0,2023:1
Ruby Aeron,1,2022-02-15,2022-02-15,1,0,2022:1
Ruby Andrews,1,2020-09-08,2020-09-08,1,0,2020:1
Ruby Duff,1,2024-02-22,2024-02-22,1,0,2024:1
Ruby the Rabbitfoot,1,2015-11-25,2015-11-25,1,0,2015:1
Ruby Weapon,1,2023-08-30,2023-08-30,1,0,2023:1
Rubén Blades,1,2017-06-17,2017-06-17,1,0,2017:1
"Rudimental, The Martinez Brothers",1,2020-03-20,2020-03-20,1,0,2020:1
Rue Royale,1,2013-01-16,2013-01-16,1,0,2013:1
Ruel,1,2017-12-27,2017-12-27,1,0,2017:1
Rui Da Silva,1,2012-05-16,2012-05-16,1,0,2012:1
rum.gold,1,2020-07-30,2020-07-30,1,0,2020:1
RUMTUM,1,2023-01-16,2023-01-16,1,0,2023:1
Rune Gustafsson,1,2025-07-16,2025-07-16,1,0,2025:1
Runway the Catwalker,1,2020-11-19,2020-11-19,1,0,2020:1
Run–D.M.C.,1,2021-08-24,2021-08-24,1,0,2021:1
Russ Ballard,1,2009-06-14,2009-06-14,1,0,2009:1
Russel F Jr,1,2018-03-19,2018-03-19,1,0,2018:1
Ruston Kelly,1,2019-06-06,2019-06-06,1,0,2019:1
Rusty Santos,1,2025-01-13,2025-01-13,1,0,2025:1
Ruth B.,1,2025-12-08,2025-12-08,1,0,2025:1
Ruudolf,1,2017-06-11,2017-06-11,1,0,2017:1
Ryan Innes,1,2021-08-22,2021-08-22,1,0,2021:1
Ryan Montbleau,1,2017-09-21,2017-09-21,1,0,2017:1
Ryan Riback,1,2017-04-18,2017-04-18,1,0,2017:1
Ryan Shaw,1,2015-01-21,2015-01-21,1,0,2015:1
Ryan Woods,1,2021-05-03,2021-05-03,1,0,2021:1
"Ryley Walker, Kikagaku Moyo",1,2024-11-04,2024-11-04,1,0,2024:1
Ryn Weaver,1,2026-02-14,2026-02-14,1,0,2026:1
Rémi Cormier,1,2026-07-29,2026-07-29,1,0,2026:1
Rêve,1,2024-08-17,2024-08-17,1,0,2024:1
Róisín O,1,2021-10-31,2021-10-31,1,0,2021:1
RØDY,1,2021-04-25,2021-04-25,1,0,2021:1
RØRY,1,2022-07-10,2022-07-10,1,0,2022:1
RÜFÜS,1,2017-11-27,2017-11-27,1,0,2017:1
S+C+A+R+R,1,2026-08-28,2026-08-28,1,0,2026:1
S. Raekwon,1,2024-05-12,2024-05-12,1,0,2024:1
S. T. Manville,1,2021-08-22,2021-08-22,1,0,2021:1
S.E.N.S. Project,1,2013-08-21,2013-08-21,1,0,2013:1
S.G. Goodman,1,2026-01-20,2026-01-20,1,0,2026:1
S.Pri Noir,1,2025-09-08,2025-09-08,1,0,2025:1
S10,1,2024-05-05,2024-05-05,1,0,2024:1
Sa-Ra,1,2012-04-14,2012-04-14,1,0,2012:1
Saa laulaa!,1,2024-11-02,2024-11-02,1,0,2024:1
Saara,1,2017-03-28,2017-03-28,1,0,2017:1
Saara Aalto feat. Linda Lampenius,1,2012-12-23,2012-12-23,1,0,2012:1
SAAY,1,2024-08-14,2024-08-14,1,0,2024:1
Saba,1,2019-05-16,2019-05-16,1,0,2019:1
"Saba, No ID, Raphael Saadiq, Kelly Rowland",1,2025-05-28,2025-05-28,1,0,2025:1
Sabino,1,2026-07-06,2026-07-06,1,0,2026:1
Sabotage,1,2014-06-11,2014-06-11,1,0,2014:1
Sabrina Claudio,1,2026-03-26,2026-03-26,1,0,2026:1
sachet,1,2019-08-28,2019-08-28,1,0,2019:1
Saco,1,2023-06-20,2023-06-20,1,0,2023:1
Sacred Paws,1,2025-01-24,2025-01-24,1,0,2025:1
"Sad Alex, Gnash, Roken",1,2020-04-06,2020-04-06,1,0,2020:1
Sad Night Dynamite,1,2020-09-26,2020-09-26,1,0,2020:1
Sadie Fine,1,2024-03-29,2024-03-29,1,0,2024:1
Sadurn,1,2026-02-03,2026-02-03,1,0,2026:1
SAFETY TRANCE,1,2026-08-24,2026-08-24,1,0,2026:1
SafetySuit,1,2015-11-13,2015-11-13,1,0,2015:1
Saiah,1,2020-10-14,2020-10-14,1,0,2020:1
"Saigon, DJ Drama",1,2008-07-25,2008-07-25,1,0,2008:1
Sail a Whale,1,2013-09-21,2013-09-21,1,0,2013:1
Saimaa,1,2026-01-13,2026-01-13,1,0,2026:1
Saint DX,1,2026-02-20,2026-02-20,1,0,2026:1
"Saint Etienne, Nick Heyward",1,2026-01-05,2026-01-05,1,0,2026:1
saint-malo,1,2024-11-11,2024-11-11,1,0,2024:1
Sainthood Reps,1,2019-08-29,2019-08-29,1,0,2019:1
"Saja Boys, Andrew Choi, Neckwav, Danny Chung, KEVIN WOO, samUIL Lee, KPop Demon Hunters Cast",1,2026-01-12,2026-01-12,1,0,2026:1
Sakari Kuosmanen,1,2010-11-01,2010-11-01,1,0,2010:1
"Sakari Kuosmanen, Pate Mustajärvi & Kiekkoleijonat '95",1,2012-07-27,2012-07-27,1,0,2012:1
salem ilese,1,2021-12-24,2021-12-24,1,0,2021:1
Saligaude,1,2026-07-29,2026-07-29,1,0,2026:1
Saliva,1,2026-04-06,2026-04-06,1,0,2026:1
Sally Shapiro,1,2013-03-22,2013-03-22,1,0,2013:1
salmon cat,1,2021-01-29,2021-01-29,1,0,2021:1
Salt Cathedral,1,2017-10-24,2017-10-24,1,0,2017:1
"Salt, Jan Pethrus",1,2025-07-16,2025-07-16,1,0,2025:1
"Salvatore Adamo, Jane Birkin",1,2025-09-11,2025-09-11,1,0,2025:1
Sam & Dave,1,2015-11-17,2015-11-17,1,0,2015:1
Sam and the Womp,1,2012-10-03,2012-10-03,1,0,2012:1
Sam Apple Pie,1,2020-09-08,2020-09-08,1,0,2020:1
Sam Barber,1,2025-07-23,2025-07-23,1,0,2025:1
Sam Binga,1,2017-11-23,2017-11-23,1,0,2017:1
Sam Bush,1,2015-09-08,2015-09-08,1,0,2015:1
Sam Evian,1,2022-10-06,2022-10-06,1,0,2022:1
"Sam Feldt, JVKE, Anitta",1,2024-08-03,2024-08-03,1,0,2024:1
Sam Fischer,1,2021-03-04,2021-03-04,1,0,2021:1
Sam Gendel,1,2023-02-05,2023-02-05,1,0,2023:1
Sam Goodwill,1,2019-08-28,2019-08-28,1,0,2019:1
Sam Greenfield,1,2022-09-22,2022-09-22,1,0,2022:1
Sam Hulick,1,2012-08-03,2012-08-03,1,0,2012:1
Sam Interface,1,2020-09-29,2020-09-29,1,0,2020:1
Sam Means,1,2014-01-12,2014-01-12,1,0,2014:1
Sam Nelson,1,2024-01-15,2024-01-15,1,0,2024:1
Sam Shingler,1,2023-07-07,2023-07-07,1,0,2023:1
Sam Tompkins,1,2024-08-02,2024-08-02,1,0,2024:1
Samantha Diaz,1,2025-05-30,2025-05-30,1,0,2025:1
Samantha James,1,2012-05-03,2012-05-03,1,0,2012:1
Samantha Mumba,1,2015-04-14,2015-04-14,1,0,2015:1
Sameo,1,2019-04-30,2019-04-30,1,0,2019:1
Sami Saari,1,2013-12-06,2013-12-06,1,0,2013:1
"Samia, Blondshell",1,2025-11-20,2025-11-20,1,0,2025:1
Samir & Viktor,1,2024-02-21,2024-02-21,1,0,2024:1
Sammy Copley,1,2021-01-04,2021-01-04,1,0,2021:1
Sammy Hagar,1,2009-06-14,2009-06-14,1,0,2009:1
Samovar Russian Folk Music Ensemble,1,2013-12-06,2013-12-06,1,0,2013:1
"Sampha, Little Simz",1,2024-07-17,2024-07-17,1,0,2024:1
Sampology,1,2021-07-31,2021-07-31,1,0,2021:1
Samrecks,1,2024-04-11,2024-04-11,1,0,2024:1
SamTheMan,1,2022-09-20,2022-09-20,1,0,2022:1
"Samuel Åberg, Minecraft, Kumi Tanioka, Aaron Cherof",1,2025-01-18,2025-01-18,1,0,2025:1
"Samuel Åberg, Minecraft, Lena Raine",1,2025-01-18,2025-01-18,1,0,2025:1
Samuele Sartini,1,2014-12-10,2014-12-10,1,0,2014:1
Samy Deluxe,1,2026-02-03,2026-02-03,1,0,2026:1
San Cisco,1,2015-01-24,2015-01-24,1,0,2015:1
San Francisco Ballet Orchestra,1,2011-06-11,2011-06-11,1,0,2011:1
San Joseph,1,2021-07-12,2021-07-12,1,0,2021:1
Sandoval,1,2017-07-31,2017-07-31,1,0,2017:1
Sandra Lyng,1,2025-03-30,2025-03-30,1,0,2025:1
SANDRINETTE,1,2023-01-13,2023-01-13,1,0,2023:1
Sandrobianchi,1,2021-04-10,2021-04-10,1,0,2021:1
Sandy Hawkins,1,2021-02-17,2021-02-17,1,0,2021:1
Sango,1,2022-07-14,2022-07-14,1,0,2022:1
Sanne Salomonsen,1,2012-11-30,2012-11-30,1,0,2012:1
Sanne Salomonsen & Anne Linnet Band,1,2008-07-25,2008-07-25,1,0,2008:1
Santa Cruz,1,2013-01-20,2013-01-20,1,0,2013:1
"SANTA, Christophe Willem",1,2025-11-13,2025-11-13,1,0,2025:1
"Santigold, Master Peace",1,2025-06-09,2025-06-09,1,0,2025:1
Saosin,1,2009-10-17,2009-10-17,1,0,2009:1
Sara Bee,1,2024-06-21,2024-06-21,1,0,2024:1
Sara Kays,1,2023-07-24,2023-07-24,1,0,2023:1
Sara Sloan,1,2024-02-22,2024-02-22,1,0,2024:1
Sarah Blasko,1,2026-07-22,2026-07-22,1,0,2026:1
Sarah Jaffe,1,2015-09-03,2015-09-03,1,0,2015:1
Sarah Kinsley,1,2023-06-11,2023-06-11,1,0,2023:1
Sarah McCoy,1,2025-09-11,2025-09-11,1,0,2025:1
Sarah Menescal,1,2014-11-23,2014-11-23,1,0,2014:1
Sarah Spring,1,2019-11-28,2019-11-28,1,0,2019:1
"Sarah, the Illstrumentalist",1,2019-09-18,2019-09-18,1,0,2019:1
Sascha Beek,1,2014-12-11,2014-12-11,1,0,2014:1
Sascha Sibler,1,2014-12-29,2014-12-29,1,0,2014:1
Sasha Alex Sloan,1,2021-10-20,2021-10-20,1,0,2021:1
Sasha Lopez,1,2013-05-05,2013-05-05,1,0,2013:1
Saski,1,2019-09-05,2019-09-05,1,0,2019:1
"Sassy 009, BEA1991",1,2026-01-20,2026-01-20,1,0,2026:1
"Sassy 009, yunè pinku",1,2026-01-20,2026-01-20,1,0,2026:1
SAVI MINDS,1,2020-12-07,2020-12-07,1,0,2020:1
Savonlinnan Oopperajuhlakuoro and Kyösti Haatanen (Conductor),1,2009-12-24,2009-12-24,1,0,2009:1
"Saweetie, J White Did It",1,2025-07-23,2025-07-23,1,0,2025:1
SAXITY,1,2017-11-27,2017-11-27,1,0,2017:1
Say Now,1,2026-07-06,2026-07-06,1,0,2026:1
Scann-Tec,1,2012-12-20,2012-12-20,1,0,2012:1
scarlet drive,1,2019-08-29,2019-08-29,1,0,2019:1
Scarlet Pleasure,1,2015-01-11,2015-01-11,1,0,2015:1
Scarlett Johansson,1,2021-10-03,2021-10-03,1,0,2021:1
schafter,1,2019-10-01,2019-10-01,1,0,2019:1
Schmyt,1,2026-08-03,2026-08-03,1,0,2026:1
School Of Fish,1,2017-02-28,2017-02-28,1,0,2017:1
Schwarz,1,2013-01-20,2013-01-20,1,0,2013:1
Scott Bradlee & Postmodern Jukebox,1,2015-04-02,2015-04-02,1,0,2015:1
Scott Bradlee's Postmodern Jukebox,1,2015-05-26,2015-05-26,1,0,2015:1
scott is okay,1,2021-01-04,2021-01-04,1,0,2021:1
Scott Mendez,1,2014-12-10,2014-12-10,1,0,2014:1
Scrambled Eggs,1,2012-04-08,2012-04-08,1,0,2012:1
scree,1,2022-04-02,2022-04-02,1,0,2022:1
Scrimshire,1,2015-08-18,2015-08-18,1,0,2015:1
SCRP,1,2023-06-20,2023-06-20,1,0,2023:1
Scylla,1,2026-07-06,2026-07-06,1,0,2026:1
SDM,1,2025-11-25,2025-11-25,1,0,2025:1
Sea Moya,1,2019-09-17,2019-09-17,1,0,2019:1
Sea Power,1,2021-09-14,2021-09-14,1,0,2021:1
Seabear,1,2015-03-20,2015-03-20,1,0,2015:1
Seals & Crofts,1,2009-06-13,2009-06-13,1,0,2009:1
Sean Bay Vs. Medhi Mouelhi feat Arabella,1,2013-01-23,2013-01-23,1,0,2013:1
"Sean Garrett, Plies, Hunxho",1,2025-07-27,2025-07-27,1,0,2025:1
Sean Shibe,1,2026-04-20,2026-04-20,1,0,2026:1
Seasick Steve,1,2019-05-07,2019-05-07,1,0,2019:1
Seb H.,1,2026-08-24,2026-08-24,1,0,2026:1
SEB SUMR,1,2021-12-26,2021-12-26,1,0,2021:1
Seb Wiggins,1,2020-10-20,2020-10-20,1,0,2020:1
Sebastian,1,2023-10-21,2023-10-21,1,0,2023:1
Sebastian Brieger,1,2013-03-13,2013-03-13,1,0,2013:1
Sebastian Ingrosso,1,2013-03-22,2013-03-22,1,0,2013:1
Sebastian Ingrosso & Alesso,1,2025-03-27,2025-03-27,1,0,2025:1
Sebastián Codex,1,2019-08-30,2019-08-30,1,0,2019:1
Sebb Aston,1,2014-12-11,2014-12-11,1,0,2014:1
Secondcity,1,2015-09-24,2015-09-24,1,0,2015:1
Secondhand Sound,1,2023-06-19,2023-06-19,1,0,2023:1
Secret Night Gang,1,2022-12-04,2022-12-04,1,0,2022:1
Sedona,1,2021-02-18,2021-02-18,1,0,2021:1
Seeed,1,2009-10-17,2009-10-17,1,0,2009:1
Seeing Double,1,2022-05-23,2022-05-23,1,0,2022:1
Seela Sella,1,2022-02-24,2022-02-24,1,0,2022:1
Seether (feat. Amy Lee),1,2025-10-27,2025-10-27,1,0,2025:1
"Sefyu, Kuamen",1,2025-09-22,2025-09-22,1,0,2025:1
Sega Bodega,1,2024-04-30,2024-04-30,1,0,2024:1
"Sega Bodega, Judeline",1,2025-12-15,2025-12-15,1,0,2025:1
Segilola,1,2014-12-10,2014-12-10,1,0,2014:1
Sei A,1,2021-04-10,2021-04-10,1,0,2021:1
Seksikäs-Suklaa,1,2023-10-17,2023-10-17,1,0,2023:1
Selda Bağcan,1,2025-07-28,2025-07-28,1,0,2025:1
"Selena Gomez & The Scene, Eric Bellinger",1,2025-07-19,2025-07-19,1,0,2025:1
SELLING,1,2026-02-06,2026-02-06,1,0,2026:1
Sello,1,2013-03-12,2013-03-12,1,0,2013:1
Sen Morimoto,1,2020-10-14,2020-10-14,1,0,2020:1
Senju Akira,1,2013-08-21,2013-08-21,1,0,2013:1
Senseless Optimism,1,2023-07-17,2023-07-17,1,0,2023:1
SenSey',1,2025-02-19,2025-02-19,1,0,2025:1
Sera Cahoone,1,2013-02-15,2013-02-15,1,0,2013:1
Serafim Tsotsonis,1,2013-01-23,2013-01-23,1,0,2013:1
Serena Ryder,1,2017-04-18,2017-04-18,1,0,2017:1
Sergio Mendes and Brasil '77,1,2015-08-17,2015-08-17,1,0,2015:1
Serious Dropout ft Yana,1,2012-07-15,2012-07-15,1,0,2012:1
Sesame Girl,1,2021-05-05,2021-05-05,1,0,2021:1
Set It Off,1,2020-04-03,2020-04-03,1,0,2020:1
Seth Ennis,1,2020-04-03,2020-04-03,1,0,2020:1
Seth Lakeman,1,2014-06-03,2014-06-03,1,0,2014:1
Seth Troxler,1,2015-08-13,2015-08-13,1,0,2015:1
Seu Jorge & Almaz,1,2012-05-07,2012-05-07,1,0,2012:1
"SEVENTEEN, Duckwrth, The Word Alive, EWC",1,2025-07-22,2025-07-22,1,0,2025:1
Sexyy Red,1,2024-07-05,2024-07-05,1,0,2024:1
Señor Coelho,1,2014-09-25,2014-09-25,1,0,2014:1
SFV Acid,1,2014-05-01,2014-05-01,1,0,2014:1
Shabaka,1,2026-01-20,2026-01-20,1,0,2026:1
"Shabaka, Anum Iyapo",1,2026-01-20,2026-01-20,1,0,2026:1
"Shabaka, billy woods",1,2025-01-23,2025-01-23,1,0,2025:1
"Shabaka, E L U C I D",1,2026-01-19,2026-01-19,1,0,2026:1
"Shabaka, Eska",1,2026-01-20,2026-01-20,1,0,2026:1
"Shabaka, Floating Points, Laraaji",1,2024-10-14,2024-10-14,1,0,2024:1
Shabba Ranks,1,2015-12-08,2015-12-08,1,0,2015:1
"Shaboozey, Alesso",1,2025-05-16,2025-05-16,1,0,2025:1
"Shaboozey, BigXthaPlug",1,2024-08-02,2024-08-02,1,0,2024:1
"Shaboozey, Myles Smith",1,2025-05-21,2025-05-21,1,0,2025:1
"Shaboozey, Stephen Wilson Jr.",1,2025-11-10,2025-11-10,1,0,2025:1
Shade,1,2016-02-04,2016-02-04,1,0,2016:1
Shades Apart,1,2013-08-21,2013-08-21,1,0,2013:1
"SHAED, ZAYN",1,2020-03-04,2020-03-04,1,0,2020:1
Shafiq Husayn,1,2017-10-25,2017-10-25,1,0,2017:1
Shakedown,1,2012-08-27,2012-08-27,1,0,2012:1
Shakey Graves,1,2017-10-24,2017-10-24,1,0,2017:1
Shamir,1,2015-08-13,2015-08-13,1,0,2015:1
Shamiya Battles,1,2020-11-19,2020-11-19,1,0,2020:1
Shane Alexander,1,2015-09-17,2015-09-17,1,0,2015:1
Shane Garcia,1,2021-01-29,2021-01-29,1,0,2021:1
Shane Hines,1,2013-01-10,2013-01-10,1,0,2013:1
Shane Tyler,1,2019-09-17,2019-09-17,1,0,2019:1
Shannon & The Clams,1,2024-06-17,2024-06-17,1,0,2024:1
Shannon McNally,1,2009-10-17,2009-10-17,1,0,2009:1
Shannon Shaw,1,2026-08-26,2026-08-26,1,0,2026:1
Shantaia,1,2023-01-16,2023-01-16,1,0,2023:1
Shanti Matkin,1,2013-06-01,2013-06-01,1,0,2013:1
Shapov,1,2017-04-13,2017-04-13,1,0,2017:1
Shark Family,1,2021-11-12,2021-11-12,1,0,2021:1
Sharon Musgrave,1,2013-05-30,2013-05-30,1,0,2013:1
Shaun Reynolds feat. Laura Pringle,1,2013-05-24,2013-05-24,1,0,2013:1
Shava,1,2025-02-10,2025-02-10,1,0,2025:1
Shawn James,1,2015-04-01,2015-04-01,1,0,2015:1
Shay Hazan,1,2022-09-26,2022-09-26,1,0,2022:1
Shearwater,1,2013-01-16,2013-01-16,1,0,2013:1
"Sheck Wes, Travis Scott",1,2025-07-16,2025-07-16,1,0,2025:1
SheedTs,1,2025-12-01,2025-12-01,1,0,2025:1
Sheff G,1,2019-10-01,2019-10-01,1,0,2019:1
Shego,1,2024-04-19,2024-04-19,1,0,2024:1
Shelly,1,2020-11-02,2020-11-02,1,0,2020:1
"Shepherd boy from Huancalli, Cuzco",1,2024-07-13,2024-07-13,1,0,2024:1
Sherwood & Pinch,1,2015-04-20,2015-04-20,1,0,2015:1
Shey Baba,1,2019-06-24,2019-06-24,1,0,2019:1
Shift Z feat. Hiba el Mansouri,1,2012-04-08,2012-04-08,1,0,2012:1
Shigeru Nagata,1,2022-04-16,2022-04-16,1,0,2022:1
Shin-Ski,1,2019-08-23,2019-08-23,1,0,2019:1
Ship Her Son,1,2022-06-13,2022-06-13,1,0,2022:1
Shirley Hurt,1,2023-01-14,2023-01-14,1,0,2023:1
Shiv,1,2019-09-03,2019-09-03,1,0,2019:1
Shivum Sharma,1,2015-04-20,2015-04-20,1,0,2015:1
Shlomi Aber,1,2015-09-28,2015-09-28,1,0,2015:1
shmavana shmantos,1,2022-02-15,2022-02-15,1,0,2022:1
SHOGONODO,1,2021-07-12,2021-07-12,1,0,2021:1
Shooglenifty,1,2026-07-07,2026-07-07,1,0,2026:1
Shooting The Moon - Ok Go,1,2009-10-21,2009-10-21,1,0,2009:1
ShottytheBeam,1,2022-02-15,2022-02-15,1,0,2022:1
Shout Out Louds,1,2017-10-24,2017-10-24,1,0,2017:1
Shunaji,1,2020-09-29,2020-09-29,1,0,2020:1
"Shura, Cassandra Jenkins",1,2025-05-28,2025-05-28,1,0,2025:1
Shurik'n,1,2025-09-22,2025-09-22,1,0,2025:1
Shy Girls,1,2019-08-27,2019-08-27,1,0,2019:1
"Shy Glizzy, No Savage",1,2025-12-01,2025-12-01,1,0,2025:1
Shy High,1,2022-02-15,2022-02-15,1,0,2022:1
Shybits,1,2019-08-29,2019-08-29,1,0,2019:1
"Sia, Chaka Khan, Debbie Harry",1,2025-08-18,2025-08-18,1,0,2025:1
"Sia, David Guetta",1,2024-09-16,2024-09-16,1,0,2024:1
"Sia, Kylie Minogue",1,2024-09-16,2024-09-16,1,0,2024:1
"Sia, Labrinth",1,2024-09-16,2024-09-16,1,0,2024:1
"Sia, Paris Hilton",1,2024-09-16,2024-09-16,1,0,2024:1
"Sia, Tierra Whack, Kaliii, Jimmy Jolliff",1,2024-09-16,2024-09-16,1,0,2024:1
Sibiria,1,2012-10-23,2012-10-23,1,0,2012:1
Sibusile Xaba,1,2017-09-01,2017-09-01,1,0,2017:1
"Sick Individuals, Holl & Rush",1,2025-04-28,2025-04-28,1,0,2025:1
Sickly,1,2017-11-27,2017-11-27,1,0,2017:1
Side Liner,1,2013-03-13,2013-03-13,1,0,2013:1
Sidney Bechet,1,2021-11-20,2021-11-20,1,0,2021:1
Siebensachen,1,2022-06-17,2022-06-17,1,0,2022:1
"Sieber, Kammen, Fulton and Schatz",1,2015-09-08,2015-09-08,1,0,2015:1
Sierra Ferrell,1,2026-01-29,2026-01-29,1,0,2026:1
Sierra Spirit,1,2024-07-13,2024-07-13,1,0,2024:1
Siinai,1,2013-01-12,2013-01-12,1,0,2013:1
Siiri Nuora,1,2022-04-23,2022-04-23,1,0,2022:1
Silicone Soul,1,2012-08-28,2012-08-28,1,0,2012:1
Silk,1,2022-12-29,2022-12-29,1,0,2022:1
Silke Schroder,1,2019-11-28,2019-11-28,1,0,2019:1
Silly Boy Blue,1,2024-01-15,2024-01-15,1,0,2024:1
Silva,1,2024-07-14,2024-07-14,1,0,2024:1
SILVA BUMPA,1,2023-02-14,2023-02-14,1,0,2023:1
Silver Lining,1,2021-03-27,2021-03-27,1,0,2021:1
Silver Maple,1,2018-03-19,2018-03-19,1,0,2018:1
Silverbullit,1,2009-12-24,2009-12-24,1,0,2009:1
"Silverstein, Aaron Gillespie",1,2020-04-03,2020-04-03,1,0,2020:1
"Silverstein, Intervals",1,2020-04-03,2020-04-03,1,0,2020:1
Silvester Belt,1,2024-05-12,2024-05-12,1,0,2024:1
Silvestre,1,2020-09-29,2020-09-29,1,0,2020:1
Silvestre Dangond,1,2017-09-20,2017-09-20,1,0,2017:1
Silvio Rodríguez,1,2017-06-17,2017-06-17,1,0,2017:1
Simian Mobile Disco & Bicep,1,2014-10-09,2014-10-09,1,0,2014:1
SIMILAR KIND,1,2021-01-29,2021-01-29,1,0,2021:1
Simioli,1,2017-05-22,2017-05-22,1,0,2017:1
Simon Robert French,1,2024-02-14,2024-02-14,1,0,2024:1
Sin Cos Tan,1,2014-07-26,2014-07-26,1,0,2014:1
Sin Plomo,1,2012-05-27,2012-05-27,1,0,2012:1
Sin With Sebastian,1,2012-05-23,2012-05-23,1,0,2012:1
Sincity,1,2025-12-01,2025-12-01,1,0,2025:1
Sindrandi,1,2017-10-17,2017-10-17,1,0,2017:1
Sing n Play,1,2021-11-11,2021-11-11,1,0,2021:1
singular balance,1,2019-08-23,2019-08-23,1,0,2019:1
Sinner & James,1,2020-12-07,2020-12-07,1,0,2020:1
Sion,1,2023-02-04,2023-02-04,1,0,2023:1
Siouxsie and the Banshees,1,2021-09-14,2021-09-14,1,0,2021:1
Siphiwo Featuring Message Of Hope From Nelson Mandela,1,2012-07-09,2012-07-09,1,0,2012:1
Sipho.,1,2021-12-03,2021-12-03,1,0,2021:1
Sipper,1,2022-03-26,2022-03-26,1,0,2022:1
Sir Woman,1,2020-10-21,2020-10-21,1,0,2020:1
"SiR, Isaiah Rashad",1,2024-08-22,2024-08-22,1,0,2024:1
Siriusmo,1,2014-05-01,2014-05-01,1,0,2014:1
Siru,1,2025-02-10,2025-02-10,1,0,2025:1
Sirup,1,2019-08-23,2019-08-23,1,0,2019:1
Sis N’ Jones,1,2012-09-16,2012-09-16,1,0,2012:1
Siskiyou,1,2015-03-31,2015-03-31,1,0,2015:1
Sisqó,1,2022-10-19,2022-10-19,1,0,2022:1
Sister James,1,2021-02-15,2021-02-15,1,0,2021:1
Sistra,1,2023-06-19,2023-06-19,1,0,2023:1
Sithara Krishnakumar,1,2019-09-22,2019-09-22,1,0,2019:1
Sivero,1,2024-06-17,2024-06-17,1,0,2024:1
Six60,1,2021-03-27,2021-03-27,1,0,2021:1
Sixtine,1,2022-10-22,2022-10-22,1,0,2022:1
"Sjöroos, Vesala",1,2026-01-13,2026-01-13,1,0,2026:1
"skaiwater, KARRAHBOOO",1,2024-07-04,2024-07-04,1,0,2024:1
Skalpel,1,2013-03-20,2013-03-20,1,0,2013:1
Skank,1,2014-06-11,2014-06-11,1,0,2014:1
Skee Mask,1,2019-05-13,2019-05-13,1,0,2019:1
Ski Aggu,1,2026-02-14,2026-02-14,1,0,2026:1
Skid Row,1,2009-10-31,2009-10-31,1,0,2009:1
Skiifall,1,2022-12-29,2022-12-29,1,0,2022:1
Skindred,1,2009-06-13,2009-06-13,1,0,2009:1
Skip & Die,1,2015-08-13,2015-08-13,1,0,2015:1
Skip Waiters,1,2021-02-05,2021-02-05,1,0,2021:1
Skooly,1,2024-05-05,2024-05-05,1,0,2024:1
Skuldpadda,1,2019-08-29,2019-08-29,1,0,2019:1
Sky Li,1,2023-01-27,2023-01-27,1,0,2023:1
Sky Sailing,1,2022-06-23,2022-06-23,1,0,2022:1
Skye Holland,1,2023-06-20,2023-06-20,1,0,2023:1
Skyline Motel,1,2015-09-10,2015-09-10,1,0,2015:1
SkyMarshall Arts,1,2012-05-23,2012-05-23,1,0,2012:1
SKYPIERR,1,2025-01-02,2025-01-02,1,0,2025:1
Skyzoo,1,2026-02-03,2026-02-03,1,0,2026:1
SL,1,2024-04-11,2024-04-11,1,0,2024:1
Slade,1,2020-12-24,2020-12-24,1,0,2020:1
Slant,1,2020-11-11,2020-11-11,1,0,2020:1
Slash,1,2013-09-23,2013-09-23,1,0,2013:1
"Slaughter Beach, Dog",1,2021-01-17,2021-01-17,1,0,2021:1
SleazyWorld Go,1,2022-04-18,2022-04-18,1,0,2022:1
"Sleep Culture, sagun",1,2024-11-10,2024-11-10,1,0,2024:1
Sleep Sound,1,2022-09-26,2022-09-26,1,0,2022:1
Sleep Thieves,1,2014-10-06,2014-10-06,1,0,2014:1
Sleep Walker Krow,1,2023-01-09,2023-01-09,1,0,2023:1
sleepdealer,1,2019-09-18,2019-09-18,1,0,2019:1
Sleepwalkers,1,2019-06-17,2019-06-17,1,0,2019:1
Sleepy Hallow,1,2022-09-07,2022-09-07,1,0,2022:1
Slick Shoota,1,2019-08-28,2019-08-28,1,0,2019:1
Slide Five,1,2012-09-28,2012-09-28,1,0,2012:1
Slim Martin,1,2025-10-13,2025-10-13,1,0,2025:1
SlimDan,1,2024-04-30,2024-04-30,1,0,2024:1
Slipknot,1,2025-11-22,2025-11-22,1,0,2025:1
Slippers,1,2026-07-06,2026-07-06,1,0,2026:1
Slove,1,2026-09-02,2026-09-02,1,0,2026:1
Slow Eyes,1,2023-09-11,2023-09-11,1,0,2023:1
Slow Hands,1,2013-07-14,2013-07-14,1,0,2013:1
Slowtide,1,2022-06-17,2022-06-17,1,0,2022:1
Slum Sociable,1,2017-10-24,2017-10-24,1,0,2017:1
"Smahlo, Geeeko",1,2025-02-19,2025-02-19,1,0,2025:1
Small Sins,1,2021-02-18,2021-02-18,1,0,2021:1
"Smallx, Saib",1,2025-07-09,2025-07-09,1,0,2025:1
"Smash Into Pieces, LIAMOO",1,2025-06-09,2025-06-09,1,0,2025:1
Smoke City,1,2013-08-25,2013-08-25,1,0,2013:1
Smurno,1,2022-06-13,2022-06-13,1,0,2022:1
snaer.,1,2019-09-18,2019-09-18,1,0,2019:1
Snapped Ankles,1,2019-05-13,2019-05-13,1,0,2019:1
Snatam Kaur,1,2024-09-09,2024-09-09,1,0,2024:1
Snazzy,1,2022-06-17,2022-06-17,1,0,2022:1
SNBRN,1,2026-08-28,2026-08-28,1,0,2026:1
"Sniper, Faada Freddy",1,2025-09-26,2025-09-26,1,0,2025:1
Snoop Dogg & Wiz Khalifa,1,2012-04-28,2012-04-28,1,0,2012:1
Snoop Dogg vs. David Guetta,1,2012-05-18,2012-05-18,1,0,2012:1
"Snoop Dogg, October London",1,2025-05-30,2025-05-30,1,0,2025:1
"Snoop Dogg, Slick Rick",1,2020-02-18,2020-02-18,1,0,2020:1
Snow Dept.,1,2020-12-24,2020-12-24,1,0,2020:1
Snow Strippers,1,2023-08-27,2023-08-27,1,0,2023:1
SNOW WIFE,1,2023-10-19,2023-10-19,1,0,2023:1
Snowk,1,2019-08-23,2019-08-23,1,0,2019:1
Snowy,1,2017-09-04,2017-09-04,1,0,2017:1
So Project,1,2012-07-15,2012-07-15,1,0,2012:1
Soap Kills,1,2012-04-08,2012-04-08,1,0,2012:1
Social House,1,2020-03-04,2020-03-04,1,0,2020:1
Sofa,1,2023-07-31,2023-07-31,1,0,2023:1
Sofi Gev,1,2021-12-27,2021-12-27,1,0,2021:1
"Sofi Tukker, Liniker",1,2025-05-21,2025-05-21,1,0,2025:1
Sofia Carson,1,2026-03-27,2026-03-27,1,0,2026:1
Sofia Portanet,1,2022-04-22,2022-04-22,1,0,2022:1
Sofia's Choice,1,2016-02-03,2016-02-03,1,0,2016:1
soft idiot,1,2021-02-05,2021-02-05,1,0,2021:1
Soft Metals,1,2012-07-20,2012-07-20,1,0,2012:1
Soft Sea,1,2023-06-20,2023-06-20,1,0,2023:1
Softcult,1,2021-04-27,2021-04-27,1,0,2021:1
Softsmile,1,2023-09-11,2023-09-11,1,0,2023:1
"softy, Two Scents",1,2024-11-11,2024-11-11,1,0,2024:1
SOFY,1,2024-01-14,2024-01-14,1,0,2024:1
Soichi Terada,1,2017-08-12,2017-08-12,1,0,2017:1
Sojua,1,2021-01-29,2021-01-29,1,0,2021:1
Soko,1,2026-07-06,2026-07-06,1,0,2026:1
"Sol ChYld, Kaicrewsade",1,2025-09-14,2025-09-14,1,0,2025:1
Sol Paradise,1,2024-04-19,2024-04-19,1,0,2024:1
Solah,1,2022-02-15,2022-02-15,1,0,2022:1
"Solange, Sampha",1,2020-02-18,2020-02-18,1,0,2020:1
SOLEIMA,1,2019-11-27,2019-11-27,1,0,2019:1
Solomon Burke,1,2017-10-22,2017-10-22,1,0,2017:1
Solomun,1,2014-12-29,2014-12-29,1,0,2014:1
Solomun & Stimming,1,2014-12-29,2014-12-29,1,0,2014:1
Solstis,1,2017-11-27,2017-11-27,1,0,2017:1
Soltero,1,2012-10-01,2012-10-01,1,0,2012:1
Somebody's Child,1,2023-03-22,2023-03-22,1,0,2023:1
Somoh,1,2023-10-21,2023-10-21,1,0,2023:1
Son Lux,1,2022-03-29,2022-03-29,1,0,2022:1
Son Volt,1,2017-04-12,2017-04-12,1,0,2017:1
Sondre Lerche,1,2026-04-02,2026-04-02,1,0,2026:1
Songs to wear pants to,1,2024-11-09,2024-11-09,1,0,2024:1
Songs: Ohia,1,2026-06-05,2026-06-05,1,0,2026:1
Sonic,1,2023-06-20,2023-06-20,1,0,2023:1
Sonja Selene,1,2024-04-18,2024-04-18,1,0,2024:1
Sonny,1,2025-12-31,2025-12-31,1,0,2025:1
Sonny & Cher,1,2009-12-12,2009-12-12,1,0,2009:1
Sonny Alven,1,2019-06-28,2019-06-28,1,0,2019:1
Sonny Clark,1,2017-09-18,2017-09-18,1,0,2017:1
Sonny James,1,2009-06-13,2009-06-13,1,0,2009:1
Sonny Rollins,1,2017-09-18,2017-09-18,1,0,2017:1
Sonnymoon,1,2024-05-08,2024-05-08,1,0,2024:1
Sonorous,1,2013-08-21,2013-08-21,1,0,2013:1
Sons of the Descent,1,2019-08-28,2019-08-28,1,0,2019:1
Sonu Nigam,1,2021-07-19,2021-07-19,1,0,2021:1
Sonya O'Malley,1,2018-03-19,2018-03-19,1,0,2018:1
Sonyk,1,2017-09-20,2017-09-20,1,0,2017:1
Soothsayers,1,2015-08-18,2015-08-18,1,0,2015:1
Sophia Scott,1,2024-08-14,2024-08-14,1,0,2024:1
Sophie B. Hawkins,1,2017-03-27,2017-03-27,1,0,2017:1
Sophie Castillo,1,2024-04-18,2024-04-18,1,0,2024:1
Sophie DeMasi,1,2021-01-29,2021-01-29,1,0,2021:1
Sophie Jamieson,1,2026-04-06,2026-04-06,1,0,2026:1
Sophie May,1,2023-07-24,2023-07-24,1,0,2023:1
sophie meiers,1,2023-06-08,2023-06-08,1,0,2023:1
Sophiya,1,2020-07-16,2020-07-16,1,0,2020:1
Sorry,1,2026-04-23,2026-04-23,1,0,2026:1
Sorry Mom,1,2026-01-26,2026-01-26,1,0,2026:1
SOSOCAMO,1,2025-12-01,2025-12-01,1,0,2025:1
Souad Massi,1,2026-03-02,2026-03-02,1,0,2026:1
Soul Avenue,1,2014-09-21,2014-09-21,1,0,2014:1
Soul Button,1,2014-12-11,2014-12-11,1,0,2014:1
Soul Devalents,1,2015-11-18,2015-11-18,1,0,2015:1
Soul Electrico,1,2013-01-20,2013-01-20,1,0,2013:1
Soul Glo,1,2022-04-02,2022-04-02,1,0,2022:1
Soul II Soul,1,2026-01-30,2026-01-30,1,0,2026:1
Soul Position,1,2015-04-09,2015-04-09,1,0,2015:1
SoulChillaz,1,2013-01-20,2013-01-20,1,0,2013:1
Soulcircuit,1,2015-09-24,2015-09-24,1,0,2015:1
Soulflex,1,2019-08-23,2019-08-23,1,0,2019:1
Soulidified,1,2025-09-14,2025-09-14,1,0,2025:1
Soulive,1,2015-01-21,2015-01-21,1,0,2015:1
Soulja King,1,2014-12-30,2014-12-30,1,0,2014:1
Sound Nomaden,1,2021-06-22,2021-06-22,1,0,2021:1
Sound Rush,1,2026-08-22,2026-08-22,1,0,2026:1
Soundbwoy Killah,1,2019-08-28,2019-08-28,1,0,2019:1
Sounds Like Water,1,2021-12-11,2021-12-11,1,0,2021:1
SouR,1,2022-06-17,2022-06-17,1,0,2022:1
SP:MC,1,2019-08-28,2019-08-28,1,0,2019:1
Space Raiders,1,2012-07-29,2012-07-29,1,0,2012:1
Spaceface,1,2022-08-25,2022-08-25,1,0,2022:1
Spacehog,1,2017-02-28,2017-02-28,1,0,2017:1
Spacek,1,2010-10-31,2010-10-31,1,0,2010:1
Spaces Between,1,2017-11-27,2017-11-27,1,0,2017:1
Spaceslug,1,2021-10-08,2021-10-08,1,0,2021:1
Spacetime Continuum,1,2026-05-04,2026-05-04,1,0,2026:1
Spacey Jane,1,2026-03-03,2026-03-03,1,0,2026:1
Spandau Ballet,1,2013-03-06,2013-03-06,1,0,2013:1
Spang Sisters,1,2019-07-18,2019-07-18,1,0,2019:1
Spank,1,2017-04-07,2017-04-07,1,0,2017:1
Sparta,1,2008-10-24,2008-10-24,1,0,2008:1
SPECIALIST MOSS,1,2026-05-01,2026-05-01,1,0,2026:1
Spectrasoul,1,2017-11-23,2017-11-23,1,0,2017:1
Speech Debelle,1,2026-04-13,2026-04-13,1,0,2026:1
Speed Limit,1,2015-08-24,2015-08-24,1,0,2015:1
Speedy J,1,2014-12-29,2014-12-29,1,0,2014:1
Spektre,1,2014-12-29,2014-12-29,1,0,2014:1
Spencer & Antfood,1,2015-08-24,2015-08-24,1,0,2015:1
Spencer Radcliffe,1,2026-05-31,2026-05-31,1,0,2026:1
spencer.,1,2020-10-12,2020-10-12,1,0,2020:1
"Spice, Busta Rhymes",1,2024-08-11,2024-08-11,1,0,2024:1
Spiller,1,2012-08-28,2012-08-28,1,0,2012:1
"SPINALL, Omah Lay, Tyla",1,2024-08-12,2024-08-12,1,0,2024:1
SPK,1,2026-05-04,2026-05-04,1,0,2026:1
Splender,1,2013-03-20,2013-03-20,1,0,2013:1
Splendi,1,2022-06-14,2022-06-14,1,0,2022:1
Split Feed,1,2019-08-28,2019-08-28,1,0,2019:1
Spooled Up,1,2019-08-29,2019-08-29,1,0,2019:1
Sports,1,2022-08-25,2022-08-25,1,0,2022:1
Sports Team,1,2022-06-13,2022-06-13,1,0,2022:1
Spree Wilson,1,2019-09-09,2019-09-09,1,0,2019:1
Sprints,1,2024-03-29,2024-03-29,1,0,2024:1
Squarepusher,1,2026-08-13,2026-08-13,1,0,2026:1
Squidji,1,2025-02-19,2025-02-19,1,0,2025:1
Squirrel Flower,1,2020-12-31,2020-12-31,1,0,2020:1
sswampbabyy,1,2025-12-31,2025-12-31,1,0,2025:1
St. Panther,1,2020-10-13,2020-10-13,1,0,2020:1
St. Paul de Vence,1,2015-03-23,2015-03-23,1,0,2015:1
St. South,1,2015-09-03,2015-09-03,1,0,2015:1
Stacey,1,2021-05-05,2021-05-05,1,0,2021:1
Stacy Kidd,1,2009-12-08,2009-12-08,1,0,2009:1
Stacy N.K.R,1,2023-01-16,2023-01-16,1,0,2023:1
Staff Benda Bilili,1,2026-05-18,2026-05-18,1,0,2026:1
Stan Christ,1,2026-07-08,2026-07-08,1,0,2026:1
Standards,1,2019-06-17,2019-06-17,1,0,2019:1
Stanley Clarke,1,2014-12-30,2014-12-30,1,0,2014:1
Star Academy,1,2025-11-25,2025-11-25,1,0,2025:1
Star Fish,1,2019-08-23,2019-08-23,1,0,2019:1
Star Wars (Soundtracks),1,2012-10-25,2012-10-25,1,0,2012:1
Starchild & the New Romantic,1,2020-10-13,2020-10-13,1,0,2020:1
Starflyer 59,1,2019-09-30,2019-09-30,1,0,2019:1
Stargate,1,2017-11-23,2017-11-23,1,0,2017:1
Stargazer,1,2013-02-16,2013-02-16,1,0,2013:1
Starioh,1,2023-06-20,2023-06-20,1,0,2023:1
Starlies,1,2024-11-11,2024-11-11,1,0,2024:1
Stars of the Lid,1,2013-05-16,2013-05-16,1,0,2013:1
Stars on 45,1,2013-08-21,2013-08-21,1,0,2013:1
State Broadcasters,1,2013-01-16,2013-01-16,1,0,2013:1
Static-X,1,2026-03-26,2026-03-26,1,0,2026:1
Steep Canyon Rangers,1,2020-10-21,2020-10-21,1,0,2020:1
Stef Mendesidis,1,2019-08-28,2019-08-28,1,0,2019:1
Stefan Eli,1,2021-08-22,2021-08-22,1,0,2021:1
Stefi,1,2022-06-17,2022-06-17,1,0,2022:1
"Stein Urheim, Jørgen Træen",1,2025-08-08,2025-08-08,1,0,2025:1
Steinski,1,2015-08-18,2015-08-18,1,0,2015:1
Steinza,1,2023-02-04,2023-02-04,1,0,2023:1
Stemlines,1,2021-05-03,2021-05-03,1,0,2021:1
Steph Devine,1,2021-12-27,2021-12-27,1,0,2021:1
Steph Sloan,1,2019-09-03,2019-09-03,1,0,2019:1
Stephan Bodzin,1,2014-12-29,2014-12-29,1,0,2014:1
Stephen J. Anderson,1,2013-06-29,2013-06-29,1,0,2013:1
Stephen Malkmus,1,2020-08-28,2020-08-28,1,0,2020:1
Stephen Malkmus and the Jicks,1,2014-01-14,2014-01-14,1,0,2014:1
Stephen Rennicks,1,2015-11-30,2015-11-30,1,0,2015:1
Stephen Warbeck,1,2016-02-04,2016-02-04,1,0,2016:1
Stephen Wilson Jr.,1,2025-11-10,2025-11-10,1,0,2025:1
Stereo Jane,1,2019-10-01,2019-10-01,1,0,2019:1
Stereo Kicks,1,2015-07-03,2015-07-03,1,0,2015:1
Stereoact,1,2017-10-25,2017-10-25,1,0,2017:1
Sterl Gotti,1,2025-12-30,2025-12-30,1,0,2025:1
"Steve Aoki, Gabry Ponte",1,2025-09-26,2025-09-26,1,0,2025:1
Steve Dawson,1,2015-12-09,2015-12-09,1,0,2015:1
Steve Earle,1,2025-11-12,2025-11-12,1,0,2025:1
Steve Gadd,1,2022-09-26,2022-09-26,1,0,2022:1
Steve Gunn,1,2022-07-21,2022-07-21,1,0,2022:1
Steve Miller Band,1,2015-04-02,2015-04-02,1,0,2015:1
Steve Spacek,1,2010-10-31,2010-10-31,1,0,2010:1
Steve Winter,1,2018-03-19,2018-03-19,1,0,2018:1
Steven Curtis Chapman,1,2024-07-02,2024-07-02,1,0,2024:1
Steven Price,1,2017-11-28,2017-11-28,1,0,2017:1
Steven Yeun as Danny from BEEF,1,2023-12-16,2023-12-16,1,0,2023:1
Stigma,1,2013-01-20,2013-01-20,1,0,2013:1
Sting & Eric Clapton,1,2024-08-01,2024-08-01,1,0,2024:1
stoop lee,1,2021-07-31,2021-07-31,1,0,2021:1
Storefront Church,1,2023-01-09,2023-01-09,1,0,2023:1
Straight No Chaser,1,2025-12-22,2025-12-22,1,0,2025:1
Stray,1,2019-05-10,2019-05-10,1,0,2019:1
Stray Fossa,1,2020-07-16,2020-07-16,1,0,2020:1
"Stray Kids, Charlie Puth",1,2024-08-14,2024-08-14,1,0,2024:1
strelka,1,2019-08-29,2019-08-29,1,0,2019:1
Striking Matches,1,2015-08-25,2015-08-25,1,0,2015:1
String Theory,1,2019-08-29,2019-08-29,1,0,2019:1
strongboi,1,2020-10-13,2020-10-13,1,0,2020:1
Struan,1,2021-01-04,2021-01-04,1,0,2021:1
STS9,1,2017-12-07,2017-12-07,1,0,2017:1
Stubborn Heart,1,2012-09-12,2012-09-12,1,0,2012:1
"Stunna Sandy, TaTa",1,2025-12-31,2025-12-31,1,0,2025:1
Stunt Nuts Feat. Melle Mel,1,2008-04-09,2008-04-09,1,0,2008:1
Sturle Dagsland,1,2021-01-29,2021-01-29,1,0,2021:1
Styn,1,2019-09-18,2019-09-18,1,0,2019:1
Styx,1,2013-08-21,2013-08-21,1,0,2013:1
Stéphane Pompougnac With Nicole Graham,1,2009-08-11,2009-08-11,1,0,2009:1
"Stéphane, Cobalt",1,2025-07-24,2025-07-24,1,0,2025:1
Sub Focus,1,2012-05-13,2012-05-13,1,0,2012:1
"Sub Focus, Wilkinson, Cameron Hayes",1,2025-07-22,2025-07-22,1,0,2025:1
"Sub Urban, REI AMI",1,2020-04-07,2020-04-07,1,0,2020:1
"Subsonic, Cameron Hayes",1,2025-07-22,2025-07-22,1,0,2025:1
Subtle Houzze,1,2021-12-29,2021-12-29,1,0,2021:1
Sugar Pit,1,2023-02-04,2023-02-04,1,0,2023:1
Sugarlust,1,2012-05-07,2012-05-07,1,0,2012:1
Sugey Torres,1,2022-11-20,2022-11-20,1,0,2022:1
SUICIDAL-IDOL,1,2023-10-08,2023-10-08,1,0,2023:1
Suicide,1,2017-04-26,2017-04-26,1,0,2017:1
sullvn,1,2025-07-21,2025-07-21,1,0,2025:1
Sully,1,2020-09-29,2020-09-29,1,0,2020:1
Sulo Saarits,1,2009-12-24,2009-12-24,1,0,2009:1
Sulo Saarits (baritone) and Finlandia Sinfonietta and Osmo Vänskä (conductor),1,2009-12-24,2009-12-24,1,0,2009:1
Sultan + Shepard,1,2026-08-28,2026-08-28,1,0,2026:1
Sum Sun,1,2025-07-22,2025-07-22,1,0,2025:1
Sum Wave,1,2021-06-22,2021-06-22,1,0,2021:1
Sumi Shimamoto,1,2022-04-16,2022-04-16,1,0,2022:1
Sumie,1,2021-08-22,2021-08-22,1,0,2021:1
sumishii,1,2024-11-10,2024-11-10,1,0,2024:1
Sumner,1,2022-10-02,2022-10-02,1,0,2022:1
Sun & Moon,1,2012-07-15,2012-07-15,1,0,2012:1
Sun Electric,1,2026-08-13,2026-08-13,1,0,2026:1
Sun Glitters,1,2015-12-11,2015-12-11,1,0,2015:1
Sun Ra Arkestra,1,2017-04-26,2017-04-26,1,0,2017:1
Sun Ra Quartet,1,2017-04-26,2017-04-26,1,0,2017:1
SUNBORN,1,2023-10-22,2023-10-22,1,0,2023:1
sundarta,1,2023-01-16,2023-01-16,1,0,2023:1
Sunday (1994),1,2024-04-22,2024-04-22,1,0,2024:1
Sundial,1,2022-07-25,2022-07-25,1,0,2022:1
Sunflower Bean,1,2020-12-31,2020-12-31,1,0,2020:1
Sunflwr,1,2022-12-29,2022-12-29,1,0,2022:1
Suni Paz,1,2009-06-13,2009-06-13,1,0,2009:1
Sunlightsquare,1,2014-11-20,2014-11-20,1,0,2014:1
Sunmoon,1,2025-07-22,2025-07-22,1,0,2025:1
Sunny War,1,2024-08-31,2024-08-31,1,0,2024:1
Sunscreen,1,2014-09-21,2014-09-21,1,0,2014:1
Sunshine Boysclub,1,2024-08-17,2024-08-17,1,0,2024:1
Sunsleep,1,2023-10-28,2023-10-28,1,0,2023:1
Sunsleeper,1,2019-08-28,2019-08-28,1,0,2019:1
Super Duper,1,2019-05-03,2019-05-03,1,0,2019:1
Super Furry Animals,1,2009-10-17,2009-10-17,1,0,2009:1
Super Lemon Days,1,2019-08-29,2019-08-29,1,0,2019:1
Super Simple Songs,1,2021-09-26,2021-09-26,1,0,2021:1
"Superbus, Hoshi, Nicola Sirkis",1,2025-11-25,2025-11-25,1,0,2025:1
SuperJazzClub,1,2022-12-30,2022-12-30,1,0,2022:1
SuperShy,1,2022-11-17,2022-11-17,1,0,2022:1
Sures,1,2013-09-21,2013-09-21,1,0,2013:1
Surf Curse,1,2022-04-06,2022-04-06,1,0,2022:1
Surf Mesa,1,2023-06-20,2023-06-20,1,0,2023:1
Surfaces,1,2023-11-07,2023-11-07,1,0,2023:1
Surrender,1,2017-05-16,2017-05-16,1,0,2017:1
Survey,1,2017-11-23,2017-11-23,1,0,2017:1
Susan Boyle,1,2013-11-25,2013-11-25,1,0,2013:1
Susannah Joffe,1,2024-01-15,2024-01-15,1,0,2024:1
Susheela Raman,1,2013-03-07,2013-03-07,1,0,2013:1
Susie Päivärinta,1,2014-06-03,2014-06-03,1,0,2014:1
Susso,1,2017-10-27,2017-10-27,1,0,2017:1
Suzanna Son,1,2022-08-12,2022-08-12,1,0,2022:1
Suzy Shinn,1,2023-02-04,2023-02-04,1,0,2023:1
Suzzana Owiyo,1,2013-01-13,2013-01-13,1,0,2013:1
Svart Ridå,1,2024-04-04,2024-04-04,1,0,2024:1
Sven Wunder,1,2026-01-19,2026-01-19,1,0,2026:1
SVN,1,2022-05-23,2022-05-23,1,0,2022:1
SW,1,2012-05-27,2012-05-27,1,0,2012:1
Swaine Delgado,1,2019-09-03,2019-09-03,1,0,2019:1
Swamp Dogg,1,2017-10-22,2017-10-22,1,0,2017:1
Swank Mami,1,2023-07-27,2023-07-27,1,0,2023:1
Swapmeet,1,2026-03-12,2026-03-12,1,0,2026:1
Swearing at Motorists,1,2009-12-24,2009-12-24,1,0,2009:1
SWEARR,1,2019-08-28,2019-08-28,1,0,2019:1
Swedish House Mafia & Knife Party,1,2025-03-27,2025-03-27,1,0,2025:1
Swedish House Mafia vs Tinie Tempah,1,2025-03-27,2025-03-27,1,0,2025:1
Swedish House Mafia vs. Tinie Tempah,1,2012-05-14,2012-05-14,1,0,2012:1
"Swedish House Mafia, Niki & The Dove",1,2025-05-16,2025-05-16,1,0,2025:1
Swervedriver,1,2015-09-03,2015-09-03,1,0,2015:1
Swim,1,2021-09-25,2021-09-25,1,0,2021:1
Swim Surreal,1,2026-09-02,2026-09-02,1,0,2026:1
Swing,1,2026-07-06,2026-07-06,1,0,2026:1
Swizz Beatz,1,2019-05-16,2019-05-16,1,0,2019:1
Swoosh,1,2024-03-29,2024-03-29,1,0,2024:1
Swordes,1,2022-12-18,2022-12-18,1,0,2022:1
syd B,1,2021-05-05,2021-05-05,1,0,2021:1
Syd Franklin,1,2023-02-04,2023-02-04,1,0,2023:1
Sydney Rose,1,2025-06-14,2025-06-14,1,0,2025:1
Sydney Ross Mitchell,1,2024-01-14,2024-01-14,1,0,2024:1
Sydney Sprague,1,2024-05-12,2024-05-12,1,0,2024:1
Sylvain Picard,1,2026-07-29,2026-07-29,1,0,2026:1
Sylvia Tella,1,2022-04-09,2022-04-09,1,0,2022:1
"Syn Cole, MIYA MIYA",1,2025-03-23,2025-03-23,1,0,2025:1
"Synapson, Clou",1,2025-07-24,2025-07-24,1,0,2025:1
"Synapson, L Marshall",1,2025-09-08,2025-09-08,1,0,2025:1
"Synapson, Tim Dup, LASS",1,2025-07-24,2025-07-24,1,0,2025:1
Sys Bjerre,1,2022-02-27,2022-02-27,1,0,2022:1
System Beat FFM,1,2012-07-15,2012-07-15,1,0,2012:1
"SZA, Doja Cat",1,2024-07-03,2024-07-03,1,0,2024:1
"SZA, Kendrick Lamar",1,2025-02-11,2025-02-11,1,0,2025:1
T. G. Shand,1,2021-02-18,2021-02-18,1,0,2021:1
T. Rex,1,2008-03-02,2008-03-02,1,0,2008:1
T. Ruggieri,1,2014-12-11,2014-12-11,1,0,2014:1
"T.I., Quavo, Meek Mill, Rara",1,2020-02-18,2020-02-18,1,0,2020:1
T.Love,1,2026-02-12,2026-02-12,1,0,2026:1
"Tabi, blue slurpii, alpha bleu",1,2024-11-10,2024-11-10,1,0,2024:1
Tacoma Radar,1,2026-07-16,2026-07-16,1,0,2026:1
Taho,1,2012-09-16,2012-09-16,1,0,2012:1
Taichi Mukai,1,2019-08-23,2019-08-23,1,0,2019:1
Takatsugu Muramatsu,1,2022-04-16,2022-04-16,1,0,2022:1
Taking Back Sunday,1,2014-12-23,2014-12-23,1,0,2014:1
TAKÉNOBU,1,2019-06-24,2019-06-24,1,0,2019:1
Tal,1,2012-04-28,2012-04-28,1,0,2012:1
Tales of Urbania,1,2024-11-11,2024-11-11,1,0,2024:1
Tali,1,2024-05-12,2024-05-12,1,0,2024:1
TALIA GODDESS,1,2022-01-12,2022-01-12,1,0,2022:1
Talia Mar,1,2025-07-23,2025-07-23,1,0,2025:1
Talia Rae,1,2024-04-18,2024-04-18,1,0,2024:1
"Talib Kweli, J A Y  E L E C T R O N I C A, Yummy Bingham",1,2020-02-18,2020-02-18,1,0,2020:1
Talk Show Host,1,2006-11-08,2006-11-08,1,0,2006:1
Talkdemonic,1,2015-12-11,2015-12-11,1,0,2015:1
Talkie,1,2021-10-27,2021-10-27,1,0,2021:1
Talking Points,1,2024-05-12,2024-05-12,1,0,2024:1
Tall Black Guy,1,2019-09-18,2019-09-18,1,0,2019:1
"Tall Black Guy, Ozay Moore",1,2024-10-05,2024-10-05,1,0,2024:1
Talvin Singh,1,2012-05-27,2012-05-27,1,0,2012:1
Tamino,1,2023-10-23,2023-10-23,1,0,2023:1
Tamiya Terashima,1,2022-04-16,2022-04-16,1,0,2022:1
Tammi Terrell,1,2010-10-31,2010-10-31,1,0,2010:1
Tamzene,1,2024-04-19,2024-04-19,1,0,2024:1
Tandem,1,2025-09-22,2025-09-22,1,0,2025:1
Tangerine Dream,1,2011-01-23,2011-01-23,1,0,2011:1
Tangerine Stoned,1,2021-10-08,2021-10-08,1,0,2021:1
Tanika Charles,1,2025-06-03,2025-06-03,1,0,2025:1
Tanja La Croix,1,2017-04-13,2017-04-13,1,0,2017:1
Tanja Thulau,1,2013-02-16,2013-02-16,1,0,2013:1
Tank,1,2011-02-01,2011-02-01,1,0,2011:1
"Tank and The Bangas, aja monet",1,2024-09-02,2024-09-02,1,0,2024:1
"Tank, Fabolous",1,2024-08-22,2024-08-22,1,0,2024:1
Tanlines,1,2012-05-26,2012-05-26,1,0,2012:1
Tanto Metro & Devonte,1,2009-12-16,2009-12-16,1,0,2009:1
Tanya Auclair,1,2024-05-08,2024-05-08,1,0,2024:1
Tanya Tagaq,1,2025-11-05,2025-11-05,1,0,2025:1
Tape Five,1,2013-01-20,2013-01-20,1,0,2013:1
Tapio Heinonen,1,2021-08-08,2021-08-08,1,0,2021:1
Tappa Zukie,1,2022-04-09,2022-04-09,1,0,2022:1
Taproot,1,2026-04-17,2026-04-17,1,0,2026:1
Tara Jane O'Neil,1,2024-11-14,2024-11-14,1,0,2024:1
Tarnation,1,2026-06-08,2026-06-08,1,0,2026:1
Tarrah,1,2023-02-14,2023-02-14,1,0,2023:1
Tartit,1,2026-05-18,2026-05-18,1,0,2026:1
"Tasha Cobbs Leonard, Lecrae",1,2025-07-27,2025-07-27,1,0,2025:1
Taste of Pluto,1,2020-07-21,2020-07-21,1,0,2020:1
Tauk,1,2017-12-07,2017-12-07,1,0,2017:1
"Tauren Wells, Miles Minnick",1,2025-12-23,2025-12-23,1,0,2025:1
Tautumeitas,1,2025-03-19,2025-03-19,1,0,2025:1
Tay B,1,2023-02-14,2023-02-14,1,0,2023:1
"Tayfun Karatekin, Stardust International",1,2025-07-16,2025-07-16,1,0,2025:1
Taylor Acorn,1,2026-04-23,2026-04-23,1,0,2026:1
Taylor Belle,1,2021-12-03,2021-12-03,1,0,2021:1
"Taylor Swift, Chris Stapleton",1,2025-09-13,2025-09-13,1,0,2025:1
"Taylor Swift, HAIM",1,2025-02-01,2025-02-01,1,0,2025:1
"Taylor Swift, Keith Urban",1,2025-02-01,2025-02-01,1,0,2025:1
"Taylor Swift, Kendrick Lamar",1,2024-11-02,2024-11-02,1,0,2024:1
"Taylor Swift, Maren Morris",1,2025-02-01,2025-02-01,1,0,2025:1
"Taylor Swift, The Chicks",1,2025-09-19,2025-09-19,1,0,2025:1
tecadence,1,2026-08-28,2026-08-28,1,0,2026:1
Technicolor Fabrics,1,2020-11-11,2020-11-11,1,0,2020:1
Ted Jasper,1,2023-02-10,2023-02-10,1,0,2023:1
Teddy Afro,1,2026-07-16,2026-07-16,1,0,2026:1
"Tee Grizzley, Payroll Giovanni",1,2020-03-23,2020-03-23,1,0,2020:1
"Tee Grizzley, Rod Wave",1,2025-12-23,2025-12-23,1,0,2025:1
Teen Jesus and the Jean Teasers,1,2023-10-21,2023-10-21,1,0,2023:1
Teen Suicide,1,2026-05-31,2026-05-31,1,0,2026:1
Teena Marie,1,2009-10-17,2009-10-17,1,0,2009:1
Teenage Mutants,1,2014-12-11,2014-12-11,1,0,2014:1
Teenage Priest,1,2020-12-19,2020-12-19,1,0,2020:1
Teenage Wrist,1,2023-07-19,2023-07-19,1,0,2023:1
"Teflon Brothers, Emma Gun",1,2024-10-17,2024-10-17,1,0,2024:1
Teho Teardo,1,2013-08-10,2013-08-10,1,0,2013:1
Tekkla,1,2017-12-04,2017-12-04,1,0,2017:1
Telepathic Teddy Bear,1,2013-09-21,2013-09-21,1,0,2013:1
"TELYKast, One True God",1,2020-05-12,2020-05-12,1,0,2020:1
Temm,1,2024-03-29,2024-03-29,1,0,2024:1
Tempest,1,2021-11-13,2021-11-13,1,0,2021:1
Temple of Sound feat. Natacha Atlas,1,2013-01-21,2013-01-21,1,0,2013:1
Ten Fé,1,2019-06-17,2019-06-17,1,0,2019:1
Ten Ven,1,2014-12-11,2014-12-11,1,0,2014:1
Tendoi,1,2023-06-20,2023-06-20,1,0,2023:1
Tenille Townes,1,2020-12-30,2020-12-30,1,0,2020:1
Tennyson,1,2019-11-24,2019-11-24,1,0,2019:1
Tenor Saw,1,2022-12-11,2022-12-11,1,0,2022:1
Tentendo,1,2021-12-26,2021-12-26,1,0,2021:1
Tera Kendall,1,2018-03-19,2018-03-19,1,0,2018:1
Terakaft,1,2026-05-18,2026-05-18,1,0,2026:1
Terence Trent D'Arby,1,2013-04-14,2013-04-14,1,0,2013:1
Terrace Martin,1,2026-06-05,2026-06-05,1,0,2026:1
Terrace Martin Presents The Pollyseeds,1,2017-10-24,2017-10-24,1,0,2017:1
"Terrace Martin, Nick Grant",1,2024-10-10,2024-10-10,1,0,2024:1
Terre-Neuve,1,2022-10-22,2022-10-22,1,0,2022:1
Terrible People,1,2019-08-29,2019-08-29,1,0,2019:1
Terry Callier,1,2015-08-18,2015-08-18,1,0,2015:1
Terry Presume,1,2021-04-27,2021-04-27,1,0,2021:1
Terry Riley,1,2017-04-26,2017-04-26,1,0,2017:1
Tesia,1,2020-12-02,2020-12-02,1,0,2020:1
Tess Clare,1,2025-07-22,2025-07-22,1,0,2025:1
Tess Henley,1,2020-07-29,2020-07-29,1,0,2020:1
Tessa Rose Jackson,1,2026-03-23,2026-03-23,1,0,2026:1
TESSÆ,1,2025-03-11,2025-03-11,1,0,2025:1
Teya Dora,1,2024-05-12,2024-05-12,1,0,2024:1
"Teyana Taylor, Kaleena Zanders, NO BILLS",1,2025-12-23,2025-12-23,1,0,2025:1
"Teyana Taylor, Roddy Lima",1,2025-12-23,2025-12-23,1,0,2025:1
Tha Audio Unit,1,2019-09-18,2019-09-18,1,0,2019:1
Tha Dogg Pound,1,2025-08-08,2025-08-08,1,0,2025:1
"Tha God Fahim, Your Old Droog",1,2024-10-10,2024-10-10,1,0,2024:1
"Thabiti, Fresh laDouille",1,2025-02-19,2025-02-19,1,0,2025:1
"Thank You, I'm Sorry",1,2022-06-08,2022-06-08,1,0,2022:1
Thao & The Get Down Stay Down,1,2016-02-03,2016-02-03,1,0,2016:1
"Thayne Jasperson, Lin-Manuel Miranda, Original Broadway Cast Of Hamilton",1,2025-01-05,2025-01-05,1,0,2025:1
The 5.6.7.8's,1,2010-11-03,2010-11-03,1,0,2010:1
The Abyssinians,1,2022-04-09,2022-04-09,1,0,2022:1
The Academy Is...,1,2026-06-01,2026-06-01,1,0,2026:1
"The Academy: Segunda Misión, Sech, Justin Quiles, Lenny Tavárez, Dalex, Dímelo Flow, Myke Towers",1,2024-07-01,2024-07-01,1,0,2024:1
"The Acid, RY X",1,2025-01-24,2025-01-24,1,0,2025:1
The Advancement,1,2020-09-03,2020-09-03,1,0,2020:1
"The Album Leaf, Kimbra",1,2025-01-13,2025-01-13,1,0,2025:1
The American Dollar,1,2017-12-07,2017-12-07,1,0,2017:1
The Andrews Sisters,1,2012-12-23,2012-12-23,1,0,2012:1
The Answering Machine,1,2012-07-12,2012-07-12,1,0,2012:1
The Architect,1,2026-06-05,2026-06-05,1,0,2026:1
The Arcs,1,2022-12-18,2022-12-18,1,0,2022:1
"The Avalanches, Blood Orange",1,2025-07-25,2025-07-25,1,0,2025:1
"The Avalanches, Rivers Cuomo, Pink Siifu",1,2020-03-23,2020-03-23,1,0,2020:1
The Avener,1,2022-10-22,2022-10-22,1,0,2022:1
The Axis of Awesome,1,2021-09-11,2021-09-11,1,0,2021:1
The B-52's,1,2026-08-26,2026-08-26,1,0,2026:1
The Babysitters Circus,1,2013-11-24,2013-11-24,1,0,2013:1
The Bad Plus,1,2019-08-30,2019-08-30,1,0,2019:1
The Bahama Soul Club,1,2015-12-14,2015-12-14,1,0,2015:1
The Baptist Generals,1,2013-09-21,2013-09-21,1,0,2013:1
"The Barden Bellas, The Treblemakers & The Bu Harmonics",1,2020-03-19,2020-03-19,1,0,2020:1
The Baseball Project,1,2021-03-27,2021-03-27,1,0,2021:1
The Bates,1,2009-12-24,2009-12-24,1,0,2009:1
The Be Good Tanyas,1,2015-09-08,2015-09-08,1,0,2015:1
THE BEAT BUGS,1,2021-05-02,2021-05-02,1,0,2021:1
The Beatles Tribute Band,1,2012-12-19,2012-12-19,1,0,2012:1
The Beatnuts,1,2007-04-21,2007-04-21,1,0,2007:1
"The Bellas, Evermoist, Saddle Up, Young Sparrow And DJ Dragon Nutz, Soldiers",1,2020-03-19,2020-03-19,1,0,2020:1
The Belligerents,1,2017-08-08,2017-08-08,1,0,2017:1
The Bells,1,2019-08-28,2019-08-28,1,0,2019:1
The Besnard Lakes,1,2012-10-24,2012-10-24,1,0,2012:1
The Birdstones,1,2013-01-20,2013-01-20,1,0,2013:1
The Black Madonna,1,2019-07-21,2019-07-21,1,0,2019:1
The Blackout Allstars,1,2013-03-07,2013-03-07,1,0,2013:1
The Blinders,1,2020-12-09,2020-12-09,1,0,2020:1
The Blue Nile,1,2021-09-20,2021-09-20,1,0,2021:1
The Bones of J.R. Jones,1,2021-01-30,2021-01-30,1,0,2021:1
The Bonnevilles,1,2026-05-07,2026-05-07,1,0,2026:1
The Boo Radleys,1,2026-07-16,2026-07-16,1,0,2026:1
The Books,1,2015-12-11,2015-12-11,1,0,2015:1
The Books and José González,1,2010-10-05,2010-10-05,1,0,2010:1
The Bots,1,2014-12-14,2014-12-14,1,0,2014:1
The Bouncing Souls,1,2007-09-12,2007-09-12,1,0,2007:1
The Brecker Brothers,1,2014-12-30,2014-12-30,1,0,2014:1
The Brian Jonestown Massacre,1,2021-12-10,2021-12-10,1,0,2021:1
"The Brian Jonestown Massacre, Aimee Nash",1,2025-01-23,2025-01-23,1,0,2025:1
The Bright Light Social Hour,1,2019-08-27,2019-08-27,1,0,2019:1
The Brilliance,1,2019-05-17,2019-05-17,1,0,2019:1
The Brinks,1,2016-02-03,2016-02-03,1,0,2016:1
The Brobecks,1,2012-05-14,2012-05-14,1,0,2012:1
The Brook & The Bluff,1,2020-12-30,2020-12-30,1,0,2020:1
The Brummies,1,2020-10-21,2020-10-21,1,0,2020:1
The Brunettes,1,2009-06-14,2009-06-14,1,0,2009:1
The Buckinghams,1,2008-01-12,2008-01-12,1,0,2008:1
The Bug,1,2015-04-20,2015-04-20,1,0,2015:1
The Buggles,1,2013-03-06,2013-03-06,1,0,2013:1
The Burkharts,1,2021-01-17,2021-01-17,1,0,2021:1
The C33s,1,2019-08-28,2019-08-28,1,0,2019:1
The C90s,1,2015-04-10,2015-04-10,1,0,2015:1
"The Chainsmokers, Daya",1,2024-07-06,2024-07-06,1,0,2024:1
"The Chainsmokers, Halsey",1,2024-07-06,2024-07-06,1,0,2024:1
The Checkup,1,2014-12-11,2014-12-11,1,0,2014:1
The Chicago Duo,1,2018-03-19,2018-03-19,1,0,2018:1
The Chiffons,1,2015-11-17,2015-11-17,1,0,2015:1
The Child of Lov,1,2013-02-15,2013-02-15,1,0,2013:1
The City of Prague Philharmonic Orchestra,1,2015-09-08,2015-09-08,1,0,2015:1
The Clarendonians,1,2022-04-08,2022-04-08,1,0,2022:1
The Clarks,1,2022-06-16,2022-06-16,1,0,2022:1
The Cleverlys,1,2015-09-07,2015-09-07,1,0,2015:1
The Cold Stares,1,2019-05-07,2019-05-07,1,0,2019:1
The Colurs,1,2013-08-27,2013-08-27,1,0,2013:1
The Connells,1,2013-09-23,2013-09-23,1,0,2013:1
The Contours,1,2015-11-17,2015-11-17,1,0,2015:1
The Cords,1,2025-10-13,2025-10-13,1,0,2025:1
The Cosmics,1,2019-11-26,2019-11-26,1,0,2019:1
The Count & Sinden feat. 77Klash,1,2017-02-17,2017-02-17,1,0,2017:1
The Creation,1,2026-07-21,2026-07-21,1,0,2026:1
The Crystals,1,2015-11-17,2015-11-17,1,0,2015:1
The Cult,1,2008-10-13,2008-10-13,1,0,2008:1
The Cyrkle,1,2020-09-08,2020-09-08,1,0,2020:1
The Damned,1,2006-11-19,2006-11-19,1,0,2006:1
The Dave Clark Five,1,2012-10-25,2012-10-25,1,0,2012:1
The Dawdler,1,2019-11-26,2019-11-26,1,0,2019:1
The Daydreamers,1,2014-09-21,2014-09-21,1,0,2014:1
The Daze,1,2012-10-26,2012-10-26,1,0,2012:1
The De Luca Brothers,1,2024-03-14,2024-03-14,1,0,2024:1
"The De Luca Brothers, Alex Britten",1,2024-11-09,2024-11-09,1,0,2024:1
The Dead Milkmen,1,2013-01-20,2013-01-20,1,0,2013:1
The Dear Hunter,1,2013-09-21,2013-09-21,1,0,2013:1
The Deep Dark Woods,1,2017-10-24,2017-10-24,1,0,2017:1
The Delta Riggs,1,2014-12-17,2014-12-17,1,0,2014:1
The Devil Wears Prada,1,2009-07-27,2009-07-27,1,0,2009:1
The Dining Rooms,1,2014-09-21,2014-09-21,1,0,2014:1
The Diplomats,1,2021-08-24,2021-08-24,1,0,2021:1
The Diplomats of Solid Sound,1,2015-11-17,2015-11-17,1,0,2015:1
The Dirty Mac,1,2014-10-09,2014-10-09,1,0,2014:1
The Diventa Project,1,2013-02-16,2013-02-16,1,0,2013:1
The Divine Comedy,1,2026-07-16,2026-07-16,1,0,2026:1
The Dodos,1,2019-08-13,2019-08-13,1,0,2019:1
The Drifter,1,2014-12-11,2014-12-11,1,0,2014:1
The Drifters,1,2013-11-25,2013-11-25,1,0,2013:1
The Dryes,1,2019-05-07,2019-05-07,1,0,2019:1
The Duhks,1,2015-09-08,2015-09-08,1,0,2015:1
The Durutti Column,1,2026-08-06,2026-08-06,1,0,2026:1
the dwells,1,2015-12-04,2015-12-04,1,0,2015:1
The Dynamites,1,2022-04-09,2022-04-09,1,0,2022:1
The Earl,1,2010-05-07,2010-05-07,1,0,2010:1
The Early November,1,2013-01-18,2013-01-18,1,0,2013:1
The Edwin Hawkins Singers,1,2007-08-14,2007-08-14,1,0,2007:1
The Electric Soft Parade,1,2009-12-16,2009-12-16,1,0,2009:1
The Elms,1,2009-06-14,2009-06-14,1,0,2009:1
The EMBR,1,2017-11-27,2017-11-27,1,0,2017:1
The Emotions,1,2017-09-01,2017-09-01,1,0,2017:1
The Enemy,1,2012-07-12,2012-07-12,1,0,2012:1
The Expert,1,2026-06-05,2026-06-05,1,0,2026:1
The Fall,1,2017-05-02,2017-05-02,1,0,2017:1
The Feelies,1,2026-07-06,2026-07-06,1,0,2026:1
The Feeling,1,2009-07-27,2009-07-27,1,0,2009:1
The Field,1,2012-10-23,2012-10-23,1,0,2012:1
The Finches,1,2014-05-01,2014-05-01,1,0,2014:1
The Five Satins,1,2010-05-06,2010-05-06,1,0,2010:1
The Five Stairsteps,1,2015-06-25,2015-06-25,1,0,2015:1
"The Flaming Lips, Kacey Musgraves",1,2025-10-03,2025-10-03,1,0,2025:1
The Flashbulb,1,2015-12-11,2015-12-11,1,0,2015:1
The Flirtations,1,2015-07-08,2015-07-08,1,0,2015:1
The Flowers,1,2019-08-29,2019-08-29,1,0,2019:1
The Flying Stars Of Brooklyn NY,1,2019-06-05,2019-06-05,1,0,2019:1
The Fold,1,2009-06-13,2009-06-13,1,0,2009:1
The Franklin Electric,1,2013-01-16,2013-01-16,1,0,2013:1
The Friends of Distinction,1,2015-11-18,2015-11-18,1,0,2015:1
The Frst,1,2023-10-23,2023-10-23,1,0,2023:1
The Fugees,1,2010-03-15,2010-03-15,1,0,2010:1
The Fur.,1,2021-01-17,2021-01-17,1,0,2021:1
The Gaslamp Killer,1,2013-08-27,2013-08-27,1,0,2013:1
The Gaslight Anthem,1,2013-02-15,2013-02-15,1,0,2013:1
The Gay Blades,1,2013-01-18,2013-01-18,1,0,2013:1
The Gentleman Losers,1,2024-12-16,2024-12-16,1,0,2024:1
The Giver,1,2023-06-20,2023-06-20,1,0,2023:1
The Giving Tree Band,1,2013-01-16,2013-01-16,1,0,2013:1
The Glass Beads,1,2022-06-13,2022-06-13,1,0,2022:1
The Golf Club,1,2022-03-28,2022-03-28,1,0,2022:1
"The Good, The Bad and The Queen",1,2024-11-30,2024-11-30,1,0,2024:1
The Goodbye Radio,1,2012-06-13,2012-06-13,1,0,2012:1
The Goodwill,1,2012-07-19,2012-07-19,1,0,2012:1
The Greeting Committee,1,2019-06-17,2019-06-17,1,0,2019:1
The Greg Foat Group,1,2015-08-18,2015-08-18,1,0,2015:1
The Guess Who,1,2009-12-12,2009-12-12,1,0,2009:1
The Haggis Horns,1,2015-01-21,2015-01-21,1,0,2015:1
The Halo Benders,1,2017-04-12,2017-04-12,1,0,2017:1
The Handsome Family,1,2015-12-04,2015-12-04,1,0,2015:1
The Haunted Youth,1,2025-01-24,2025-01-24,1,0,2025:1
The Heartbreaks,1,2013-02-15,2013-02-15,1,0,2013:1
The Heavy,1,2013-04-25,2013-04-25,1,0,2013:1
The Helsinki University Chorus (YL) and Matti Hökki (Conductor),1,2009-12-24,2009-12-24,1,0,2009:1
The Heralds Of Change,1,2017-04-07,2017-04-07,1,0,2017:1
The Higher Intelligence Agency,1,2026-08-13,2026-08-13,1,0,2026:1
The Highwaymen,1,2012-05-13,2012-05-13,1,0,2012:1
The Highwomen,1,2026-07-10,2026-07-10,1,0,2026:1
The Hit Nation,1,2013-07-10,2013-07-10,1,0,2013:1
The Hitters,1,2013-05-10,2013-05-10,1,0,2013:1
The Hollyridge Strings,1,2021-08-09,2021-08-09,1,0,2021:1
The Homosexuals,1,2009-06-14,2009-06-14,1,0,2009:1
The Honorary Title,1,2013-01-18,2013-01-18,1,0,2013:1
The Hooters,1,2010-08-18,2010-08-18,1,0,2010:1
The Housemartins,1,2012-12-23,2012-12-23,1,0,2012:1
The Howl & The Hum,1,2019-09-04,2019-09-04,1,0,2019:1
The Hunna,1,2025-07-12,2025-07-12,1,0,2025:1
"The Hunna, Travis Barker",1,2020-04-03,2020-04-03,1,0,2020:1
The Imperials,1,2020-09-08,2020-09-08,1,0,2020:1
The Incompetents,1,2012-04-08,2012-04-08,1,0,2012:1
The Indien,1,2024-04-19,2024-04-19,1,0,2024:1
The Internet,1,2015-12-16,2015-12-16,1,0,2015:1
The Ivory Coast,1,2009-06-13,2009-06-13,1,0,2009:1
The Jane Doze,1,2015-05-26,2015-05-26,1,0,2015:1
The Jeff Healey Band,1,2010-08-18,2010-08-18,1,0,2010:1
The Jesus Lizard,1,2025-08-08,2025-08-08,1,0,2025:1
The Jim Jones Revue,1,2013-02-15,2013-02-15,1,0,2013:1
The Juliana Hatfield Three,1,2023-08-12,2023-08-12,1,0,2023:1
The Juliana Theory,1,2022-06-16,2022-06-16,1,0,2022:1
The Karminsky Experience Inc.,1,2013-04-22,2013-04-22,1,0,2013:1
The Kiboomers,1,2021-07-24,2021-07-24,1,0,2021:1
The Kilans,1,2024-05-12,2024-05-12,1,0,2024:1
The King's Singers,1,2025-12-22,2025-12-22,1,0,2025:1
The Kingsmen,1,2013-11-24,2013-11-24,1,0,2013:1
The Kingston Trio,1,2013-03-07,2013-03-07,1,0,2013:1
The KLF,1,2022-04-26,2022-04-26,1,0,2022:1
The Kowloons,1,2025-07-12,2025-07-12,1,0,2025:1
The Lagoon,1,2018-03-19,2018-03-19,1,0,2018:1
The Last Royals,1,2013-01-16,2013-01-16,1,0,2013:1
The Last Skeptik,1,2019-09-27,2019-09-27,1,0,2019:1
The Lathums,1,2025-10-31,2025-10-31,1,0,2025:1
The Layabouts,1,2012-09-12,2012-09-12,1,0,2012:1
The Lazy Susans,1,2019-08-28,2019-08-28,1,0,2019:1
The Licks,1,2019-08-28,2019-08-28,1,0,2019:1
The Lidls,1,2017-12-27,2017-12-27,1,0,2017:1
The Light of Aidan,1,2013-01-20,2013-01-20,1,0,2013:1
The Like,1,2026-08-26,2026-08-26,1,0,2026:1
The Limiñanas,1,2015-04-20,2015-04-20,1,0,2015:1
The Linda Lindas,1,2022-02-24,2022-02-24,1,0,2022:1
The Living Tombstone,1,2026-01-06,2026-01-06,1,0,2026:1
The Loi-Toki-Tok,1,2014-01-14,2014-01-14,1,0,2014:1
The Long Winters,1,2013-09-21,2013-09-21,1,0,2013:1
The Macarons Project,1,2021-08-22,2021-08-22,1,0,2021:1
The Maes,1,2020-08-12,2020-08-12,1,0,2020:1
The Magic Gang,1,2020-12-18,2020-12-18,1,0,2020:1
The Magic Numbers,1,2013-08-26,2013-08-26,1,0,2013:1
The Magnetic Fields,1,2009-10-17,2009-10-17,1,0,2009:1
The Main Ingredient,1,2015-11-18,2015-11-18,1,0,2015:1
The Maine,1,2012-05-14,2012-05-14,1,0,2012:1
The Manhattan Transfer,1,2013-08-21,2013-08-21,1,0,2013:1
The Marias,1,2026-01-30,2026-01-30,1,0,2026:1
The Marine Project,1,2013-03-13,2013-03-13,1,0,2013:1
The Mattson 2,1,2019-09-17,2019-09-17,1,0,2019:1
The Mauskovic Dance Band,1,2024-05-08,2024-05-08,1,0,2024:1
The Maytones,1,2022-04-09,2022-04-09,1,0,2022:1
The Men,1,2025-01-22,2025-01-22,1,0,2025:1
The Mercury Program,1,2012-10-28,2012-10-28,1,0,2012:1
The Midnight,1,2019-05-03,2019-05-03,1,0,2019:1
"The Minds Of 99, MØ",1,2025-06-12,2025-06-12,1,0,2025:1
The Moffatts,1,2012-05-14,2012-05-14,1,0,2012:1
The Mojos,1,2017-01-19,2017-01-19,1,0,2017:1
The Moldy Peaches,1,2012-10-01,2012-10-01,1,0,2012:1
The Molotovs,1,2026-05-05,2026-05-05,1,0,2026:1
The Montreal Children's Workshop,1,2021-11-21,2021-11-21,1,0,2021:1
The Moody Blues,1,2009-12-06,2009-12-06,1,0,2009:1
The Motel Brothers,1,2019-11-27,2019-11-27,1,0,2019:1
The Moving Stills,1,2023-10-22,2023-10-22,1,0,2023:1
The Mowgli's,1,2019-08-13,2019-08-13,1,0,2019:1
The Mystic Tide,1,2025-10-13,2025-10-13,1,0,2025:1
"The National, Taylor Swift",1,2024-09-29,2024-09-29,1,0,2024:1
The Nels Cline Singers,1,2017-09-12,2017-09-12,1,0,2017:1
The New Basement Tapes,1,2017-10-24,2017-10-24,1,0,2017:1
The New Mastersounds,1,2022-09-26,2022-09-26,1,0,2022:1
The Nixons,1,2013-03-20,2013-03-20,1,0,2013:1
The Oak Ridge Boys,1,2013-08-21,2013-08-21,1,0,2013:1
The Ocean Party,1,2015-12-16,2015-12-16,1,0,2015:1
The Olympians,1,2022-09-26,2022-09-26,1,0,2022:1
The One AM Radio,1,2007-07-28,2007-07-28,1,0,2007:1
The Original Broadway Cast of 'Tarzan’,1,2014-09-26,2014-09-26,1,0,2014:1
The Orion Experience,1,2025-03-23,2025-03-23,1,0,2025:1
The Palms,1,2019-06-13,2019-06-13,1,0,2019:1
The Parade,1,2024-04-18,2024-04-18,1,0,2024:1
The Pheels,1,2020-10-20,2020-10-20,1,0,2020:1
The Pirouettes,1,2025-07-24,2025-07-24,1,0,2025:1
The Pro-Teens,1,2026-06-05,2026-06-05,1,0,2026:1
The Prodigy,1,2021-03-27,2021-03-27,1,0,2021:1
The Psychedelic Furs,1,2026-06-01,2026-06-01,1,0,2026:1
The Pyramids,1,2015-08-18,2015-08-18,1,0,2015:1
The Qemists,1,2012-05-13,2012-05-13,1,0,2012:1
The Raconteurs,1,2013-08-20,2013-08-20,1,0,2013:1
The Rah Band,1,2026-06-05,2026-06-05,1,0,2026:1
The Rainforest Collective,1,2017-09-04,2017-09-04,1,0,2017:1
The Rapture,1,2008-01-05,2008-01-05,1,0,2008:1
The Raveonettes,1,2014-01-16,2014-01-16,1,0,2014:1
The Reactions,1,2025-10-13,2025-10-13,1,0,2025:1
The Real Kids,1,2009-06-13,2009-06-13,1,0,2009:1
"The Reds, Pinks and Purples",1,2026-04-18,2026-04-18,1,0,2026:1
The Rembrandts,1,2015-04-14,2015-04-14,1,0,2015:1
The Residents,1,2009-06-14,2009-06-14,1,0,2009:1
The Resistance,1,2012-07-15,2012-07-15,1,0,2012:1
The Revolution,1,2021-04-10,2021-04-10,1,0,2021:1
THE ROOP,1,2021-06-06,2021-06-06,1,0,2021:1
The Ruffled Feathers,1,2013-01-16,2013-01-16,1,0,2013:1
The Rugged Nuggets,1,2022-09-26,2022-09-26,1,0,2022:1
The Rural Alberta Advantage,1,2015-09-08,2015-09-08,1,0,2015:1
The S. L. P. P. O,1,2026-06-05,2026-06-05,1,0,2026:1
The Sensations,1,2022-04-09,2022-04-09,1,0,2022:1
The Shanghai Restoration Project,1,2013-02-16,2013-02-16,1,0,2013:1
The Shangri-Las,1,2020-09-29,2020-09-29,1,0,2020:1
The Shapes,1,2008-07-25,2008-07-25,1,0,2008:1
The Shirelles,1,2008-07-25,2008-07-25,1,0,2008:1
The Silvertones,1,2022-04-08,2022-04-08,1,0,2022:1
The Singing Walrus,1,2021-10-02,2021-10-02,1,0,2021:1
The Six,1,2015-09-24,2015-09-24,1,0,2015:1
The Skatalites,1,2022-10-21,2022-10-21,1,0,2022:1
The Smith Street Band,1,2017-07-06,2017-07-06,1,0,2017:1
The Smittens,1,2015-04-20,2015-04-20,1,0,2015:1
The Sophs,1,2026-05-29,2026-05-29,1,0,2026:1
"The Soul Rebels, Nigel Hall",1,2024-07-19,2024-07-19,1,0,2024:1
The Sound Of Change,1,2024-07-14,2024-07-14,1,0,2024:1
The Soup Dragons,1,2017-04-12,2017-04-12,1,0,2017:1
The Source,1,2012-05-16,2012-05-16,1,0,2012:1
The Special Goodness,1,2013-03-08,2013-03-08,1,0,2013:1
The Spectaphiles,1,2014-12-10,2014-12-10,1,0,2014:1
The Spellbinders,1,2015-11-18,2015-11-18,1,0,2015:1
The Spill Canvas,1,2013-01-18,2013-01-18,1,0,2013:1
The Spinto Band,1,2012-05-07,2012-05-07,1,0,2012:1
The Spotnicks,1,2025-07-16,2025-07-16,1,0,2025:1
The Stan Tracey Quartet,1,2017-10-24,2017-10-24,1,0,2017:1
The Stepkids,1,2015-08-18,2015-08-18,1,0,2015:1
The Stills,1,2026-06-01,2026-06-01,1,0,2026:1
The Struts,1,2023-01-18,2023-01-18,1,0,2023:1
The Style Council,1,2021-09-14,2021-09-14,1,0,2021:1
The Summer Obsession,1,2009-12-25,2009-12-25,1,0,2009:1
The Supervillains,1,2009-10-09,2009-10-09,1,0,2009:1
The Sweeplings,1,2017-09-21,2017-09-21,1,0,2017:1
The Sweet Inspirations,1,2015-12-14,2015-12-14,1,0,2015:1
The Swingcats,1,2009-06-13,2009-06-13,1,0,2009:1
The Tapiola Choir and Erkki Pohjola,1,2009-12-24,2009-12-24,1,0,2009:1
The Tea Shop,1,2024-11-10,2024-11-10,1,0,2024:1
The Tech Thieves,1,2026-07-14,2026-07-14,1,0,2026:1
The Techno Hall Of Fame,1,2019-08-28,2019-08-28,1,0,2019:1
The Telescopes,1,2013-09-21,2013-09-21,1,0,2013:1
The Thing,1,2024-01-15,2024-01-15,1,0,2024:1
The Three Tops,1,2022-10-21,2022-10-21,1,0,2022:1
The Thrillseekers,1,2012-07-29,2012-07-29,1,0,2012:1
The Throne,1,2020-02-18,2020-02-18,1,0,2020:1
The Tiarras,1,2022-03-26,2022-03-26,1,0,2022:1
"The Treblemakers, Kay",1,2020-03-19,2020-03-19,1,0,2020:1
The Tremeloes,1,2009-12-12,2009-12-12,1,0,2009:1
The Troggs,1,2012-12-19,2012-12-19,1,0,2012:1
The Twilight Sad,1,2013-04-25,2013-04-25,1,0,2013:1
The Ugly Voices,1,2026-06-05,2026-06-05,1,0,2026:1
The Ultimate Bob Seger Cover Band,1,2013-09-21,2013-09-21,1,0,2013:1
The Undercover Dream Lovers,1,2020-10-09,2020-10-09,1,0,2020:1
The Underdogs,1,2009-06-14,2009-06-14,1,0,2009:1
The Undertones,1,2017-05-02,2017-05-02,1,0,2017:1
"The Used, Jason Aalon Butler",1,2020-04-03,2020-04-03,1,0,2020:1
The Ventures,1,2012-12-19,2012-12-19,1,0,2012:1
The Veronicas,1,2014-09-25,2014-09-25,1,0,2014:1
The Very Best,1,2012-04-24,2012-04-24,1,0,2012:1
The Vespers,1,2015-03-20,2015-03-20,1,0,2015:1
The Viceroys,1,2022-10-21,2022-10-21,1,0,2022:1
The Vitrines,1,2019-08-28,2019-08-28,1,0,2019:1
The Wailing Wailers,1,2011-01-29,2011-01-29,1,0,2011:1
The Walters,1,2022-06-08,2022-06-08,1,0,2022:1
The War and Treaty,1,2021-03-06,2021-03-06,1,0,2021:1
The Warning,1,2024-06-24,2024-06-24,1,0,2024:1
The Washdown,1,2009-10-17,2009-10-17,1,0,2009:1
The Waterbed Corporation,1,2018-03-19,2018-03-19,1,0,2018:1
"The Webb Sisters, Leonard Cohen",1,2025-11-07,2025-11-07,1,0,2025:1
"The Weeknd, Daft Punk",1,2024-08-19,2024-08-19,1,0,2024:1
"The Weeknd, Kendrick Lamar",1,2024-08-19,2024-08-19,1,0,2024:1
"The Weeknd, Lil Wayne",1,2024-08-19,2024-08-19,1,0,2024:1
"The Weeknd, Playboi Carti",1,2024-09-30,2024-09-30,1,0,2024:1
The Well Pennies,1,2014-12-22,2014-12-22,1,0,2014:1
The West Coast Pop Art Experimental Band,1,2021-12-10,2021-12-10,1,0,2021:1
The Western Den,1,2020-08-12,2020-08-12,1,0,2020:1
The White Lamp,1,2014-12-09,2014-12-09,1,0,2014:1
The Wiggles,1,2009-10-31,2009-10-31,1,0,2009:1
The Wilderness of Manitoba,1,2013-01-16,2013-01-16,1,0,2013:1
The Winetasters,1,2014-09-21,2014-09-21,1,0,2014:1
The Wonder Years,1,2022-10-02,2022-10-02,1,0,2022:1
"The Wonderful World of Louis Armstrong All Stars, Nicholas Payton, Common",1,2024-10-05,2024-10-05,1,0,2024:1
The Yardbirds,1,2006-11-30,2006-11-30,1,0,2006:1
The Young Gods,1,2009-06-14,2009-06-14,1,0,2009:1
The Ziggens,1,2009-06-14,2009-06-14,1,0,2009:1
Thea,1,2020-12-07,2020-12-07,1,0,2020:1
TheARTI$t,1,2024-07-13,2024-07-13,1,0,2024:1
Thee Sacred Souls,1,2024-06-26,2024-06-26,1,0,2024:1
TheeOnlyJanessa,1,2026-03-26,2026-03-26,1,0,2026:1
THEHONESTGUY,1,2024-04-18,2024-04-18,1,0,2024:1
TheKiddEast,1,2023-01-31,2023-01-31,1,0,2023:1
Thelma Plum,1,2026-05-26,2026-05-26,1,0,2026:1
Theo Katzman,1,2019-06-19,2019-06-19,1,0,2019:1
Theo Lawrence,1,2025-09-08,2025-09-08,1,0,2025:1
Theo Parrish,1,2015-04-10,2015-04-10,1,0,2015:1
Theodor Black,1,2022-06-12,2022-06-12,1,0,2022:1
"Theon Cross, Shumba Maasai",1,2024-10-05,2024-10-05,1,0,2024:1
Theory of a Deadman,1,2023-02-01,2023-02-01,1,0,2023:1
These Five Years,1,2019-08-28,2019-08-28,1,0,2019:1
They Dream By Day,1,2018-03-19,2018-03-19,1,0,2018:1
Thiaguinho,1,2015-04-01,2015-04-01,1,0,2015:1
Thinking Caps,1,2019-08-28,2019-08-28,1,0,2019:1
Third World,1,2015-12-07,2015-12-07,1,0,2015:1
"This Is Lorelei, MJ Lenderman",1,2025-07-15,2025-07-15,1,0,2025:1
This Is Me Smiling,1,2013-03-15,2013-03-15,1,0,2013:1
This Week in the Universe,1,2024-01-15,2024-01-15,1,0,2024:1
Thom Draft,1,2026-09-02,2026-09-02,1,0,2026:1
Thom Southern,1,2025-03-23,2025-03-23,1,0,2025:1
Thomas Dutronc,1,2025-12-04,2025-12-04,1,0,2025:1
Thomas Headon,1,2024-07-16,2024-07-16,1,0,2024:1
Thomas Oliver,1,2021-08-22,2021-08-22,1,0,2021:1
Thomas Rusiak,1,2009-01-05,2009-01-05,1,0,2009:1
Thomas Stenström,1,2014-08-18,2014-08-18,1,0,2014:1
"Thomé, Leo Middea",1,2024-07-14,2024-07-14,1,0,2024:1
Thorsteinn Einarsson,1,2015-09-24,2015-09-24,1,0,2015:1
Three Days Grace,1,2012-12-09,2012-12-09,1,0,2012:1
Throwing Muses,1,2025-01-23,2025-01-23,1,0,2025:1
"Thunder Jackson, The Knocks",1,2024-08-17,2024-08-17,1,0,2024:1
"Thundercat, Remi Wolf",1,2025-10-13,2025-10-13,1,0,2025:1
Thunderclap - Eskimo Joe,1,2009-10-21,2009-10-21,1,0,2009:1
Thursday,1,2009-10-17,2009-10-17,1,0,2009:1
Thurston Moore,1,2026-03-26,2026-03-26,1,0,2026:1
THUS LOVE,1,2026-04-06,2026-04-06,1,0,2026:1
Thuy,1,2023-10-19,2023-10-19,1,0,2023:1
Thx4Crying,1,2022-10-22,2022-10-22,1,0,2022:1
ThxSoMch,1,2023-01-18,2023-01-18,1,0,2023:1
"Ti.po.ta, Manu Chao, Klelia Renesi",1,2024-12-30,2024-12-30,1,0,2024:1
"TiaCorine, JID",1,2025-09-26,2025-09-26,1,0,2025:1
Tiana Major9,1,2020-07-29,2020-07-29,1,0,2020:1
Tiefschwarz,1,2008-10-01,2008-10-01,1,0,2008:1
Tierra Segunda,1,2012-07-15,2012-07-15,1,0,2012:1
Tiger,1,2024-02-21,2024-02-21,1,0,2024:1
Tiger Lili,1,2020-10-09,2020-10-09,1,0,2020:1
Tiger Run,1,2021-12-27,2021-12-27,1,0,2021:1
Tigerskin,1,2014-09-21,2014-09-21,1,0,2014:1
tigerstate,1,2024-01-02,2024-01-02,1,0,2024:1
Tiggs Da Author,1,2015-11-18,2015-11-18,1,0,2015:1
Tiktak,1,2011-02-01,2011-02-01,1,0,2011:1
Till Von Sein,1,2014-12-29,2014-12-29,1,0,2014:1
Tilman,1,2021-02-25,2021-02-25,1,0,2021:1
Tim Ayre,1,2019-08-29,2019-08-29,1,0,2019:1
Tim Baker,1,2019-06-15,2019-06-15,1,0,2019:1
Tim Buckley,1,2021-12-10,2021-12-10,1,0,2021:1
Tim Burgess,1,2026-07-07,2026-07-07,1,0,2026:1
Tim Hardin,1,2024-07-06,2024-07-06,1,0,2024:1
Tim Schaufert,1,2017-11-27,2017-11-27,1,0,2017:1
Tim Schou,1,2021-10-24,2021-10-24,1,0,2021:1
Timberwolf,1,2015-03-23,2015-03-23,1,0,2015:1
Timbuktu,1,2013-09-08,2013-09-08,1,0,2013:1
Timmy Trumpet,1,2024-05-24,2024-05-24,1,0,2024:1
Tina Arena,1,2008-12-30,2008-12-30,1,0,2008:1
Tini,1,2024-07-01,2024-07-01,1,0,2024:1
"Tinie Tempah, Not3s",1,2020-03-23,2020-03-23,1,0,2020:1
"Tink, Bryson Tiller",1,2025-07-27,2025-07-27,1,0,2025:1
"Tink, Skilla Baby",1,2024-07-16,2024-07-16,1,0,2024:1
Tiny Habits,1,2024-04-30,2024-04-30,1,0,2024:1
Tipling Rock,1,2019-06-30,2019-06-30,1,0,2019:1
Tito Puente,1,2017-06-17,2017-06-17,1,0,2017:1
Tittsworth,1,2019-08-28,2019-08-28,1,0,2019:1
Tiya,1,2026-05-23,2026-05-23,1,0,2026:1
Tiyiselani Vomaseve,1,2013-02-06,2013-02-06,1,0,2013:1
Tiz McNamara,1,2020-11-15,2020-11-15,1,0,2020:1
"Tiësto, A Boogie wit da Hoodie",1,2025-03-07,2025-03-07,1,0,2025:1
"Tiësto, Alana Springsteen",1,2025-05-16,2025-05-16,1,0,2025:1
"Tiësto, AR/CO",1,2025-03-07,2025-03-07,1,0,2025:1
"Tiësto, Black Eyed Peas",1,2025-03-07,2025-03-07,1,0,2025:1
"tIëSTO, cHArlI xCX",1,2025-03-07,2025-03-07,1,0,2025:1
"Tiësto, Dimitri Vegas & Like Mike, Gabry Ponte",1,2025-05-16,2025-05-16,1,0,2025:1
"Tiësto, Freya Ridings",1,2025-03-07,2025-03-07,1,0,2025:1
"Tiësto, KAROL G",1,2025-03-07,2025-03-07,1,0,2025:1
"Tiësto, KSHMR, Vassy",1,2025-04-02,2025-04-02,1,0,2025:1
"Tiësto, Kyler England",1,2025-04-02,2025-04-02,1,0,2025:1
"Tiësto, Swimming Paul",1,2025-05-16,2025-05-16,1,0,2025:1
"Tiësto, Tate McRae",1,2025-03-07,2025-03-07,1,0,2025:1
TJ Kong,1,2012-05-31,2012-05-31,1,0,2012:1
TJ Kong feat. Elbee Bad,1,2013-11-19,2013-11-19,1,0,2013:1
TK from 凛として時雨,1,2023-09-05,2023-09-05,1,0,2023:1
TMPR,1,2024-05-24,2024-05-24,1,0,2024:1
TNGHT,1,2014-01-14,2014-01-14,1,0,2014:1
To Rococo Rot,1,2026-05-04,2026-05-04,1,0,2026:1
Tobacco,1,2026-07-23,2026-07-23,1,0,2026:1
Tobias Dray,1,2022-01-12,2022-01-12,1,0,2022:1
Tobias Meinhart,1,2019-08-30,2019-08-30,1,0,2019:1
Toboggan,1,2022-10-22,2022-10-22,1,0,2022:1
Toco,1,2021-11-20,2021-11-20,1,0,2021:1
Todd Givens Jr.,1,2025-02-22,2025-02-22,1,0,2025:1
Toddla T,1,2013-08-27,2013-08-27,1,0,2013:1
Tokimeki Records,1,2019-08-23,2019-08-23,1,0,2019:1
"Tokischa, La Mas Doll",1,2025-09-26,2025-09-26,1,0,2025:1
Tokyo Ska Paradise Orchestra,1,2019-08-23,2019-08-23,1,0,2019:1
Tom Boy,1,2020-12-30,2020-12-30,1,0,2020:1
Tom Brosseau,1,2020-08-12,2020-08-12,1,0,2020:1
"Tom Gregory, VIZE",1,2025-07-22,2025-07-22,1,0,2025:1
Tom Jones & Stereophonics,1,2007-03-30,2007-03-30,1,0,2007:1
Tom McRae,1,2010-11-28,2010-11-28,1,0,2010:1
Tom Tom Club,1,2021-09-14,2021-09-14,1,0,2021:1
Tom Verberne,1,2023-02-04,2023-02-04,1,0,2023:1
Tom Zeta,1,2023-01-16,2023-01-16,1,0,2023:1
Tomas Flari,1,2015-11-26,2015-11-26,1,0,2015:1
TOMAS GUTIERREZ,1,2021-01-04,2021-01-04,1,0,2021:1
Tomas North,1,2021-01-30,2021-01-30,1,0,2021:1
Tomasz Kraal,1,2019-11-28,2019-11-28,1,0,2019:1
TOMC,1,2019-08-23,2019-08-23,1,0,2019:1
tomcbumpz,1,2023-09-27,2023-09-27,1,0,2023:1
Tomi,1,2017-08-12,2017-08-12,1,0,2017:1
Tomita,1,2008-04-07,2008-04-07,1,0,2008:1
ToMix,1,2019-08-28,2019-08-28,1,0,2019:1
Tommie Sunshine,1,2017-05-22,2017-05-22,1,0,2017:1
Tommy Trash,1,2012-05-14,2012-05-14,1,0,2012:1
Tommy vee & Mauro Ferruci with Ce Ce Rogers,1,2013-01-23,2013-01-23,1,0,2013:1
Tommy Vercetti,1,2014-12-10,2014-12-10,1,0,2014:1
Tommy Villiers,1,2022-12-29,2022-12-29,1,0,2022:1
Tomoki Hasegawa,1,2013-08-21,2013-08-21,1,0,2013:1
TOMORROW X TOGETHER,1,2023-10-19,2023-10-19,1,0,2023:1
Tomoyo Harada,1,2017-06-29,2017-06-29,1,0,2017:1
Tonal Zen,1,2021-07-15,2021-07-15,1,0,2021:1
Toni Sancho,1,2021-09-25,2021-09-25,1,0,2021:1
Tontario,1,2017-12-04,2017-12-04,1,0,2017:1
Tony & The Monstrosities,1,2025-10-13,2025-10-13,1,0,2025:1
"Tony Corrida, Lorenzo",1,2025-02-18,2025-02-18,1,0,2025:1
Tony Deans,1,2020-12-24,2020-12-24,1,0,2020:1
Tony Momrelle,1,2023-08-11,2023-08-11,1,0,2023:1
Tony Sheridan,1,2012-12-19,2012-12-19,1,0,2012:1
Tony Tribe,1,2022-04-08,2022-04-08,1,0,2022:1
Toonorth,1,2019-09-18,2019-09-18,1,0,2019:1
Top 250 Hits of 90s,1,2013-08-21,2013-08-21,1,0,2013:1
Topi Saha,1,2015-11-16,2015-11-16,1,0,2015:1
Topi Sorsakoski & Agents,1,2008-12-29,2008-12-29,1,0,2008:1
TopOppGen,1,2025-12-31,2025-12-31,1,0,2025:1
Tor.Ma In Dub,1,2013-05-30,2013-05-30,1,0,2013:1
Torch Song,1,2026-08-24,2026-08-24,1,0,2026:1
Tornado Wallace,1,2017-07-06,2017-07-06,1,0,2017:1
"Toro y Moi, Brijean",1,2024-09-30,2024-09-30,1,0,2024:1
Tortured Soul,1,2009-02-06,2009-02-06,1,0,2009:1
Total Touch,1,2014-01-12,2014-01-12,1,0,2014:1
Totem,1,2015-09-03,2015-09-03,1,0,2015:1
tothegood,1,2019-08-28,2019-08-28,1,0,2019:1
Touch of Spades,1,2017-09-04,2017-09-04,1,0,2017:1
Touko,1,2024-04-18,2024-04-18,1,0,2024:1
Tourist,1,2019-06-24,2019-06-24,1,0,2019:1
"Tove Lo, Alma",1,2020-03-04,2020-03-04,1,0,2020:1
"Tove Lo, Kylie Minogue",1,2020-03-04,2020-03-04,1,0,2020:1
Tow'rs,1,2020-10-13,2020-10-13,1,0,2020:1
Towa Tei,1,2026-05-25,2026-05-25,1,0,2026:1
Tower of Power,1,2013-12-06,2013-12-06,1,0,2013:1
Town Of Saints,1,2015-03-25,2015-03-25,1,0,2015:1
Toyah,1,2012-12-23,2012-12-23,1,0,2012:1
Trace Mountains,1,2026-03-01,2026-03-01,1,0,2026:1
Tracey Thorn,1,2015-01-11,2015-01-11,1,0,2015:1
Trad. from Germany from the 16th century. Adapted by Martin Luther.,1,2021-12-24,2021-12-24,1,0,2021:1
Traditional from Germany,1,2021-12-24,2021-12-24,1,0,2021:1
Tramp Stamps,1,2021-02-15,2021-02-15,1,0,2021:1
Tranquil Forest Effect,1,2017-09-04,2017-09-04,1,0,2017:1
Transplants,1,2009-10-31,2009-10-31,1,0,2009:1
"Trap Dickey, OJ Da Juiceman",1,2025-12-01,2025-12-01,1,0,2025:1
"Trap Dickey, Rylo Rodriguez",1,2025-12-01,2025-12-01,1,0,2025:1
Trash Panda,1,2023-06-11,2023-06-11,1,0,2023:1
Traveling Wilburys,1,2008-03-02,2008-03-02,1,0,2008:1
Travis Denning,1,2019-10-01,2019-10-01,1,0,2019:1
"Travis Scott, Don Toliver",1,2025-07-16,2025-07-16,1,0,2025:1
"Travis Scott, Playboi Carti, Future",1,2025-07-16,2025-07-16,1,0,2025:1
"Travis Scott, Rosalía, Lil Baby",1,2020-04-24,2020-04-24,1,0,2020:1
"Travis Scott, Sheck Wes, Don Toliver",1,2025-07-16,2025-07-16,1,0,2025:1
"Travis Scott, SoFaygo",1,2025-07-16,2025-07-16,1,0,2025:1
Travis Tritt,1,2009-12-02,2009-12-02,1,0,2009:1
Tre Kronor & Nick Borgen,1,2012-07-27,2012-07-27,1,0,2012:1
Tre' Amani,1,2022-06-08,2022-06-08,1,0,2022:1
Treadstone,1,2011-02-07,2011-02-07,1,0,2011:1
Trent Reznor and Atticus Ross,1,2017-06-13,2017-06-13,1,0,2017:1
Tresor,1,2019-09-16,2019-09-16,1,0,2019:1
Trevor Deep Jr,1,2014-07-27,2014-07-27,1,0,2014:1
Trevor Toms,1,2021-12-27,2021-12-27,1,0,2021:1
Trey Anastasio,1,2012-05-11,2012-05-11,1,0,2012:1
Tribal Tech,1,2014-12-30,2014-12-30,1,0,2014:1
Tribbs,1,2023-06-20,2023-06-20,1,0,2023:1
Trick Daddy,1,2007-03-31,2007-03-31,1,0,2007:1
Trifonic,1,2012-12-20,2012-12-20,1,0,2012:1
Trinix,1,2022-06-14,2022-06-14,1,0,2022:1
Triorität,1,2022-09-26,2022-09-26,1,0,2022:1
Triosence,1,2019-08-30,2019-08-30,1,0,2019:1
Trip the Witch,1,2023-06-20,2023-06-20,1,0,2023:1
Tripp St.,1,2021-02-05,2021-02-05,1,0,2021:1
Trippie Redd,1,2024-07-04,2024-07-04,1,0,2024:1
Tristan Mélia Trio,1,2019-08-30,2019-08-30,1,0,2019:1
Trombone Shorty,1,2015-01-21,2015-01-21,1,0,2015:1
Tropic,1,2022-04-21,2022-04-21,1,0,2022:1
Tropixx,1,2017-01-19,2017-01-19,1,0,2017:1
Trouble Maker,1,2021-09-23,2021-09-23,1,0,2021:1
Troumaca,1,2015-04-20,2015-04-20,1,0,2015:1
TRU4LIFE,1,2023-08-21,2023-08-21,1,0,2023:1
Truman Sinclair,1,2025-12-30,2025-12-30,1,0,2025:1
Truncate,1,2019-08-28,2019-08-28,1,0,2019:1
Trust,1,2020-09-08,2020-09-08,1,0,2020:1
TRXD,1,2017-04-18,2017-04-18,1,0,2017:1
Tsunami,1,2026-03-03,2026-03-03,1,0,2026:1
Tsunami Bomb,1,2009-12-24,2009-12-24,1,0,2009:1
TT The Artist,1,2021-09-25,2021-09-25,1,0,2021:1
TTNG,1,2019-06-19,2019-06-19,1,0,2019:1
Tucker Zimmerman,1,2025-07-28,2025-07-28,1,0,2025:1
"Tujamo, Gamuel Sori, SAYNT",1,2024-08-07,2024-08-07,1,0,2024:1
Tulipa Ruiz,1,2014-06-11,2014-06-11,1,0,2014:1
Tunde Adebimpe,1,2025-01-24,2025-01-24,1,0,2025:1
Tungevaag,1,2024-05-24,2024-05-24,1,0,2024:1
Tuns,1,2021-01-29,2021-01-29,1,0,2021:1
Tuomo,1,2009-06-18,2009-06-18,1,0,2009:1
Tuomo Rannankari,1,2021-08-09,2021-08-09,1,0,2021:1
Tupe.,1,2024-06-21,2024-06-21,1,0,2024:1
TurboKevin,1,2022-11-17,2022-11-17,1,0,2022:1
Turmion Kätilöt,1,2026-07-08,2026-07-08,1,0,2026:1
Turnover,1,2017-10-23,2017-10-23,1,0,2017:1
Turnpike Troubadours,1,2024-09-18,2024-09-18,1,0,2024:1
Turnstile,1,2025-06-02,2025-06-02,1,0,2025:1
"Turnstile, BADBADNOTGOOD",1,2025-01-13,2025-01-13,1,0,2025:1
Turtle,1,2014-11-19,2014-11-19,1,0,2014:1
Turtlenecked,1,2023-07-19,2023-07-19,1,0,2023:1
Tushar,1,2022-06-13,2022-06-13,1,0,2022:1
Tusse,1,2021-06-06,2021-06-06,1,0,2021:1
Tuuttimörkö,1,2017-06-11,2017-06-11,1,0,2017:1
Twain,1,2026-06-05,2026-06-05,1,0,2026:1
twen,1,2019-08-28,2019-08-28,1,0,2019:1
Twin Bandit,1,2020-12-30,2020-12-30,1,0,2020:1
Twin Films,1,2021-01-18,2021-01-18,1,0,2021:1
Twin XL,1,2019-09-04,2019-09-04,1,0,2019:1
Twinsello,1,2026-01-06,2026-01-06,1,0,2026:1
"Twista, Kanye West, Jamie Foxx",1,2025-11-17,2025-11-17,1,0,2025:1
Twisted Jukebox,1,2017-09-29,2017-09-29,1,0,2017:1
Two Gallants,1,2013-03-07,2013-03-07,1,0,2013:1
TWO LANES,1,2024-05-05,2024-05-05,1,0,2024:1
Two Lone Swordsmen,1,2026-06-03,2026-06-03,1,0,2026:1
Two Steps from Hell,1,2013-08-21,2013-08-21,1,0,2013:1
Two Tongues,1,2013-01-18,2013-01-18,1,0,2013:1
Two Worlds,1,2015-04-07,2015-04-07,1,0,2015:1
Two Year Vacation,1,2019-08-14,2019-08-14,1,0,2019:1
TWOPILOTS,1,2023-06-20,2023-06-20,1,0,2023:1
Twoset Violin,1,2021-11-12,2021-11-12,1,0,2021:1
TWR72,1,2017-05-16,2017-05-16,1,0,2017:1
Ty,1,2015-08-18,2015-08-18,1,0,2015:1
Ty Dolla $ign,1,2023-04-07,2023-04-07,1,0,2023:1
"Ty Dolla $ign, Colors",1,2025-10-31,2025-10-31,1,0,2025:1
"Tycho, Benjamin Gibbard, Brijean",1,2025-03-23,2025-03-23,1,0,2025:1
Tyga,1,2024-08-14,2024-08-14,1,0,2024:1
"Tyga, A Boogie Wit da Hoodie",1,2020-04-23,2020-04-23,1,0,2020:1
"Tyga, Doja Cat",1,2024-08-14,2024-08-14,1,0,2024:1
"Tyga, Sabrina Claudio",1,2024-07-16,2024-07-16,1,0,2024:1
Tyler Braden,1,2023-03-07,2023-03-07,1,0,2023:1
Tyler Cain,1,2019-05-07,2019-05-07,1,0,2019:1
Tyler Ramsey,1,2026-06-05,2026-06-05,1,0,2026:1
Tyler Shaw,1,2021-08-18,2021-08-18,1,0,2021:1
Tyler.l,1,2024-11-11,2024-11-11,1,0,2024:1
Typesun,1,2014-01-14,2014-01-14,1,0,2014:1
Typhoon,1,2015-08-19,2015-08-19,1,0,2015:1
Tyson,1,2025-05-28,2025-05-28,1,0,2025:1
"Tyson, Coby Sey",1,2025-01-13,2025-01-13,1,0,2025:1
U-Men,1,2026-05-04,2026-05-04,1,0,2026:1
U2 & Coco Freeman,1,2011-01-18,2011-01-18,1,0,2011:1
UB40 & Chrissie Hynde,1,2006-12-04,2006-12-04,1,0,2006:1
Ubiratan Marques,1,2024-07-13,2024-07-13,1,0,2024:1
Uche Yara,1,2024-01-14,2024-01-14,1,0,2024:1
Uffie,1,2026-08-21,2026-08-21,1,0,2026:1
ufo ufo,1,2019-09-04,2019-09-04,1,0,2019:1
Ug,1,2023-01-13,2023-01-13,1,0,2023:1
Ugly Duckling,1,2008-12-17,2008-12-17,1,0,2008:1
Ulriikka Heikinheimo,1,2022-04-23,2022-04-23,1,0,2022:1
Ultracity,1,2014-12-11,2014-12-11,1,0,2014:1
Ultramarine,1,2026-06-03,2026-06-03,1,0,2026:1
Umphrey's McGee,1,2012-05-11,2012-05-11,1,0,2012:1
umru,1,2026-02-14,2026-02-14,1,0,2026:1
Unc D,1,2022-09-26,2022-09-26,1,0,2022:1
Uncle Tupelo,1,2026-02-26,2026-02-26,1,0,2026:1
Underlay,1,2024-01-15,2024-01-15,1,0,2024:1
Unessential Oils,1,2024-04-18,2024-04-18,1,0,2024:1
Union Of Sound,1,2010-10-31,2010-10-31,1,0,2010:1
United Future Organization,1,2026-05-25,2026-05-25,1,0,2026:1
UNKLE,1,2026-05-25,2026-05-25,1,0,2026:1
Unresolved,1,2026-08-22,2026-08-22,1,0,2026:1
Unwork,1,2019-08-23,2019-08-23,1,0,2019:1
"Up, Bustle and Out",1,2013-03-20,2013-03-20,1,0,2013:1
Uppermost,1,2026-09-04,2026-09-04,1,0,2026:1
URL,1,2021-03-13,2021-03-13,1,0,2021:1
"Usky, Lord Esperanza",1,2025-09-08,2025-09-08,1,0,2025:1
Uwade,1,2022-04-22,2022-04-22,1,0,2022:1
Uzi Freyja,1,2025-07-24,2025-07-24,1,0,2025:1
V V Brown,1,2013-11-24,2013-11-24,1,0,2013:1
V-Sag feat. Athina Routsi,1,2013-01-23,2013-01-23,1,0,2013:1
V. Cartier,1,2022-02-15,2022-02-15,1,0,2022:1
V.C.R,1,2022-12-12,2022-12-12,1,0,2022:1
Vacation Manor,1,2023-07-24,2023-07-24,1,0,2023:1
Vacationer,1,2014-10-06,2014-10-06,1,0,2014:1
Vai Mahina,1,2017-11-27,2017-11-27,1,0,2017:1
"VAIN, Glayden, Niko Demus, MFM, inter alia",1,2024-07-11,2024-07-11,1,0,2024:1
Val Bennett,1,2022-10-21,2022-10-21,1,0,2022:1
Valencia Grace,1,2024-04-19,2024-04-19,1,0,2024:1
Van Dale,1,2019-08-28,2019-08-28,1,0,2019:1
Vanessa da Mata & Ben Harper,1,2009-08-11,2009-08-11,1,0,2009:1
Vania Borges,1,2010-04-05,2010-04-05,1,0,2010:1
Vania Borges feat. Quincy Jones,1,2010-04-05,2010-04-05,1,0,2010:1
Vanic,1,2017-08-08,2017-08-08,1,0,2017:1
Vanilla Potatoyes,1,2012-12-20,2012-12-20,1,0,2012:1
Vanille,1,2022-08-11,2022-08-11,1,0,2022:1
Varnish La Piscine,1,2026-02-03,2026-02-03,1,0,2026:1
Vashti Bunyan,1,2013-03-07,2013-03-07,1,0,2013:1
Vaults,1,2015-09-03,2015-09-03,1,0,2015:1
Vector Lovers,1,2010-10-22,2010-10-22,1,0,2010:1
Veeti Kallio,1,2021-08-08,2021-08-08,1,0,2021:1
Vegyn,1,2025-01-24,2025-01-24,1,0,2025:1
veljko jovic,1,2023-01-16,2023-01-16,1,0,2023:1
Velvet Crush,1,2009-06-14,2009-06-14,1,0,2009:1
Velvet Negroni,1,2019-09-09,2019-09-09,1,0,2019:1
venbee,1,2023-01-08,2023-01-08,1,0,2023:1
Venerus,1,2026-06-05,2026-06-05,1,0,2026:1
Verneri Pohjola,1,2013-04-30,2013-04-30,1,0,2013:1
"Vernis Rouge, Zaoui",1,2025-11-25,2025-11-25,1,0,2025:1
Veronica Fusaro,1,2026-04-16,2026-04-16,1,0,2026:1
Vesgol,1,2017-06-11,2017-06-11,1,0,2017:1
Vesterinen yhtyeineen,1,2021-01-30,2021-01-30,1,0,2021:1
VHINZ,1,2025-07-24,2025-07-24,1,0,2025:1
"VHINZ, Margot Ferro",1,2025-07-24,2025-07-24,1,0,2025:1
VI-EM,1,2017-09-20,2017-09-20,1,0,2017:1
"Vianney, Bigflo & Oli",1,2025-11-03,2025-11-03,1,0,2025:1
"Vianney, Renaud",1,2025-11-03,2025-11-03,1,0,2025:1
"Vianney, Rosa Linn",1,2025-11-25,2025-11-25,1,0,2025:1
Vibrasphere,1,2013-03-04,2013-03-04,1,0,2013:1
Vic Damone,1,2008-12-30,2008-12-30,1,0,2008:1
Vic Hamberlin,1,2018-03-19,2018-03-19,1,0,2018:1
Vic Mensa,1,2014-12-11,2014-12-11,1,0,2014:1
Victony,1,2024-04-11,2024-04-11,1,0,2024:1
Victor & Leo,1,2013-11-26,2013-11-26,1,0,2013:1
Victor Gutierrez,1,2013-11-17,2013-11-17,1,0,2013:1
VICTOR INTERNET,1,2020-10-14,2020-10-14,1,0,2020:1
Victoria Canal,1,2024-04-19,2024-04-19,1,0,2024:1
"Victoria Monét, Buju Banton",1,2024-07-19,2024-07-19,1,0,2024:1
"Victoria Monét, Lucky Daye",1,2024-07-19,2024-07-19,1,0,2024:1
"Victoria Nadine, Kygo",1,2025-05-21,2025-05-21,1,0,2025:1
"Victoria Victoria, Charlie Hunter",1,2024-07-13,2024-07-13,1,0,2024:1
Videoclub,1,2023-10-08,2023-10-08,1,0,2023:1
Vidstige,1,2024-11-10,2024-11-10,1,0,2024:1
"Viivi, Robin Packalen",1,2025-02-15,2025-02-15,1,0,2025:1
Vijay & Sofia Zlatko,1,2021-04-25,2021-04-25,1,0,2021:1
Vijay Iyer Trio,1,2017-09-12,2017-09-12,1,0,2017:1
"Vijay Iyer, Linda May Han Oh, Tyshawn Sorey",1,2026-01-20,2026-01-20,1,0,2026:1
Vikter Duplaix,1,2012-04-14,2012-04-14,1,0,2012:1
Viktoria Modesta,1,2026-02-14,2026-02-14,1,0,2026:1
Vilde Frang,1,2026-03-30,2026-03-30,1,0,2026:1
Viljami Kukkonen,1,2015-11-16,2015-11-16,1,0,2015:1
Villa Baggage,1,2017-06-12,2017-06-12,1,0,2017:1
Villa Black,1,2021-04-09,2021-04-09,1,0,2021:1
Villa Black Feat. Juanita Grande,1,2009-08-11,2009-08-11,1,0,2009:1
Villa Black ft. Juanita Grande,1,2013-01-18,2013-01-18,1,0,2013:1
Villablue,1,2013-01-20,2013-01-20,1,0,2013:1
Village People,1,2013-04-19,2013-04-19,1,0,2013:1
Villancicos Populares Vol.1 (Popular Songs),1,2012-12-23,2012-12-23,1,0,2012:1
Ville Valo,1,2008-12-29,2008-12-29,1,0,2008:1
Vilma Jää,1,2022-08-03,2022-08-03,1,0,2022:1
Vince,1,2024-08-14,2024-08-14,1,0,2024:1
"Vince Mendoza, Czech National Symphony Orchestra, Black Thought",1,2024-10-05,2024-10-05,1,0,2024:1
VIncent Appelby,1,2026-07-29,2026-07-29,1,0,2026:1
Vincent Darby,1,2024-04-18,2024-04-18,1,0,2024:1
Vincent Lima,1,2025-07-21,2025-07-21,1,0,2025:1
Vincent Steele,1,2021-12-13,2021-12-13,1,0,2021:1
Vincenzo,1,2010-09-28,2010-09-28,1,0,2010:1
"Vinicius Chagas, Michel Leme, Jackson Silva, Fernando Amaro",1,2024-07-13,2024-07-13,1,0,2024:1
Violet Grohl,1,2026-06-03,2026-06-03,1,0,2026:1
Violet Skies,1,2021-08-22,2021-08-22,1,0,2021:1
Vita Lioni,1,2020-11-19,2020-11-19,1,0,2020:1
Vital Information,1,2014-12-30,2014-12-30,1,0,2014:1
"Vitalic, Rebeka Warrior",1,2025-07-24,2025-07-24,1,0,2025:1
Vittrup,1,2014-12-11,2014-12-11,1,0,2014:1
Viuta,1,2025-09-14,2025-09-14,1,0,2025:1
Vivian Lacoste,1,2013-02-16,2013-02-16,1,0,2013:1
Vladislav Delay,1,2015-08-17,2015-08-17,1,0,2015:1
VNV Nation,1,2009-10-31,2009-10-31,1,0,2009:1
Voice of the Beehive,1,2010-10-31,2010-10-31,1,0,2010:1
"VOILÀ, Chrissy Costanza, Against the Current",1,2025-06-09,2025-06-09,1,0,2025:1
Volleyball,1,2022-10-06,2022-10-06,1,0,2022:1
Von,1,2022-02-15,2022-02-15,1,0,2022:1
Voxtrot,1,2024-01-02,2024-01-02,1,0,2024:1
Voyager,1,2024-02-19,2024-02-19,1,0,2024:1
"Voyou, November Ultra",1,2025-09-11,2025-09-11,1,0,2025:1
Vudu Sister,1,2015-03-23,2015-03-23,1,0,2015:1
Vulfmon,1,2022-08-12,2022-08-12,1,0,2022:1
vōx,1,2020-09-26,2020-09-26,1,0,2020:1
W&W,1,2017-02-15,2017-02-15,1,0,2017:1
Wabie,1,2020-12-19,2020-12-19,1,0,2020:1
Wadada Leo Smith,1,2017-09-18,2017-09-18,1,0,2017:1
Wade,1,2019-08-28,2019-08-28,1,0,2019:1
Waeys,1,2023-01-31,2023-01-31,1,0,2023:1
Waking Ashland,1,2013-01-18,2013-01-18,1,0,2013:1
Waldo,1,2018-01-04,2018-01-04,1,0,2018:1
Walkabout,1,2022-01-04,2022-01-04,1,0,2022:1
Walking On Cars,1,2015-08-25,2015-08-25,1,0,2015:1
Walter Ego,1,2014-12-11,2014-12-11,1,0,2014:1
Walter Jones,1,2010-08-05,2010-08-05,1,0,2010:1
Walter Martin,1,2020-09-29,2020-09-29,1,0,2020:1
Walter The Producer,1,2024-01-14,2024-01-14,1,0,2024:1
Waltteri Torikka,1,2020-12-24,2020-12-24,1,0,2020:1
Wandl,1,2022-06-12,2022-06-12,1,0,2022:1
Wanessa,1,2017-06-13,2017-06-13,1,0,2017:1
Warmduscher,1,2025-01-24,2025-01-24,1,0,2025:1
warner case,1,2021-06-23,2021-06-23,1,0,2021:1
Warren Clarke feat. Kathy Brown,1,2012-08-28,2012-08-28,1,0,2012:1
Warren Haynes,1,2012-05-11,2012-05-11,1,0,2012:1
Wasia Project,1,2025-08-18,2025-08-18,1,0,2025:1
Waterjuice,1,2013-07-14,2013-07-14,1,0,2013:1
WATERS,1,2015-07-08,2015-07-08,1,0,2015:1
Waterstrider,1,2019-09-17,2019-09-17,1,0,2019:1
Wavves,1,2019-05-21,2019-05-21,1,0,2019:1
"Wax Poetic, N'Dea Davenport",1,2007-09-15,2007-09-15,1,0,2007:1
Wayne Wade,1,2015-12-07,2015-12-07,1,0,2015:1
We Are Magnetic,1,2014-12-14,2014-12-14,1,0,2014:1
We Are Twin,1,2014-12-14,2014-12-14,1,0,2014:1
We Cut Corners,1,2014-10-06,2014-10-06,1,0,2014:1
We the Kings,1,2023-10-28,2023-10-28,1,0,2023:1
Weather Report,1,2014-12-30,2014-12-30,1,0,2014:1
Weathers,1,2023-05-12,2023-05-12,1,0,2023:1
Webster Lewis,1,2015-12-16,2015-12-16,1,0,2015:1
Weedpecker,1,2021-10-08,2021-10-08,1,0,2021:1
Weekend Affair,1,2025-09-08,2025-09-08,1,0,2025:1
"Weekend Affair, Yuksek",1,2025-07-24,2025-07-24,1,0,2025:1
Weeping Willows,1,2022-04-20,2022-04-20,1,0,2022:1
Weird Al Yankovic,1,2010-04-09,2010-04-09,1,0,2010:1
Weird Dreams,1,2013-04-25,2013-04-25,1,0,2013:1
Wejdene,1,2025-02-18,2025-02-18,1,0,2025:1
Wellboy,1,2022-04-22,2022-04-22,1,0,2022:1
Wema,1,2022-09-04,2022-09-04,1,0,2022:1
WENS,1,2020-11-02,2020-11-02,1,0,2020:1
Wes Patrick,1,2021-01-29,2021-01-29,1,0,2021:1
Western Standard Time,1,2017-02-17,2017-02-17,1,0,2017:1
"Westside Gunn, Doechii",1,2025-05-27,2025-05-27,1,0,2025:1
Weval,1,2024-07-04,2024-07-04,1,0,2024:1
What So Not,1,2017-11-27,2017-11-27,1,0,2017:1
WHENISEEYOUISEEMYSELF,1,2017-11-28,2017-11-28,1,0,2017:1
White China,1,2023-06-11,2023-06-11,1,0,2023:1
"White Denim, Tameca Jones, Jessie Payo",1,2025-01-22,2025-01-22,1,0,2025:1
White Town,1,2015-04-10,2015-04-10,1,0,2015:1
whiterosemoxie,1,2020-10-09,2020-10-09,1,0,2020:1
WhoMadeWho,1,2024-03-11,2024-03-11,1,0,2024:1
"Why, the Moon",1,2021-01-29,2021-01-29,1,0,2021:1
Why-Axis,1,2021-02-05,2021-02-05,1,0,2021:1
Whyandotte,1,2019-09-03,2019-09-03,1,0,2019:1
Whyte Horses,1,2019-09-17,2019-09-17,1,0,2019:1
Wic Whitney,1,2024-07-13,2024-07-13,1,0,2024:1
Wicca Phase Springs Eternal,1,2023-06-07,2023-06-07,1,0,2023:1
Wicked Movie Cast,1,2026-01-30,2026-01-30,1,0,2026:1
Wicketkeeper,1,2019-08-28,2019-08-28,1,0,2019:1
Widespread Panic,1,2012-05-11,2012-05-11,1,0,2012:1
Wiki,1,2026-04-08,2026-04-08,1,0,2026:1
WiL,1,2021-01-30,2021-01-30,1,0,2021:1
Wild Beasts,1,2017-10-21,2017-10-21,1,0,2017:1
Wild Party,1,2015-08-03,2015-08-03,1,0,2015:1
Wild Pink,1,2025-04-28,2025-04-28,1,0,2025:1
"Wild Pink, Julien Baker",1,2024-09-30,2024-09-30,1,0,2024:1
Wild Rivers,1,2021-01-30,2021-01-30,1,0,2021:1
Wilder Woods,1,2022-02-19,2022-02-19,1,0,2022:1
Wildermiss,1,2023-01-16,2023-01-16,1,0,2023:1
Wildlife,1,2019-06-13,2019-06-13,1,0,2019:1
Wilhelm Tell Me,1,2015-08-24,2015-08-24,1,0,2015:1
Will Butler + Sister Squares,1,2023-08-30,2023-08-30,1,0,2023:1
"Will Hill, Pote Baby",1,2025-12-01,2025-12-01,1,0,2025:1
"will.i.am, Taboo",1,2025-07-18,2025-07-18,1,0,2025:1
Willi Smith,1,2013-03-07,2013-03-07,1,0,2013:1
William,1,2021-01-30,2021-01-30,1,0,2021:1
William Arcane,1,2015-04-20,2015-04-20,1,0,2015:1
William Papillon,1,2022-10-22,2022-10-22,1,0,2022:1
William Ryan Fritch,1,2018-01-05,2018-01-05,1,0,2018:1
Willie J Healey,1,2023-01-09,2023-01-09,1,0,2023:1
Willie Jones,1,2026-08-07,2026-08-07,1,0,2026:1
"Willie Nelson, Snoop Dogg, Kris Kristofferson, Jamey Johnson",1,2025-07-14,2025-07-14,1,0,2025:1
Wilmoth Houdini,1,2020-12-14,2020-12-14,1,0,2020:1
Wilsen,1,2015-11-25,2015-11-25,1,0,2015:1
Winhill/Losehill,1,2014-06-03,2014-06-03,1,0,2014:1
Winifred Phillips,1,2017-09-29,2017-09-29,1,0,2017:1
Winston Reedy,1,2013-02-16,2013-02-16,1,0,2013:1
Winter People,1,2015-03-23,2015-03-23,1,0,2015:1
Winterbourne,1,2024-01-14,2024-01-14,1,0,2024:1
Wintersleep,1,2013-01-16,2013-01-16,1,0,2013:1
Wire,1,2026-07-16,2026-07-16,1,0,2026:1
Wisin,1,2017-09-20,2017-09-20,1,0,2017:1
Wisin & Yandel,1,2015-08-27,2015-08-27,1,0,2015:1
with Mitchell Ayres & His Orchestra & The Fontane Sisters,1,2012-12-23,2012-12-23,1,0,2012:1
Within Temptation,1,2012-07-27,2012-07-27,1,0,2012:1
Within Temptation Featuring Keith Caputo,1,2010-08-18,2010-08-18,1,0,2010:1
Wives,1,2019-08-28,2019-08-28,1,0,2019:1
"Wiz Khalifa, Charlie Puth",1,2025-07-09,2025-07-09,1,0,2025:1
"Wiz Khalifa, Don Toliver",1,2024-11-03,2024-11-03,1,0,2024:1
WizTheMc,1,2020-10-03,2020-10-03,1,0,2020:1
"WizTheMc, bees & honey",1,2025-07-22,2025-07-22,1,0,2025:1
Wizzard,1,2022-12-24,2022-12-24,1,0,2022:1
"Wohdee, Raybekah",1,2025-09-14,2025-09-14,1,0,2025:1
Wojahn Bros,1,2021-09-11,2021-09-11,1,0,2021:1
wolfacejoeyy,1,2021-09-25,2021-09-25,1,0,2021:1
Wolfe Tones,1,2008-02-28,2008-02-28,1,0,2008:1
"Wolfgang Haffner, Till Brönner",1,2025-09-11,2025-09-11,1,0,2025:1
Wolfjay,1,2019-08-28,2019-08-28,1,0,2019:1
Woman's Hour,1,2019-05-13,2019-05-13,1,0,2019:1
wonder city orchestra,1,2022-04-16,2022-04-16,1,0,2022:1
Wonky Logic,1,2022-09-22,2022-09-22,1,0,2022:1
Woodenbox,1,2013-01-16,2013-01-16,1,0,2013:1
World Wide Web,1,2021-07-31,2021-07-31,1,0,2021:1
Wormy,1,2021-05-05,2021-05-05,1,0,2021:1
Woz,1,2023-01-31,2023-01-31,1,0,2023:1
Wretch 32,1,2021-12-01,2021-12-01,1,0,2021:1
wrongnumber,1,2024-11-11,2024-11-11,1,0,2024:1
WTF!,1,2012-07-13,2012-07-13,1,0,2012:1
Wu-Lu,1,2026-08-19,2026-08-19,1,0,2026:1
"Wu-Lu, Binisa Bonner",1,2025-04-08,2025-04-08,1,0,2025:1
Wyatt Marshall,1,2019-08-28,2019-08-28,1,0,2019:1
"Wyclef Jean, Ausar",1,2020-03-15,2020-03-15,1,0,2020:1
"Wyclef Jean, Avicii",1,2025-05-30,2025-05-30,1,0,2025:1
"Wyclef Jean, Cryptic",1,2020-03-15,2020-03-15,1,0,2020:1
"Wyclef Jean, Emeli Sandé",1,2020-03-15,2020-03-15,1,0,2020:1
"Wyclef Jean, Eric Nimmer, D.L. Hughley",1,2020-03-15,2020-03-15,1,0,2020:1
"Wyclef Jean, Hannah Eggen, Izolan",1,2020-03-15,2020-03-15,1,0,2020:1
"Wyclef Jean, Jazzy Amra, H1DaHook, Marx Solvila",1,2020-03-15,2020-03-15,1,0,2020:1
"Wyclef Jean, Kofi Black",1,2020-03-15,2020-03-15,1,0,2020:1
"Wyclef Jean, Lunch Money Lewis, The Knocks",1,2020-03-15,2020-03-15,1,0,2020:1
"Wyclef Jean, Marx Solvila, J'Mika, Leon Lacey",1,2020-03-15,2020-03-15,1,0,2020:1
"Wyclef Jean, Phern, Freaky Pat",1,2020-03-15,2020-03-15,1,0,2020:1
"Wyclef Jean, Riley",1,2020-03-15,2020-03-15,1,0,2020:1
"Wyclef Jean, Riley, Samantha Uzbay",1,2020-03-15,2020-03-15,1,0,2020:1
"Wyclef Jean, Stix",1,2020-03-15,2020-03-15,1,0,2020:1
"Wyclef Jean, T-BABY",1,2020-03-15,2020-03-15,1,0,2020:1
"Wyclef Jean, Wavie D",1,2020-03-15,2020-03-15,1,0,2020:1
Wyldest,1,2019-11-26,2019-11-26,1,0,2019:1
X-Fusion,1,2009-10-31,2009-10-31,1,0,2009:1
X-Perience,1,2012-05-23,2012-05-23,1,0,2012:1
Xandy,1,2020-12-07,2020-12-07,1,0,2020:1
Xavier Rudd,1,2014-10-08,2014-10-08,1,0,2014:1
Xelli Island,1,2021-04-27,2021-04-27,1,0,2021:1
XL5,1,2022-08-13,2022-08-13,1,0,2022:1
XO-IQ,1,2026-02-14,2026-02-14,1,0,2026:1
XTC,1,2009-06-14,2009-06-14,1,0,2009:1
XXYYXX,1,2015-12-02,2015-12-02,1,0,2015:1
Xzibit,1,2013-03-16,2013-03-16,1,0,2013:1
Y U QT,1,2021-09-25,2021-09-25,1,0,2021:1
Ya Tseen,1,2021-02-18,2021-02-18,1,0,2021:1
Yaeger,1,2024-03-11,2024-03-11,1,0,2024:1
"Yaeji, E Wata",1,2025-05-28,2025-05-28,1,0,2025:1
Yagya,1,2013-02-16,2013-02-16,1,0,2013:1
yahyel,1,2017-06-29,2017-06-29,1,0,2017:1
Yakine,1,2012-05-31,2012-05-31,1,0,2012:1
Yam Yam,1,2019-06-17,2019-06-17,1,0,2019:1
Yamaan,1,2013-06-01,2013-06-01,1,0,2013:1
Yapa,1,2013-06-29,2013-06-29,1,0,2013:1
Yas VW,1,2020-11-19,2020-11-19,1,0,2020:1
Yasmine Yamajako,1,2024-03-20,2024-03-20,1,0,2024:1
YAY BLYNN,1,2017-10-17,2017-10-17,1,0,2017:1
"Yaya Bey, Father Philis",1,2026-01-20,2026-01-20,1,0,2026:1
"Yaya Bey, Nigel Hall, Butcher Brown",1,2026-01-20,2026-01-20,1,0,2026:1
"Yaya, Lorenzo Chiabotti",1,2025-05-14,2025-05-14,1,0,2025:1
Ybt3fly,1,2021-01-29,2021-01-29,1,0,2021:1
"Ycare, Tiken Jah Fakoly",1,2025-02-13,2025-02-13,1,0,2025:1
Yelena Eckemoff,1,2019-08-30,2019-08-30,1,0,2019:1
Yello,1,2026-08-03,2026-08-03,1,0,2026:1
"Yellowcard, Alkaline Trio",1,2026-01-19,2026-01-19,1,0,2026:1
"Yellowcard, Avril Lavigne",1,2026-01-19,2026-01-19,1,0,2026:1
Yes,1,2026-02-20,2026-02-20,1,0,2026:1
YG Pablo,1,2026-07-06,2026-07-06,1,0,2026:1
"YG, Shoreline Mafia",1,2025-05-30,2025-05-30,1,0,2025:1
"YGT, 42, YAYA, Dietrich",1,2025-07-28,2025-07-28,1,0,2025:1
Ying Yang Twins,1,2012-10-07,2012-10-07,1,0,2012:1
Yiruma,1,2013-08-21,2013-08-21,1,0,2013:1
Yisrael Trio,1,2017-09-01,2017-09-01,1,0,2017:1
YKARE,1,2024-05-12,2024-05-12,1,0,2024:1
YL Male Voice Choir,1,2021-12-24,2021-12-24,1,0,2021:1
Yodelice,1,2012-07-20,2012-07-20,1,0,2012:1
"YoDogg, Cardo Got Wings",1,2025-12-31,2025-12-31,1,0,2025:1
Yolanda Be Cool,1,2022-09-06,2022-09-06,1,0,2022:1
Yona,1,2015-08-13,2015-08-13,1,0,2015:1
Yookie,1,2025-01-02,2025-01-02,1,0,2025:1
"Yoshi T., WHATMORE",1,2025-12-01,2025-12-01,1,0,2025:1
YoSoyMatt,1,2022-12-29,2022-12-29,1,0,2022:1
You Love Her,1,2022-09-26,2022-09-26,1,0,2022:1
You Me at Six,1,2023-01-19,2023-01-19,1,0,2023:1
Youha,1,2024-08-14,2024-08-14,1,0,2024:1
Youka,1,2025-12-30,2025-12-30,1,0,2025:1
Youlu,1,2018-03-19,2018-03-19,1,0,2018:1
Young Cardi,1,2023-01-16,2023-01-16,1,0,2023:1
"Young Chris, Wale, Guapdad 4000",1,2020-03-23,2020-03-23,1,0,2020:1
Young Community,1,2023-06-20,2023-06-20,1,0,2023:1
Young Dolph,1,2023-08-21,2023-08-21,1,0,2023:1
Young Franco,1,2017-07-06,2017-07-06,1,0,2017:1
Young Guns,1,2007-03-20,2007-03-20,1,0,2007:1
Young in a Million,1,2021-12-27,2021-12-27,1,0,2021:1
Young Knives,1,2023-06-12,2023-06-12,1,0,2023:1
Young Money,1,2010-05-31,2010-05-31,1,0,2010:1
"Young Nudy, 21 Savage, Project Pat, Coupe",1,2025-10-15,2025-10-15,1,0,2025:1
Young Prisms,1,2026-03-02,2026-03-02,1,0,2026:1
Young Stoner Life,1,2021-01-04,2021-01-04,1,0,2021:1
Young Wonder,1,2014-11-30,2014-11-30,1,0,2014:1
Your Neighbors,1,2022-03-26,2022-03-26,1,0,2022:1
Ysabelle Cuevas,1,2020-12-30,2020-12-30,1,0,2020:1
Yseult,1,2025-11-03,2025-11-03,1,0,2025:1
Yu Su,1,2019-08-28,2019-08-28,1,0,2019:1
Yuksek,1,2012-07-20,2012-07-20,1,0,2012:1
Yuliet Topaz,1,2013-01-20,2013-01-20,1,0,2013:1
YULT,1,2015-08-18,2015-08-18,1,0,2015:1
Yung Alpha,1,2021-11-29,2021-11-29,1,0,2021:1
"Yung Bae, bbno$, Billy Marchiafava",1,2020-04-07,2020-04-07,1,0,2020:1
Yung Brae,1,2023-01-27,2023-01-27,1,0,2023:1
Yung filly,1,2024-04-11,2024-04-11,1,0,2024:1
Yung Lean,1,2024-06-17,2024-06-17,1,0,2024:1
Yuu Udagawa,1,2026-03-13,2026-03-13,1,0,2026:1
Yvar,1,2022-07-14,2022-07-14,1,0,2022:1
"Yves Tumor, Nina",1,2025-09-04,2025-09-04,1,0,2025:1
Yvonne Fair,1,2015-07-08,2015-07-08,1,0,2015:1
Yy,1,2019-08-23,2019-08-23,1,0,2019:1
Yön Polte,1,2012-05-11,2012-05-11,1,0,2012:1
"Zac Brown Band, Snoop Dogg",1,2025-07-18,2025-07-18,1,0,2025:1
"Zach Bryan, Bruce Springsteen, Kings Of Leon",1,2025-11-10,2025-11-10,1,0,2025:1
"Zach Bryan, Gabriella Rose",1,2025-11-12,2025-11-12,1,0,2025:1
"Zach Bryan, Kings of Leon",1,2025-11-10,2025-11-10,1,0,2025:1
Zach Romeo,1,2025-12-30,2025-12-30,1,0,2025:1
Zachary Knowles,1,2021-03-04,2021-03-04,1,0,2021:1
"ZaeHD, CEO",1,2020-04-07,2020-04-07,1,0,2020:1
Zaharamusic,1,2013-01-20,2013-01-20,1,0,2013:1
Zaia,1,2019-09-27,2019-09-27,1,0,2019:1
Zaide,1,2021-01-18,2021-01-18,1,0,2021:1
Zamdane,1,2025-09-08,2025-09-08,1,0,2025:1
Zandi Holup,1,2025-06-03,2025-06-03,1,0,2025:1
Zaniah,1,2020-11-19,2020-11-19,1,0,2020:1
Zaoui,1,2025-03-16,2025-03-16,1,0,2025:1
Zartmann,1,2025-05-21,2025-05-21,1,0,2025:1
ZAYLAND,1,2022-06-08,2022-06-08,1,0,2022:1
Zbigniew Preisner,1,2016-02-04,2016-02-04,1,0,2016:1
Zeal & Ardor,1,2024-07-09,2024-07-09,1,0,2024:1
"Zeca Pagodinho, Seu Jorge",1,2024-06-25,2024-06-25,1,0,2024:1
"Zeca Veloso, Caetano Veloso, Moreno Veloso, Tom Veloso",1,2024-07-14,2024-07-14,1,0,2024:1
"Zedd, Bea Miller",1,2025-01-17,2025-01-17,1,0,2025:1
"ZEDD, ELLIS, Bea Miller",1,2025-01-17,2025-01-17,1,0,2025:1
Zeebee,1,2021-12-11,2021-12-11,1,0,2021:1
ZEMBU,1,2021-02-05,2021-02-05,1,0,2021:1
Zen Fuller,1,2025-10-13,2025-10-13,1,0,2025:1
Zepala,1,2025-11-05,2025-11-05,1,0,2025:1
"Zerb, The Chainsmokers, Ink",1,2024-08-02,2024-08-02,1,0,2024:1
Zevoropa,1,2026-08-28,2026-08-28,1,0,2026:1
Zevute,1,2026-08-28,2026-08-28,1,0,2026:1
ZHU,1,2014-12-11,2014-12-11,1,0,2014:1
Zillionaire Doe,1,2025-09-14,2025-09-14,1,0,2025:1
Zim Ngqawana,1,2017-04-07,2017-04-07,1,0,2017:1
Zinadelphia,1,2023-06-11,2023-06-11,1,0,2023:1
Zinner,1,2017-04-13,2017-04-13,1,0,2017:1
Zion,1,2010-04-07,2010-04-07,1,0,2010:1
Zion I feat. Goapele,1,2010-05-07,2010-05-07,1,0,2010:1
Zips,1,2025-04-10,2025-04-10,1,0,2025:1
Ziur,1,2021-01-29,2021-01-29,1,0,2021:1
"Ziv Zaifman, Hugh Jackman, Michelle Williams",1,2024-10-04,2024-10-04,1,0,2024:1
Zoe Osama,1,2023-02-04,2023-02-04,1,0,2023:1
Zomboy,1,2017-09-18,2017-09-18,1,0,2017:1
Zonoma,1,2017-12-04,2017-12-04,1,0,2017:1
Zooey Deschanel,1,2026-04-21,2026-04-21,1,0,2026:1
Zoon,1,2025-11-05,2025-11-05,1,0,2025:1
Zucchero & Paul Young,1,2006-03-02,2006-03-02,1,0,2006:1
Zucchero ft. Dolores O'Riordan,1,2007-01-01,2007-01-01,1,0,2007:1
Zwanie Jonson,1,2010-10-04,2010-10-04,1,0,2010:1
Zé Simples,1,2025-12-30,2025-12-30,1,0,2025:1
||||||,1,2021-05-27,2021-05-27,1,0,2021:1
ÁEDÁN,1,2026-09-04,2026-09-04,1,0,2026:1
"Ärsenik, Doc Gynéco",1,2025-09-22,2025-09-22,1,0,2025:1
Élodie Frégé,1,2025-12-02,2025-12-02,1,0,2025:1
Éric Charland,1,2026-07-29,2026-07-29,1,0,2026:1
Étienne Fletcher,1,2026-07-29,2026-07-29,1,0,2026:1
Ódú,1,2021-09-25,2021-09-25,1,0,2021:1
"Ólafur Arnalds, Bonobo",1,2025-07-25,2025-07-25,1,0,2025:1
"Ólafur Arnalds, Talos, Niamh Regan, Ye Vagabonds",1,2025-02-23,2025-02-23,1,0,2025:1
Öken,1,2021-10-08,2021-10-08,1,0,2021:1
ÖVERI,1,2024-06-21,2024-06-21,1,0,2024:1
"Öwnboss, NXNJAS, Chamillionaire",1,2024-08-07,2024-08-07,1,0,2024:1
Ørdop Wolkenscheidt,1,2023-10-23,2023-10-23,1,0,2023:1
Акага,1,2012-05-13,2012-05-13,1,0,2012:1
Андреа,1,2012-05-13,2012-05-13,1,0,2012:1
Димна Суміш,1,2012-05-13,2012-05-13,1,0,2012:1
Йовин,1,2012-05-13,2012-05-13,1,0,2012:1
Медовий Полин,1,2022-05-27,2022-05-27,1,0,2022:1
Нэнси,1,2024-06-25,2024-06-25,1,0,2024:1
Пропаганда,1,2024-06-25,2024-06-25,1,0,2024:1
Ревю,1,2012-05-13,2012-05-13,1,0,2012:1
Фактично Самі,1,2012-05-13,2012-05-13,1,0,2012:1
Харизма,1,2012-05-13,2012-05-13,1,0,2012:1
хейтспіч,1,2022-05-27,2022-05-27,1,0,2022:1
Чичерина,1,2012-05-13,2012-05-13,1,0,2012:1
Эпидемия,1,2012-05-13,2012-05-13,1,0,2012:1
つじあやの,1,2022-04-14,2022-04-14,1,0,2022:1
吉俣良,1,2013-08-20,2013-08-20,1,0,2013:1
呼煙魔,1,2019-08-23,2019-08-23,1,0,2019:1
坂本龍一,1,2017-11-28,2017-11-28,1,0,2017:1
天門,1,2013-08-21,2013-08-21,1,0,2013:1
小野リサ,1,2010-09-10,2010-09-10,1,0,2010:1
少年ナイフ,1,2026-07-16,2026-07-16,1,0,2026:1
東京事変,1,2017-10-17,2017-10-17,1,0,2017:1
梅林茂,1,2013-08-21,2013-08-21,1,0,2013:1
罗凯元,1,2024-02-21,2024-02-21,1,0,2024:1
美吉田月,1,2023-04-07,2023-04-07,1,0,2023:1
藤澤慶昌,1,2022-04-17,2022-04-17,1,0,2022:1
鄭伊健,1,2024-09-02,2024-09-02,1,0,2024:1
鷺巣詩郎,1,2015-11-30,2015-11-30,1,0,2015:1
